id,question,answer,score
2490c0e2-5e57-46de-a276-0163f4b35337,"A female child with virilization, hypertension with low plasma renin diagnosis is :","The diagnosis could be Congenital Adrenal Hyperplasia (CAH), possibly the 11-beta hydroxylase or 17-alpha hydroxylase deficiency subtype. Always consult a healthcare professional.",0.6
012fcc39-b037-46f3-8a0e-1dfe556a6165,A six year old male baby presents to a hospital with recurrent gross hematuria for 2 years. There is no h/o burning micturition or pyuria. Urine routine examination demonstrated no pus cells and urine culture was sterile. Serum C3 levels were normal. What is the most probable diagnosis-,"The most probable diagnosis could be familial benign hematuria or thin basement membrane nephropathy, given the long term, recurrent hematuria without infection signs or complement abnormalities. However, confirmatory diagnosis must be made by a doctor.",0.5
805f167d-13ad-4949-9267-1ebce3a48a9f,A 26 years old G2P1L1 at 10 weeks complains of pain abdomen and bleeding per vaginum. On examination products of conception are seen paially extruding through the cervix. What is your diagnosis?,The diagnosis is a threatened or inevitable miscarriage. The patient is exhibiting signs of early pregnancy loss.,0.5
2c676972-bd4f-4a3c-b082-2af34b86c74c,"A 30 year old female patient complains of painless hard anterior neck mass. FNAC was inconclusive. Open thyroid biopsy was performed which revealed the  ﬁbrous nature of the mass, woody, non tender thyroid, mimicking carcinoma is  observed.  The diagnosis points towards",The diagnosis points towards Riedel's thyroiditis.,1
6ced785b-413c-4df8-8ce8-aa579c6d9521,What is the treatment of threshold ROP?,Threshold retinopathy of prematurity (ROP) is typically treated with laser therapy or cryotherapy to prevent progression of the disease and potential blindness.,1
94a3ee08-9f21-42c0-81ce-6168af594e82,"A 47-year-old woman is admitted to the hospital with signs of cavernous sinus thrombosis. Radiographic examination reveals a pituitary tumor involving the cavernous sinus, confirming the initial diagnosis. During physical examination it is suspected that the right abducens nerve of the patient has been damaged by the tumor. In which direction will the physician most likely ask the patient to turn her right eye to confirm the abducens nerve damage, assuming she is unable to perform this task?","The physician will most likely ask the patient to turn her right eye laterally (to the right), as the abducens nerve (cranial nerve VI) is responsible for lateral movement of the eye.",1
56bd9fb1-3392-4ec9-839c-0c1263e9aa88,"A patient repoed with a history of fall on an outstretched hand, complains of pain in the anatomical snuffbox and clinically no deformities visible. The diagnosis is:","The patient may have a scaphoid fracture. While there are no visible deformities, pain in the anatomical snuffbox could indicate this type of injury.",1
eeebfc32-6319-4485-9c8a-fe4c50d02283,"A young patient presented with sudden painless loss of vision with systolic murmur over chest, ocular examination reveals - cherry red spot in macula with clear AC, with perception of light, diagnosis:",The diagnosis could be Central Retinal Artery Occlusion (CRAO). The systolic murmur might suggest a cardiac source of emboli. Please consult a medical professional for an accurate diagnosis.,1
7333d4bc-9de9-4a9d-84d9-c1ee69b5e2b8,"Eleven years after undergoing right modified radical mastectomy, a 61-year-old woman develops raised red and purple nodules over the right arm. What is the most likely diagnosis?",The most likely diagnosis for this 61-year-old woman is cutaneous metastasis of breast cancer.,0
b1633061-085e-49ae-9488-12e39b81c05b,"40 year old male with sputum AFB +ve,complains of Hoarseness of voice and painful swallowing on examination vocal cord shows mamillated adenoids and hyperaemia the most likely diagnosis is",The most likely diagnosis is laryngeal tuberculosis.,0.9
0658ba44-7b65-4e71-b439-95653608ddd2,What is the probable diagnosis in a patient with a dilated pupil not responsive to 1% pilocarpine,The probable diagnosis for a patient with a dilated pupil not responsive to 1% pilocarpine is Adie's tonic pupil or pharmacologically dilated pupil (as from drugs like atropine or scopolamine).,0.5
4fd5e89b-9ec7-4917-9c75-e46af0336940,An 18 yr old male presents with massive hematemesis; he has history of fever for the past 14 days for which he was managed with drugs; moderate splenomegaly is present; diagnosis is:,The symptoms suggest a diagnosis of Infectious Mononucleosis. Further tests would be needed to confirm.,0
1ef63795-7bef-4c88-8824-9d6ea36b147c,"A patient developed breathlessness and chest pain, on second postoperative day after a total hip replacement. Echo-cardiography showed right ventricular dilatation and tricuspid regurgitation. What is the most likely diagnosis?","The patient is likely experiencing a Pulmonary Embolism, as indicated by the symptoms of breathlessness, chest pain, and findings of right ventricular dilatation and tricuspid regurgitation.",1
a29bb139-1b53-463c-b01d-8c6404f7f06d,"30 year old patient with pain in right hypochondrium for 5 days with soft and tender liver and intercostal tenderness. He complains of catch in breath on inspiration and has a non productive cough. On examination the lung fields are clear, patient looks pale and emaciated. Probable diagnosis is","This patient may have pleurisy caused by an underlying issue with the liver, potentially hepatic disease or hepatitis. Please advise this patient to consult a doctor for further examination and testing.",0.5
adbbdcc1-24c8-4e6c-9f6f-00a7c65a9ca7,A patients complains of occasional vomiting of food paicles eaten a few days ago. His wife repos that his breath smells foul. The most likely diagnosis is ?,"The most likely diagnosis is gastroesophageal reflux disease (GERD) or a possible gastric outlet obstruction. However, further medical examination is necessary to confirm.
",0.5
dbdd7db5-6c9e-4978-8de8-2fc2b07fcbd7,"A young girl presents with primary amenorrhoea, grade V thelarche, grade II pubarche and no axillary hair. The most probable diagnosis is","The most probable diagnosis for this girl could be Turner syndrome, a condition that affects only females, resulted from a missing or incomplete sex chromosome.",0
080139cb-a495-44a8-908e-26689b910af6,"After a leisure trip, a patient comes with gritty pain in eye, and joint pain following an episode of urinary infection. What is the most probable diagnosis?","The most probable diagnosis is Reactive Arthritis, also known as Reiter's syndrome.",1
2a8e61f3-085c-4603-b331-de0078d6e5f9,"A 12-year-old boy had a gradually progressive plaque on a buttock for the last 3 years. The plaque was 15 cm in diameter, annular in shape, with crusting and induration at the periphery and scarring at the centre. The most likely diagnosis –","The most likely diagnosis could be Chronic Granuloma Annulare. However, it also suggests Tinea Corporis or fungal infection, but it needs a proper medical consultation and examination.",0.3
912a667d-7314-4e2a-8c61-254829eae221,What is the most probable diagnosis for on the x-ray of a 20 year old female who came with knee swelling,"Without specific details from the X-ray, it's difficult to give a diagnosis. However, common conditions in young adults could include patellar tendonitis, meniscal injuries, or early signs of arthritis.",0.5
de231299-c4b5-4980-88ca-3dd828085789,A patient with primary Sjogren syndrome treated with tear replacement for symptomatic relief notes continued parotid swelling for the last 3 months. She also has enlarged posterior cervical lymph nodes. Evaluation shows leukopenia and low C4 complement levels. What is the most likely diagnosis?,"The most likely diagnosis is lymphoma, which is a known complication of Sjogren syndrome. The presence of persistent salivary gland swelling, lymphadenopathy, leukopenia, and hypocomplementemia are concerning for this complication.",1
eb216a2d-ec98-4e03-8ac8-de3c93bc6d1b,A 66 year old female is posted for subtotal gastrectomy for adenocarcinoma. The important procedure related complication:,"The important procedure-related complication for subtotal gastrectomy for adenocarcinoma can be surgical site infections, anastomotic leak, hemorrhage, gastric dumping syndrome or nutritional deficiencies due to malabsorption.",0.5
9638270b-74f0-400b-b3e8-dcc8612cf736,"A 2 day old newborn baby presented with microcephaly, macroglossia, visceromegaly and a blood glucose level of 20 mg/dl. What is the most likely diagnosis","The most likely diagnosis for this newborn could be Beckwith-Wiedemann Syndrome, however, consultation with a pediatrician is necessary for a proper diagnosis.",0.9
d8c67c14-63a4-4fb2-b360-b301b0e803ab,"Recurrent aboion occurs in a woman, USG abdomen shows a non-echoic region in the central pa of the uterus. What is the probable diagnosis","The probable diagnosis could be Asherman's syndrome, which is characterized by intrauterine adhesions or fibrosis, typically presenting as a non-echoic region in ultrasound imaging. However, a definitive diagnosis would require further investigations.",0.5
c79ceb7e-0bc4-465d-99d4-dec847224acb,"A 22 year old woman developed small itchy wheals after physical exeion, walking in the sun, eating hot spicy food and when she was angry. The most likely diagnosis is:","The most likely diagnosis is chronic idiopathic urticaria, which is a type of hives triggered by various factors including heat, stress, and spicy foods.",0.5
fbe5853c-1451-4c8b-a6ab-f5b573f17e50,"A 35 yr old male female singer presents with complains of hoarseness, vocal fatigue & pain in neck on prolonged phonation. Direct laryngoscopy shows bilateral pin head size swelling on Ant.1/3 & post 2/3 junction of vocal cord. What could be the probable diagnosis ?","The probable diagnosis could be vocal nodules or ""singer's nodes,"" which are benign lesions on the vocal cords often caused by vocal strain or overuse.",1
fb7347a0-1f01-462e-965d-5d8cb34eafed,"A 42 yearold female has palpable purpura with rash over buttocks, pain in abdomen, and ahropathy diagnosis is -","The symptoms suggest Henoch-Schonlein Purpura (HSP), an inflammation of the small blood vessels.",1
b8364251-5fbb-46d0-85ee-9c0a869f2e54,"A 8.5-year-old child with missing 11 reported to your clinic. 21 erupted at 6.5 years of age. The child had trauma to 21, 4 months back and got it endodontically treated for that. What is your further treatment about missing teeth?","The further treatment plan would likely include monitoring the dental growth and development of the child, considering orthodontic intervention to manage space for future eruption of adult teeth, and possibly use of a space maintainer due to the missing tooth (11). Always consult with a dental professional for the best course of action.",0.5
60566198-b289-4c99-a6e8-e44d12f1512b,"A 3-year-old girl has normal developmental milestones except the delay in speech. She has difficulty in concentration, communication and relating to others and does not make friends but plays with herself. Likely diagnosis is","The likely diagnosis is Autism Spectrum Disorder (ASD), specifically high-functioning autism or Asperger's Syndrome.",0.9
c3dd9e0b-0333-4c4a-b8af-b9b462ad44ca,Diagnostic procedure for basal cell Ca -,"The diagnostic procedure for Basal Cell Carcinoma (BCC) typically involves a dermatologic examination, followed by a skin biopsy where a small sample of the suspicious skin is removed and examined under a microscope.",0.5
0616c548-a40e-4ad3-952d-a1f3a9d67ecf,"A patient presented in casualty with a history of sudden onset palpitation, sensation of impending doom and constriction in his chest. This lasted for about 10-15 minutes after which he became all right. What is the MOST likely diagnosis?",The patient most likely experienced a panic attack.,1
20d211b9-a4b1-4b39-8fc4-163bb59cccd6,An 18-year-old presents with a well- circumscribed 2 cm mass in her right breast. The mass is painless and has a rubbery consistency and discrete borders. It appears to move freely through the breast tissue. What is the likeliest diagnosis?,"The likeliest diagnosis is a fibroadenoma, a common benign breast condition in young women.",1
9c545cc6-5217-4737-a1c9-c6e31942ca2b,A child comes with cyanotic spells and chest X-ray was as shown below; What is the most probable diagnosis?,"As an AI, I can't physically see or examine images. Please describe the key features observed in the X-ray for an accurate assessment.",0.5
5c5ad07d-9c1c-4f0b-b60a-967182ae19a4,"A patient presented with abdominal pain, jaundice and melena. The diagnosis is","The symptoms suggest a potential liver or digestive system disorder, possibly liver disease or peptic ulcer disease. Please consult a healthcare professional for a final diagnosis.",0.5
ab508393-9d3a-442e-970c-c11dc84088ec,A 85 yr old female developed multiple blisters on trunk and thighs. Nikolsky&;s sign is negative. The lesions came on and off. The most probable diagnosis is,"The most probable diagnosis could be Bullous Pemphigoid, a skin disease common in older adults and characterized by recurrent blisters. 
",1
1f44c028-cadc-44ce-a4d2-a0bbedf914fa,A Hand radiograph of a child given suggests the diagnosis of?,"As an AI, I need specific details about observations from the radiograph in order to provide an accurate potential diagnosis. ""Hand radiograph of a child"" is not enough information to determine a diagnosis.",0.0
09ea0c6f-f9a6-4f8f-ba26-ada2bf04f236,"A patient presents with mental confusion, visual and auditory hallucinations, perceived changes of body shape, swelling of the tongue and a fear of impending death after he was treated for primary chancre of syphilis with an intramuscular injection. What is the likely diagnosis?","The patient is likely experiencing Jarisch-Herxheimer reaction, an immune response after antibiotic treatment for syphilis.",0
cea76f00-c75d-498c-baf5-b24a22f45b6b,A child presents with massive hemetemesis and systemic hypotension. He has no fever or other significant history. Examination reveal massive splenomegaly but no hepatomegaly. Likely diagnosis is,"The likely diagnosis is a condition related to the spleen, possibly Splenic Vein Thrombosis or a type of splenic hemangioma. Urgent medical care is required.",0.5
a8402ace-41cf-4dd8-b465-84bb2417f75c,A 45 year old male has multiple grouped vesicular lesions present on the TN segment dermatome associated with pain. The most likely diagnosis is,"The most likely diagnosis is Herpes Zoster, also known as Shingles.",0.9
e87dcbbc-8435-454a-9146-7fdf8e7e071e,"A 68-year-old male musician presents to the emergency department with a sudden onset of colicky abdominal pain and massive vomiting of 4-hour duration. Examination shows an elevated WBC of 13,200 with a HCT of 45%. Electrolytes and blood urea nitrogen (BUN) are normal. An erect film of the abdomen reveals dilatation of the stomach with distended loops of bowel. What is his clinical diagnosis?","The clinical diagnosis is likely to be bowel obstruction, caused by something such as a hernia, diverticulitis, or tumor. The presence of both colicky abdominal pain and bowel dilation are indicative of this condition.",0.8
cf2e8f9c-d451-4cfc-95dd-6200aaf03ac8,A patient with Hypeension presents with Hypokalemia. Aldosterone levels and Renin levels are both elevated. The most likely diagnosis is,"The most likely diagnosis is Primary Hyperaldosteronism or Conn's syndrome.
",0
a942906f-ed09-4b02-a88e-d246f207d122,"29 year old female with history of Sjogren's syndrome presents with a 2 day episode of watery diarrhea 2 days ago. Physical examination is unremarkable. Because of her history, the physician decides to check her urine electrolytes. Urine chemistry: K = 31, Na = 100, Cl = 105. Her current diagnosis is?","This patient possibly has renal tubular acidosis (RTA), a common complication of Sjogren's syndrome, which could explain her symptoms and abnormal urine electrolytes.
",1
78057260-857c-478a-9027-bc6c60bf6163,"A 30 years old male presented with silvery scales on elbow and knee, that bleed on removal. The probable diagnosis is –","The probable diagnosis is psoriasis, a chronic skin condition characterized by thick, scaly patches.",1
7a574efa-6ad2-461e-aa8c-56606a9e2541,"A homosexual person feels that ""he is a woman trapped in a man's body"" and has persistent discomfo with his sex. Most likely diagnosis is:",The most likely diagnosis is gender dysphoria.,0.5
77bdb7cc-11c1-4571-9405-86e0674b6c83,"10 year old boy complaints of pain in right arm near the shoulder, x-ray shows expansile lytic lesion in upper third of humerus, what is the likely diagnosis.","The likely diagnosis for the 10-year-old boy is a bone cyst, specifically a unicameral (or simple) bone cyst.",1
ae5665ad-f852-4797-82ed-a43d2cc87561,"An infant presented with failure to thrive, stridor, otitis media and esophagitis. What is the most probable diagnosis?",The most probable diagnosis could be Laryngopharyngeal Reflux (LPR).,0.5
512ce60e-6c09-417d-91b3-e1d2f0d539b6,"A patient presents in the causality with history of abdominal pain. On examination the person is in shock, with severe abdominal tenderness and guarding. There was also one episode of bloody diarrhoea. He gives a history of recurrent abdominal pain soon after taking food which persists for about 3 hours after food. He also has a history of MI about 5 years back. What is your diagnosis?","Based on the symptoms and medical history, the diagnosis could be Mesenteric Ischemia or Acute Mesenteric Arterial Embolism/Thrombosis. However, a confirmation can only be made by appropriate tests and imaging studies.",0.7
b211a7fe-1a8f-48a5-9951-b2558963e2c6,"Ramu age 10 years, present with itching in his eye, foreign body sensation and ropy discharge since several months. These symptoms are more prominent in summer. Most probable diagnosis is -","The most probable diagnosis for Ramu could be Vernal Keratoconjunctivitis (VKC), a seasonal eye disorder often more prominent in warm weather.",0.9
543b414e-7103-4b2b-91cc-5545926a9b7d,"A 35-year patient recalls episodes where he smells a pungent odor, becomes sweaty and loses consciousness. His family member says while unconscious he was having facial twitching with lip-smacking movements. What is the most probable diagnosis?",The symptoms described suggest that the most probable diagnosis is Temporal Lobe Epilepsy.,0.5
d15f7cba-283c-4014-96b5-cdb6a4e53f55,A patient came to casualty for acute bronchial asthma after treatment for glaucoma. The probable drug may be,The probable drug causing the acute bronchial asthma could be beta-blockers that were used for the treatment of glaucoma.,0.5
52218ca8-bf46-407e-973b-94989c5e7fc9,A 27 year old sexually active male develops a vesicobullous lesion on the glans soon after taking tab paracetamol for fever. The lesion healed with hyper pigmentation. The most likely diagnosis is:,"The most likely diagnosis is Fixed Drug Eruption, a condition characterized by recurring lesions resulting from a systemic exposure to a drug, in this case, paracetamol.",1
897920f2-ed35-4fbb-a5fc-bda825e39195,"A child presented to the emergency depament with seizures. On examination oval hypopigmented macules were noted on the trunk, along with sub-normal IQ. What is the probable diagnosis?","The probable diagnosis is Tuberous Sclerosis, a genetic disorder marked by growth of numerous noncancerous tumors, often causing seizures and intellectual disability.",1
21766122-395b-426f-9408-64c57c145ed0,"A HIV positive patient presents with cough for 10 days. Sputum culture by SDA reveals broad budding yeast, diagnosis:","The diagnosis could be Pneumocystis jirovecii pneumonia or a fungal infection, possibly Cryptococcus neoformans, which is common in HIV patients.
",0.3
e334bea4-d412-459f-8c01-d8b391102dc9,A young woman presents with delayed cycles and abnormal growth of hair on face. On USG ovaries are normal. What is the most probable diagnosis?,"The most probable diagnosis could be Polycystic Ovary Syndrome (PCOS), even if the ovaries appear normal on an ultrasound. Despite its name, not all women with PCOS have cysts on their ovaries.",0.9
b2dbe8ac-5af8-4362-9f0f-a9cf94bfedba,"A patient with microcytic hypochromic anemia. Hb-9 g%, serum iron-20 microg/dl, ferritin level-800 ng/ml, transferrin percentage saturation is 64%. What is possible diagnosis?","The patient's high ferritin level and transferrin saturation, with low serum iron might suggest anemia of chronic disease (inflammation) or sideroblastic anemia. However, specific diagnosis would need further tests and doctor's clinical interpretation.
",0.5
1147973b-6b69-4447-ad7a-23ac66cfd08d,"A 25 yr old female presented with malaise and generalized weakness since 6 months. Her appetite is reduced and she has giddiness and palpitations on and off. There was no organomegaly. Laboratory study showed normochromic to hypochromic anaemia, RDW=60, and MCV=50. What is the diagnosis ?","The symptoms along with the lab results indicating normochromic to hypochromic anaemia, high RDW, and low MCV suggest she may have Iron deficiency anemia.",1
33fbdee5-585d-42f9-9e9a-6478cb853b32,"A 30-year-old male, Kallu, with a history of sexual exposure comes with a painless indurated ulcer over the penis with everted margins. The diagnosis is","The symptoms described suggest Kallu may have primary syphilis, a sexually transmitted infection. Please advise him to see a healthcare professional for confirmation and treatment.",0.8
bc50d685-8468-4b36-86a5-dbf5f45a3b65,A patient with peptic ulcer disease undergone billroth 2  gastrectomy. Later the patient presented with postprandial pain. On endoscopy oedematous and inflamed gastric mucosa has been found. What is the  preferred diagnosis,"The preferred diagnosis could likely be ""dumping syndrome"" or ""alkaline reflux gastritis"", both are common complications after Billroth II gastrectomy.",0.5
e875d41c-f9a2-4fb0-bd6a-308b7dc01472,"A patient has Hb 6 gm% folic acid 82g/ml, vitamin B12 60 pg/ml, serum iron 180g/dl, and MCV-104.The diagnosis is -","The patient appears to be suffering from Macrocytic anemia, likely due to vitamin B12 deficiency or folic acid deficiency.",0.5
18221aab-d0e9-4194-98aa-3aad32aef0a0,A 21 year old student is found to have hyperthyroidism. She is counselled on treatment options including radioactive iodine and antithyroid medications. Carbimazole acts on which part of the thyroid hormone synthesis pathway?,"Carbimazole inhibits the enzyme thyroid peroxidase, which plays a key role in the synthesis of thyroid hormones by catalyzing the iodination of tyrosine residues in thyroglobulin.",0.7
85a88804-96b9-42ec-93b8-a13c0b2daaf1,"A child presented with a history of unilateral purulent nasal discharge with occasional bloody discharge from the same side, The diagnosis is -","The child may have a condition known as unilateral choanal atresia or foreign body in the nostril. However, further diagnostic tests are necessary for a definitive diagnosis.",0.5
78e4e592-fc6f-48a0-98f9-e69be5954971,"For a patient undergoing anticoagulant therapy, who requires unavoidable dental surgical treatment, the dental surgeon should:",The dental surgeon should closely coordinate with the patient's primary care physician or cardiologist to manage anticoagulant dosage before and after the dental procedure. It is essential to maintain a balance between preventing thromboembolic events and minimizing bleeding risks.,0.9
b9321602-1020-4daa-9653-4b91bee1122c,"A 10 year old male child presents with pallor and h/o blood transfusion 2 months back. On investigation, Hb-4.5 gms, Total count-60,000,Platelet count-2 lakhs and CD 10+ve, CD 19+ve, CD 117 +ve, MPO +ve and CD 33 -ve. What is the most probable diagnosis?","The most probable diagnosis is Acute Lymphoblastic Leukemia (ALL), considering the child's age, blood transfusion history, low hemoglobin, high total count, and positive CD10, CD19 and CD117 markers.",0.5
28f7a6eb-c4c9-4b80-80e2-b0a93ab65941,"A female patient after injury comes to casualty. Her ABG shows low pH, pCO2 high, bicarbonate normal. The diagnosis is:","The diagnosis is likely to be respiratory acidosis, given the findings of low pH (acidemia) and high pCO2 (hypercapnia).
",1
b7819b96-5708-4994-b4c8-1827e9f29baf,A 36 years old factory worker developed itchy annular scaly plaques in both groins. Application of a caicosteroid ointment led to temporarY relief but the plaques continued to extend at the periphery. The most likely diagnosis is -,"The most likely diagnosis is Tinea Cruris, also known as Jock Itch.",1
e827df10-5b3b-4869-8ec5-0c52abbe8819,"A 3 year male presented with progressive anemia, hepatosplenomegaly and osteomyelitis of jaw with pathological fracture, x-ray shows chalky white deposits on bone, probable diagnosis is","The probable diagnosis is Infantile Cortical Hyperostosis, also known as Caffey Disease.",0
d549d61f-9475-485e-a92e-8e05b9372ac0,Imiquimod used in treatment of anogenital warts acts manly as –,"Imiquimod acts mainly as an immune response modifier, stimulating the body's own immune system to fight against conditions such as anogenital warts.",1
638f0292-d878-4116-b7bf-e3a92889ec1d,Name the procedure shown here in ureter:,"As an AI text-based model, I'm unable to see or analyze images. However, I can help answer any text-based medical questions you have about procedures related to the ureter.",0
52efd5db-a990-4e5e-ad4b-8b459cc506a6,"A 9 yr old child came to the dental clinic with spacing in
anterior teeth. The line of treatment is","The line of treatment typically includes orthodontic treatment such as braces, or in some cases, observation, as the spaces may naturally close as the child's permanent teeth come in.",0.5
4ca5937d-a090-4222-a0bc-91b32c4a7c9f,A 65 yr. old man developed severe acute onset breathlessness within few hours of an aortic valve replacement. X-Ray diagnosis is?,"The X-Ray diagnosis could potentially indicate acute pulmonary edema or postoperative lung complications such as atelectasis or pneumonia. Please consult a medical professional for a full assessment.
",0.3
20442569-e3fd-409b-93f9-d92923cd6b15,First line treatment of T315I mutation in CML management is?,The first-line treatment for T315I mutation in Chronic Myeloid Leukemia (CML) is Ponatinib.,1
b2a9a600-a583-4d2b-967c-759dcd1e4f7c,"A 28-year-old man is evaluated in the primary care office for new onset rash on both legs for 1 week. He is a healthy person with no past medical illness and is not taking any medications. There is no history of recent fever but he has noticed occasional gum bleeding and one episode of nosebleed 4 days ago. He does not smoke, drinks alcohol only socially, and does not use any recreational drug. On physical examination, he is a healthy appearing man with no lymphadenopathy or hepatosplenomegaly. Laboratory studies reveal hemoglobin 14.8 gm/dL, hematocrit 42, MCV 86 fL, leukocyte count 6,000/mL, and platelet 22,000/mL. Liver function and renal function studies are normal. Peripheral smear reveals decrease in platelet count and no red cell abnormalities. What is the most probable diagnosis?","The most probable diagnosis for this patient is immune thrombocytopenic purpura (ITP), a disorder characterized by a decrease in platelets causing bleeding and rash.",1
055dbeb3-89c2-4aaf-b196-b0a836199ffb,"A 3 year old girl with normal developmental milestones except that she staed speaking by the age of four. She does not play with other children and wants to eat, play and sleep in her own way. She often has temper tantrums related to any new changes. What is the likely diagnosis?","The symptoms described could suggest Autism Spectrum Disorder (ASD), but a comprehensive assessment by a medical professional is needed for a confirmed diagnosis.",0.9
001b679a-383e-4fa3-87b6-ffcc0fb63dc7,Baby born to patient suspected of chlamydial infection sample to be taken for diagnosis?,A swab from the baby's eyes is often taken to test for possible chlamydial infection.,0.8
d3d5ad61-ae30-4a0f-b346-03d130cad2e3,"A 30 year old male came with complains of unilateral blurred vision with floaters since 15 days. On examination, AC flare and cells were seen with 'headlight in fog' appearance on indirect ophthalmoscopy. Also, a single inflammatory focus of fluffy retinochoroiditis lesion is seen. What is the diagnosis?","The symptoms indicate a diagnosis of Posterior Uveitis, specifically a subtype known as Pars Planitis.",0
54fc510d-e37c-4bab-b731-f60058bef85d,A 9 months old child is brought to you in the emergency with complaints of cough and coryza since last 2 days. Since last 1 day child is having noisy breathing which increases on crying. On examination you find a stridor which the mother was explaining as noisy breathing. What is your diagnosis?,"The diagnosis could be croup, a common respiratory problem in young children that causes a barking cough and stridor.",1
9d8f095e-62de-4abd-acc7-f6946beeb989,"A patient presenting with history of diarrhoea for several years with recent onset pruritus and raised alkaline phosphatase, normal SGOT/PT and USG shows no gallstones and biliary tract abnormality, the diagnosis is","Based on the symptoms, this could potentially be a case of primary biliary cirrhosis (PBC), but further investigations are needed to confirm.",0.5
08f1557d-a1ac-4424-9b0b-0d5928fd5905,"A 20-year-old woman presents with bilateral conductive deafness, palpable purpura on the legs and hemoptysis. Radiograph of the chest shows a thin-walled cavity in left lower zone. Investigations reveal total leukocyte count 12,000/mm red cell casts in the urine and 12,000/mm serum creatinine 3 ing/dL. What is the most probable diagnosis ?","The most probable diagnosis is Granulomatosis with Polyangiitis (formerly known as Wegener's granulomatosis), an autoimmune disorder affecting small and medium sized vessels and characterized by granulomatous inflammation.",1
e62924b6-baaa-4f0e-924e-5d8a64114e32,"After a leisure trip, a patient comes with gritty pain in eye, and joint pain. What is the most probable diagnosis?","The patient may be suffering from Reactive Arthritis, which can occur after certain bacterial infections, and could include symptoms like eye irritation and joint pain.
",0.8
86ba5921-fef1-4edc-8aa4-13878099ffae,"A 74 yr old male patient was brought to the OPD by his daughter complaining of urinary incontinence and ataxia, also he has difficulty in calculating simple arithemetics and memory loss. What is the probable diagnosis","The symptoms described might indicate a condition known as Normal Pressure Hydrocephalus (NPH), characterized by gait abnormalities, cognitive issues, and urinary incontinence in older adults.",1
98095171-2883-40ae-a76e-a4f498a52ee3,A 45-year-old male with history of recurrent ureteric calculi presented with fever. Right-sided nephrectomy was performed. Gross view and histology have been provided. What is your diagnosis?,"As an AI, I'm unable to physically examine gross view images or histological slides. I suggest discussing these findings directly with a medical professional for an accurate diagnosis.",0.5
8d205524-0254-4768-9a29-6fff52e5482e,12 years male came with swelling of lower end tibia which is surrounded by rim of reactive bone. What is most likely diagnosis?,"The most likely diagnosis for a 12-year-old male presenting with swelling at the lower end of the tibia surrounded by a rim of reactive bone is Osteosarcoma, a type of bone cancer.",0
91a601bc-050f-4287-aad7-7f2a2a4c5b49,"A young female presents with history of dyspnoea on exeion. On examination, she has wide, fixed split S2 with ejection systolic murmur (IIINI) in left second intercostal space. Her ECG shows left axis detion. The most probable diagnosis is ?",The most probable diagnosis is Atrial Septal Defect (ASD).,0.5
4088a7e1-ae95-47b4-a20f-9183f4c300c5,What is the most common surgical complication following whipple procedure ?,"The most common surgical complication following a Whipple procedure is delayed gastric emptying, where the stomach takes too long to empty its contents.",0.5
a7838452-37fb-492a-87bd-93b72fb2b693,A 6 year old boy presenting with palpable abdominal mass in the epigastrium. The clinical diagnosis is (There is no bile in vomitus)-,"The clinical diagnosis could be Wilm's tumor, a type of kidney cancer that is common in children.",0
daea0b5f-6755-4d65-8e47-4312cbb29729,"In addition to the effects of weight loss, the resolution of type 2 diabetes mellitus after the gastric sleeve procedure and RYGB is thought to be contributed to by ?",Improvements in insulin sensitivity and changes in gut hormones are thought to contribute to the resolution of type 2 diabetes after gastric sleeve and RYGB procedures.,0.8
021d259d-7309-4213-a626-997613439732,"20 years old female from Bihar with erythematous lesion on cheek with central crusting, likely diagnosis:","The described features like erythematous lesion on cheek with central crusting may suggest the likelihood of Basal Cell Carcinoma. However, final diagnosis should be confirmed by a medical professional after a thorough examination and possibly biopsy.",0.4
6c9d5ab6-0b9b-4d2c-98ed-3d9ca1f55036,"After repeated infections manifested by cough, fever, and consolidation in lungs, the diagnosis of intralobar sequestration was established for a child. Sequestration of lung is seen MOST commonly in?",Sequestration of the lung is most commonly seen in the left lower lobe.,0.5
9f08fb1f-67fb-46fa-8d12-7c97213fe2c1,"A 20-year-old female presents with excess facial hair and oligomenorrhea, increased levels of free testosterone, and normal ovaries on USG. Most likely diagnosis is:","The most likely diagnosis is Polycystic Ovary Syndrome (PCOS), despite the normal appearance of the ovaries on ultrasound.",0.9
d20181aa-c211-4260-8bf2-94421a4ba74f,A 17 years male presented with swelling in the cheek with recurrent epistaxis. Most likely diagnosis is,"The most likely diagnosis could be Juvenile Nasopharyngeal Angiofibroma (JNA), a benign tumor that often presents in adolescent males with symptoms of facial swelling and recurrent nosebleeds (epistaxis). 
",1
81f94fe0-576f-491a-945b-35c2fc9008de,What is the ideal treatment for a 55 yr female with Simple Hyperplasia of endometrium with Atypia?,"A 55-year-old female with Simple Hyperplasia of the endometrium with Atypia is usually recommended to undergo a hysterectomy, as there is considerable risk of progression to endometrial cancer in this condition.",1
f6dea44b-fd89-4db3-84c2-d2500a2a59b0,A child presents with sho episodes of vacant stare several times a day. The vacant episode begins abruptly and the child remains unresponsive during the episode. There is no associated history of aura or postictal confusion and the child is otherwise normal. The likely diagnosis is,The child likely has absence seizures (formerly known as petit mal seizures).,1
798102be-d1e1-46d8-ad78-6f36250b545e,"A young, tall, thin male with arachnodactyly has ectopia lentis in both eyes. The most likely diagnosis is",The most likely diagnosis is Marfan Syndrome.,1
8e17ad95-a764-4105-ba2b-0d1b804ace27,"A 70 year old alcoholic presents with abdominal pain, lump in the RUQ and weight loss. No history of upper or lower Gl symptoms. USG shows 10 x 10 cm mass in the right lobe of liver. Which serum marker will be helpful in diagnosis?","The serum marker alpha-fetoprotein (AFP) would be helpful in diagnosing hepatocellular carcinoma, which could present with the mentioned symptoms and ultrasound findings.",1
794cd01b-d91f-47b9-9302-3daf81d48770,"A 40 year old diabetic presents with blackish nasal discharge and a mass in the nose, likely diagnosis is:","The likely diagnosis is Mucormycosis, also known as black fungus, which is a serious but rare fungal infection often seen in diabetic patients.",1
e0ca5a07-a1ad-499c-a92d-719a7ff1af01,"A mother brings her child to clinic with short stature. On examination following physical findings are seen. Doctor advises for the below investigations. Calcium - Normal, Phosphorous - Increased, PTH - Increased, Alvaline Phosphatase - Increased. What is the most probable diagnosis","The most probable diagnosis is Secondary Hyperparathyroidism, likely due to renal disease.",0.5
3831c897-090e-48df-b5cb-fb5fde4010e8,"A patient presents in emergency in shock, with a history off fleshy mass protruding from vagina with heavy bleeding PV. She had history of delivery at home 1 hour back by a health worker with a history of difficulty in placental removal and 'Uterine handling'. Most probable diagnosis is?",The most probable diagnosis is uterine inversion.,1
591ef581-1e5e-4a97-b6b6-8d445ee08064,A patient with hypeension presents with following skin lesions. What is the diagnosis?,"As an AI, I need more specific information about the type, appearance, and location of the skin lesions to make a suggestion. Please provide more details.",0.3
1dd90da6-8ea2-4190-91a2-6df219267ddb,A 4 year boy complaining of pain around elbow which is held in pronation with extension and normal X ray. What is the probable diagnosis?,"The probable diagnosis for the boy could be ""Nursemaid's Elbow,"" also known as Radial Head Subluxation.",0.5
dccc20a4-6f29-4123-b06a-034b801eda63,A 8 year old boy presents with recurrent pneumonia since birth. The boy had a history of delayed passage of Meconium at  birth. Probable diagnosis is,"The probable diagnosis is Cystic Fibrosis, a genetic disorder that causes persistent lung infections and impacts digestion.",1
81bfe945-a8e2-4515-8d5f-f4f7651f2594,"A 17 year old girl was brought to the psychiatrist by her mother with history that she was repeatedly found vomiting in the bathroom after taking meals, and that her meal size was extremely small. On examination the BMI of patient was 15 kg/m2 and her knuckles showed callous formation. What is the likely diagnosis?","The likely diagnosis is anorexia nervosa with a behavior of self-induced vomiting, also known as bulimia nervosa. The calloused knuckles suggest that she uses her fingers to induce vomiting, a sign called Russell's sign.",0.8
ef0def21-ff48-43cf-8707-78bc7d95725f,Laproscopic procedure patient develops shoulder pain due to -,"The shoulder pain after a laparoscopic procedure is usually due to the residual carbon dioxide gas used during the surgery, which can irritate the diaphragm and cause referred pain in the shoulder area.",0.7
9f82d569-602a-40a7-9728-da34eac4a2b3,"A middle-aged man presents with a lower jaw swelling. Clinically, there is expansion of the left ramus and the X-ray mandible shows soap bubble appearance. What is the clinical - diagnosis?","The described symptoms and radiographic appearance suggest Ameloblastoma, a rare benign tumor of the jaw.",0.8
266bed38-35b3-4ebb-9378-98dd0f5d807f,Dohlman's procedure is used in,"Dohlman's procedure is used in treating severe cases of corneal disease, as it is a type of corneal transplant surgery.
",0
ce0f2596-99d0-4ef5-9903-e4c2a9e7ec04,The number of days required for diagnosis of hypomania is:-,Hypomania is diagnosed when elevated mood or irritable symptoms persist for at least four consecutive days.,1
e531716e-a225-4bda-95f0-0ab6a8b7de42,30 year old young male came with sudden onset visual loss with no h/o trauma and the fundus details cant be appreciated with no significant systemic history. The other eye has evidence of sheathing of vessels in periphery. A diagnosis of Eale's disease is made. The most common presenting symptom of this disease is,The most common presenting symptom of Eale's Disease is sudden or gradual vision loss.,0.5
221657a0-71b8-4e1d-980b-9f70539e7295,"A young female came to surgery OPD with bilateral breast mass. On examination, mass was firm and mobile. What is the diagnosis on the basis of findings","The possible diagnosis could be fibroadenoma based on the description of the mass as firm and mobile. However, other investigations like imaging and biopsy would be needed to confirm.",0.9
763705cb-d475-4eb1-a5b8-30849890680c,In serial extraction procedure if maxillary 1st premolar is extracted then maxillary canine erupts in direction,"In serial extraction, if the maxillary first premolar is extracted, the maxillary canine usually erupts in a more mesial (forward) direction because of the additional space provided.",0.5
3f8df8a1-2624-4149-996f-8b25e655a6b6,A 14 year old boy present with headache fever and cough for 2 days. Sputum is scant and non purulent and gram stain reveals many white cells but no organisms. The treatment should be initiated with,"Antipyretics and fluids for fever and headache, as well as over-the-counter cough medications. Antibiotics may not be necessary due to the absence of organisms on gram-stain, indicating this may be a viral infection. Consult a healthcare professional for further guidance.",0.6
97cac6f1-7b82-4089-ab2c-c676730e79fd,"A  60-year-old  woman  complained  of  weakness,  lethargy  and  easy  fatigability.  Investigation showed that she had iron deficiency anaemia (Hb. 8 g/dl). She was prescribed cap. ferrous fumarate 300 mg twice daily. She returned after one month with no improvement in symptoms. Her Hb. level  was  unchanged.  On  enquiry  she  revealed  that  she  felt  epigastric  distress  after  taking  the iron  capsules,  and  had  started  taking  antacid  tablets  along  with  the  capsules. What could be the possible reason for her failure to respond to the oral iron medication?","The likely reason for her failure to respond to the oral iron medication is due to her concurrent use of antacids. Antacids can reduce the absorption of iron from the stomach, thus hindering the effectiveness of the iron supplement.",0.5
e652bd26-b1c8-49ba-80c9-e8901d1918ef,"A 4 years child presents with a history of chronic left lower lobe pneumonitis. On contrast bronchography, the area involved with the pneumonitis does not fill whereas the area around it does fill. The most likely diagnosis –",The most likely diagnosis is bronchial atresia.,0
ceddf762-e410-4835-85f8-5319a40af431,"A 24 year old underweight woman presents to you with progressive abdominal discomfo, dyspnoea, nausea and vomiting. Abdominal examination revealed cystic enlargement of ovaries. Relevant investigations results are as follows: Hematocrit - 57% Total count - 25000 /mm3 RFT -Impaired LFT - Mildly impaired USG - Massive ascites Serum peak oestradiol- 9000 pg/ ml X ray chest - shows pulmonary oedema History revealed that she had polycystic ovarian disease (PCOD) and was on treatment for infeility. She had received an injection last week from her infeility specialist. What is your diagnosis?","The symptoms, history, and examination findings suggest she may be suffering from Ovarian Hyperstimulation Syndrome (OHSS), a condition often seen due to hormone injections used during in-vitro fertilization (IVF) treatments.",1
aff16eab-f4f4-4767-ac14-f16ab8dcdafb,"A 27-year old primigravida presented to the OPD with pregnancy induced hypeension at 32 weeks of gestation. She had no other complications. On examination she had a blood pressure of 150/100 mm of Hg. Her blood pressure was later controlled with treatment. lf there are no complications, the pregnancy should be terminated at?","If there are no further complications, a pregnancy with pregnancy-induced hypertension is typically terminated near term, around 37 to 38 weeks of gestation. However, the exact timing should be decided by the healthcare provider based on the mother's specific condition and the baby's health.",0.9
4a9ce7e9-2bb8-4963-888d-5df043a436ac,"A 45 year male presents with delirium, increased body temperature, dryness, dilated pupils and HR 130/min. Possible diagnosis:","The symptoms you described suggest Anticholinergic Toxicity. However, a medical professional should assess this patient for a concrete diagnosis.",0.5
ed7da8c0-e8fc-408c-92e1-a1ea68bbcc5a,"A 32 weeks pregnant woman presented with intermittent abdominal pain and vaginal discharge, on analysis of the cervicovaginal discharge showed fibronectin. What is the probable diagnosis?",The probable diagnosis is preterm labor. Fetal fibronectin in cervicovaginal discharge is a biomarker often associated with preterm labor.,1
e85f2b59-5d0e-4e90-a0c3-6d4f5d8060a0,A patient who has been wearing denture for quite long time reported with flabby tissue behind the ridge. What will be the most likely diagnosis?,"The most likely diagnosis for the patient would be Epulis Fissuratum, also known as Denture Induced Fibrous Hyperplasia.
",1
9b433520-5a70-4cbf-ba38-83eb19b653ab,A middle-aged woman is revealed to have subepithelial bullae with granular IgA deposits on basement membrane and she has some degree of gluten sensitivity. What is the diagnosis?,"The diagnosis is likely Dermatitis Herpetiformis, a skin condition linked to gluten sensitivity.",1
5927edc3-37df-4db1-91de-c774689a0cf9,"1.The 68 year old Chandu is a diabetic and presented with black,foul smelling discharge from the nose.Examination revealed blackish discoloration of the inferior turbinate.The diagnosis is:","Chandu is likely suffering from Mucormycosis, also known as black fungus, a rare but serious infection often seen in people with diabetes.",1
3177f3fd-871d-4dc5-85e3-034b78cc7fbb,A 19 years old patient came to the out patient department with complaints of primary amenorrhea. She had well- developed breast and pubic hair. However there was absence of vagina and uterus but normal ovaries. Likely diagnosis is:,"The likely diagnosis is Mayer-Rokitansky-Küster-Hauser syndrome (MRKH), a condition characterized by congenital aplasia of the uterus and upper part of the vagina.",0.5
50694e90-1df2-46b1-a176-b11a01660688,"A 10-year old child with Valvular hea disease on hea failure treatment, has the following ECG tracing. What is the diagnosis?","As an AI, I'm unable to physically examine an ECG tracing. Please provide details of the ECG tracing or consult a healthcare professional for an accurate diagnosis.",0
00551c4a-ca11-479d-a951-8ad48ec7ccd7,"A female developed brown macule on the cheek, forehead and nose after exposure to light following delivery of a baby, the diagnosis is -","The condition described is likely Melasma, also known as the ""mask of pregnancy,"" characterized by brown patches on the face that often appear after sunlight exposure.",0.5
d560d60b-f2ae-4d77-8e9b-9f3ffde845b2,Golden period for treatment of open wounds is .....hours -,The golden period for treatment of open wounds is within 6 hours.,0.5
eae94154-fe5e-4206-bbd5-f15f8c93a580,"A 25-year-old woman has a 3-year history of arthralgias. Physical examination shows no joint deformity, but she appears pale. Laboratory studies show a total RBC count of 4.7 million/ mm3, hemoglobin of 12.5 g/dL, hematocrit of 37.1%, platelet count of 217,000/ mm3, and WBC count of 5890/ mm3. The peripheral blood smear shows hypochromic and microcytic RBCs. Total serum iron and ferritin levels are normal. Hemoglobin electrophoresis shows 93% hemoglobin A1 with elevated hemoglobin A2 level of 5.8% and hemoglobin F level of 1.2%. What is the most likely diagnosis?","The most likely diagnosis is beta-thalassemia minor, suggested by the presence of hypochromic and microcytic red blood cells along with elevated hemoglobin A2 level.",1
abdf0e47-7ea3-41d7-b435-5dd8b3c69047,The immediate treatment of 10 kg weight infants presented with tetany -,The immediate treatment would typically involve administering intravenous calcium gluconate while under strict cardiac monitoring. Always consult a healthcare professional for proper dosage and treatment.,1
52843bd4-4b19-426e-a200-855c97b46be6,"A 14 year old boy complains of pain during reading. On examination, his both eyes are normal and vision with Snellen's reading is 6/5. He still complains of pain on occluding one eye. The diagnosis is :","The diagnosis could potentially be asthenopia or eye strain, often related to focusing difficulties during prolonged reading. However, further examination by an optometrist or ophthalmologist may be needed to confirm.",0.3
5b48523f-cccd-4cfe-aa31-0603426d9c5b,Bone marrow examination of a 2 year old child with massive splenomegaly and pancytopenia showed cells with wrinkled paper appearance of cytoplasm. What could be the possible diagnosis?,"The described symptoms and results suggest the possibility of Gaucher's Disease, a rare genetic disorder.",1
863ffc62-397e-4a42-aa00-169a3a43cd47,Dohlmans procedure is used for -,"Dohlman's procedure is a surgical treatment used to widen a narrowed esophagus, often due to conditions like achalasia or esophageal stricture.",0
a3e05fc6-51d1-4a7f-ad17-ad51507a2e5e,"A child presents with gelastic seizures, precious puberty. MRI shows small pedunculated mass attached to tuber cinerum. What is the diagnosis?","The diagnosis is likely a hypothalamic hamartoma, a rare, benign brain tumor that can cause gelastic seizures and precocious puberty.",1
82baf972-d31c-46c5-8d4c-5141d7ac5f19,"A 20 year old woman presents with hemoptysis, bilateral conductive deafness and palpable purpura on the legs. X ray chest shows a thin walled cavity in left lower zone. Investigations shows a leukocyte count of 12000/mm3, red cell casts in the urine and serum creatinine 3mg/dL. What is the most probable diagnosis?","The most probable diagnosis is Granulomatosis with Polyangiitis (formerly known as Wegener's granulomatosis), a rare disease characterized by the inflammation of blood vessels.
",1
6b688a90-b485-4993-befb-fd875a81c4d1,A patient diagnosed with schizophrenia came with acute exacerbation of symptoms. Inj.Haloperidol was administered in the casuality and suddenly the patient had deviation of eye balls and torticollis. What is the diagnosis?,"The patient is experiencing an acute dystonic reaction, a common side effect of Haloperidol, an antipsychotic medication.",1
f41763ea-5537-4825-92c6-51756b6cc5bd,"A 20-year-old man presents with repeated episodes of haematemesis. There is no history of jaundice or liver decompensation. On examination, the significant findings include moderate splenomegaly and presence of oesophagal varices. There is no ascites or peptic ulceration. The liver function tests are normal. What is the most likely diagnosis","The most likely diagnosis is Portal Hypertension, likely secondary to non-cirrhotic causes given the normal liver function tests.",0.5
3954eed1-0c1b-4fed-a5d9-4d2f92c28221,A 35 year old man feels that he is about to die because he is suffering from gastric cancer. All his radiological investigations prove the contrary. Which is the most probable diagnosis?,"This man may be experiencing health anxiety or hypochondriasis, where excessive worry about having a serious illness persists despite medical reassurance.",0.85
8efb4444-77d1-43df-b394-481f2bc60bae,"A patient presents with upper abdominal pain and vomiting.
His pulse rate is 100/min and BP is 70/40 mm Hg. A diagnosis of
pancreatitis is made. What is the next appropriate
management?","The patient should be hospitalized immediately for supportive care including fluid resuscitation, pain control, and nutritional support, along with monitoring for complications. Further evaluation and treatment would be guided by the severity of pancreatitis.
",0.75
8c3b4f59-43e9-460b-b887-80ef591126dd,A 70 years old female is on treatment withAlendronate for 7 years for osteoporosis. Now she complains of pain in right thigh'at is the next investigation to be performed?,"The next investigation should be a radiological exam such as an X-ray or MRI of the right thigh, as prolonged Alendronate use may be associated with atypical femur fractures.",1
da527ab2-0e61-40ec-83cc-0f1d38302e46,"A patient presented with a platelet count of 700 x 109/L with abnormalities in size, shape and granularity of platelets. WBC count of 8 x109 L, hemoglobin of 12 g/dl and the absence of the Philadelphia chromosome. The most likely diagnosis would be?",The most likely diagnosis would be Essential Thrombocythemia (ET). This is consistent with the high platelet count and abnormal platelet morphology without the presence of the Philadelphia chromosome.,1
367ee286-9591-42a2-89eb-7bedf3a8fa2e,"A 30 years old male presented with silvery scales on elbow and knee, that bleed on removal. The probable diagnosis is:","The probable diagnosis is Psoriasis, a chronic skin disease characterized by silvery scales and itchy, sometimes painful patches.",1
895cabe5-1b29-4a4e-951b-89218db88268,"In a young patient presenting with recurrent vitreous hemorrhage, diagnosis is –","The diagnosis could be a condition like proliferative diabetic retinopathy, retinal tear or detachment, or a rare condition such as Eales disease. Always consult a healthcare professional for accurate diagnosis.",0.5
835f95b8-526b-427e-88b4-b9107db9a861,"A patient developed breathlessness and chest pain, on second postoperative day after a total hip replacement. Echo-cardiography showed right ventricular dilatation and tricuspid regurgitation. What is the most likely diagnosis-",The most likely diagnosis is Pulmonary Embolism.,1
b8d3de2c-18ed-47c5-b25c-85a56d439281,"A man having multiple, painful, indurated, undermined, sloughed edged glans which occurred 5 days after exposures; most likely diagnosis is –","The most likely diagnosis is a sexually transmitted infection, possibly syphilis or another ulcerative disease. Immediate medical attention is advised.",0.5
f6b11ea4-116f-41d7-8e13-2f902bc3f0fe,A 7 year old boy presented with double medial malleolus. X-Ray was performed . What is the treatment?,"Treatment for a double medial malleolus, possibly indicating a fracture or abnormal growth, would likely involve orthopedic intervention, possibly including surgery, casting, or braces. However, the specific treatment would depend on the actual condition's severity revealed in the X-Ray.",0.9
c2aa737b-cc3e-4d91-b99d-bcfc6c5a9992,The following is an X-ray of a 13year old child presenting with difficulty in breathing and gradually developing respiratory compromise. What is the diagnosis?,"As an artificial intelligence, I'm unable to physically review X-rays or images. Please consult with a radiologist or a healthcare professional.",0.5
fbbec906-3875-4615-ba02-f4d70c50750a,A 24 year old male presented with retroperitoneal left necrotic mass near the hilum of kidney which showed heterogenous contrast enhancement on CECT. What is the probable diagnosis?,"This presentation can suggest a diagnosis of a Renal Cell Carcinoma (RCC), particularly a necrotic variant. However, further diagnostic tests and pathology examination are needed for confirmation.",0.4
43f862d2-424f-4377-9361-e0b3d8cb93a1,The preferred bypass procedure in case of non resectable carcinoma of head of pancreas is,The preferred bypass procedure for non resectable carcinoma of head of pancreas is typically a gastrojejunostomy or hepaticojejunostomy.,0.5
cacf155f-9ebe-413f-8cbc-4cc692d44e38,"A 40-year-old woman presents with a long history of vague upper abdominal pain and frequent indigestion with abdominal tenderness. Serum bilirubin is elevated (4.2 mg/dL). There is a mild increase in serum AST and ALT (62 and 57 U/L, respectively) and a moderate increase in alkaline phosphatase (325 U/L). Markers for viral hepatitis are negative. Abdominal ultrasound examination shows echogenic stone-like material within the gallbladder and thickening of the gallbladder wall. An intrahepatic mass is also visualized adjacent to the gallbladder. A cholecystectomy is performed. Histologic examination shows dense fibrosis and glandular structures in the wall of the gallbladder. What is the most likely diagnosis?",The most likely diagnosis is Gallbladder Cancer. The mass adjacent to the gallbladder in the liver may be a metastatic spread of the disease.,0.9
5defd6ce-ce17-476b-acc5-86a429859f77,"A girl with normal milestones spend her time seeing her own hand, do not interact with others, what is the diagnosis ?","She may be showing signs of Autism Spectrum Disorder, but a professional assessment is necessary to confirm this diagnosis.",0.9
c139f386-7593-40d3-b4ca-4d707b85e077,"A 4-year child presented with fever for 6 days, generalized rash and cervical lymphadenopathy with strawberry tongue. What could be the diagnosis?","The child's symptoms are suggestive of Kawasaki Disease, a condition that causes inflammation in the walls of medium-sized arteries throughout the body.",1
6d5b5791-cd0f-4f65-a730-9db5a6b4aef4,A 60-year-old woman with a history of chronic cystitis is referred to a urologist because of hematuria. Cystoscopy reveals a mass in the dome of the bladder. Biopsy shows tumor cells arranged as gland-like structures. Special stains demonstrate mucin in the cytoplasm of the tumor cells. What is the appropriate diagnosis?,The appropriate diagnosis for this patient is adenocarcinoma of the bladder.,1
76670103-a2a9-4a03-809b-4d177225c5ca,"46 year old female presented to OPD with complaints of breathlessness, purulent copious cough for 6 weeks. She lost 6 kg in 1.5 months. She was put on Clarithromycin and prednisolone for 2 weeks but there was no improvement in her condition . Chest Xray demonstrated persistent consolidation in the left lower lobe. What is the probable diagnosis of this patient?","The probable diagnosis for this patient could be Pneumonia, likely not responding to current treatment, or a condition like Tuberculosis, given the prolonged symptoms and weight loss.",0.5
5c0d9ea8-b9b0-4533-9251-c29e73f4abc4,"A cystic, transilluminant, painless scrotal swelling presented with testes separately palpable. The procedure to be done is","A hydrocelectomy or needle aspiration can be performed in the case of a diagnosed hydrocele, which appears to be described in your statement.
",0.5
4a9efb5e-e141-4772-9bcb-5d27e0f5bf55,Dohlman's procedure is used in -,"Dohlman's procedure is used in treating severe corneal disease, specifically for conducting a type of corneal transplant.",0
80b8b973-c0c3-483b-a700-3e9b47510269,"Sagittal split osteotomy is a procedure done in the
mandibular:","Yes, a sagittal split osteotomy is a surgical procedure to correct deformities or misalignment of the lower jaw or mandible.",0.5
27390be2-540c-4d25-9219-beede0bb8e13,"A 55 year old male, who is a known case of severe persistent asthma since 14 years of age presents with acute exacerbation of asthma. The disease was well controlled upto 54 years with high dose inhaled corticosteroids. For the past 12 months the disease was not in good control. He complains of nocturnal cough, limitation of daily activities in spite of good compliance with medications. Spirometry was suggestive of bronchial asthma with partial irreversibility of airway obstruction. What is the cause for poor disease control?","Potential causes for poor asthma control in this case could be the development of corticosteroid resistance, changes in environmental factors such as allergen exposure, or the onset of a co-existing condition, such as chronic obstructive pulmonary disease (COPD) or even heart failure. A thorough evaluation is necessary.",0.5
a44c93ae-13df-4926-819b-655b2f513a16,"An infant has hepatorenomegaly, hypoglycemia, hyperlipidemia, acidosis and normal structured glycogen deposition in liver. What is the diagnosis ?",The infant may have Type I Glycogen storage disease also known as Von Gierke's disease.,1
f77a7c28-528e-40a2-ab55-e52ac51b65c9,A young patient presents with enlargement of the costochondral junction and with the white line of Fraenkel at the metaphysis. The diagnosis is -,"The patient's symptoms suggest Rickets, a disease caused by vitamin D, calcium, or phosphate deficiency.",0
4c4a1ba9-c0c0-41fb-9e49-3049a0627987,What is the diagnosis in this infant who presents with recurrent fractures & multiple bony deformities?,"This infant could possibly be suffering from Osteogenesis Imperfecta, a genetic disorder characterized by increased bone fragility and recurrent fractures.",1
9253ccec-1ce6-46a5-b05e-0a3de5db801a,A 2 year old child is brought by parents with history of seizures and developmental delay. He has multiple hypopigmented macules over the back. What is the most probable diagnosis -,"The most probable diagnosis could be Tuberous Sclerosis, a genetic disorder characterized by seizures, developmental delay, and skin abnormalities like hypopigmented macules.",1
70e4a6c2-42fb-43c7-91f6-91bc8934a4fa,A 7 year old child is has a hypo pigmented anesthetic patch on his face. What is the most probable diagnosis?,"The most probable diagnosis is Hansen's disease, also known as leprosy.",0.5
64a320b6-a5ae-4d7a-8755-eccd74b33e36,What will be the diagnosis of the child with pulsatile swelling on medial side of the nose -,"The child may have a Nasal Glial Heterotopia, also known as Nasal Dermoid Sinus Cyst. It's important to have a doctor confirm this diagnosis.",0.5
cbfe43ce-9879-4504-a5cc-89828a373d47,Dohlmann&;s procedure is done in,Dohlman's procedure is typically done in cases of severe Dry Eye Disease to alleviate symptoms.,0
5c244584-04f3-4234-aee8-69b0830949f7,Drug treatment is given for how many days in pneumococcal meningitis,The standard drug treatment duration for pneumococcal meningitis is typically 10 to 14 days.,0.9
ed056289-9326-4952-aae3-13c869f79243,"A 2 year old child presents with a history of accidental ingestation of kerosene. He has cough, dyspnea, high fever, and his chest radiograph shows ill-defined patchy opacities. What is the most probable diagnosis ?","The child most likely has chemical pneumonitis or aspiration pneumonia, caused by inhaling kerosene.",0.5
fa03a678-c496-4d88-9a52-db89de7ee613,A child after consuming food in a party complains of vomiting and diarrhoea within 1-5 hours. The diagnosis is,"The child seems to have food poisoning, possibly due to consumption of contaminated food at the party.",0.5
354b2017-e0d3-4c9f-9234-6f0cc5b827ce,A patient of borderline tuberculoid leprosy on treatment develops reaction. What will be the best next line of management -,The best next line of management would be to start or adjust corticosteroid therapy to manage the reaction and continue with the existing anti-leprosy treatment. Discuss symptoms with a healthcare professional promptly.,0.8
b54201cf-3da2-4130-9305-3c9555e4303f,A 12-year-old boy presents to the Outpatient depament with history of progressively increasing difficulty in walking and frequent falls. Physical examination reveals an ataxic gait and nystagmus. All deep tendon reflexes were observed to be absent while the plantar response was 'Extensor'. What is the most likely diagnosis?,The most likely diagnosis for the boy based on the symptoms mentioned is Friedreich's Ataxia.,1
d6ad8a8e-4a7d-4804-8e87-394adbf3d31b,"A patient present to emergency with pinpoint Pupil,salivation, lacrimation, tremors and red tears. Plasma chlolinesterase level was 30% of normal. Most probable diagnosis is","The most probable diagnosis is organophosphate or nerve gas poisoning, as these symptoms and decreased plasma cholinesterase level are characteristic of this condition.",1
d85e0d4d-a3de-4c14-9f98-7822a03b0bed,A man with very high fever shows strongly positive agglutination test with OXK antigen. The most likely diagnosis is-,"The most likely diagnosis is brucellosis, also known as Malta fever or Mediterranean fever.",0
03c49a9c-b98f-4dbe-9cd1-fd1feeeca434,"During a workup for infertility, a 34-year-old man is noted to have a solid tumor in the anterior aspect of his right testis. What is the most likely diagnosis?","The most likely diagnosis is testicular cancer, specifically a germ cell tumor which is the most common type in adults.",1
6e0d38b1-bb0a-40bc-bbe2-6be5d8dda73f,"A patient presents for routine postpaum examination 2 weeks after a normal vaginal delivery with complains of foul smelling vaginal discharge with fever. On abdominal examination, a tender 14 weeks uterus is palpable, breast examination is normal and episiotomy is healthy. What could be the possible diagnosis?","The symptoms described suggest the possibility of postpartum endometritis, a common uterine infection following childbirth.",0.5
0a95277f-b208-46c9-b9ee-a941da903564,"A female suffering from psychosis, taking phenothiazine's now complains of sudden onset of high grade fever, muscle rigidity and altered sensorium. The diagnosis is :","The diagnosis is likely Neuroleptic Malignant Syndrome, a rare but serious reaction to antipsychotic drugs.",1
da57991e-51a7-4f49-8517-b96366a18958,For the treatment of a patient with after cataract which laser is used?,"A YAG (Yttrium-Aluminium-Garnet) laser is typically used for the treatment of after cataract, also known as posterior capsule opacification.",0.5
b04ff4ed-e124-4793-bc15-ff7379450a27,"A 39-year-old male presents with bloody diarrhea. Multiple stool examinations fail to reveal any ova or parasites. A barium examination of the patient's colon reveals a characteristic ""string sign."" A colonoscopy reveals the rectum and sigmoid poions of the colon to be unremarkable. A biopsy from the terminal ileum reveals numerous acute and chronic inflammatory cells within the lamina propria. Worsening of the patient's symptoms results in emergency resection of the distal small intestines. Gross examination of this resected bowel reveals deep, long mucosal fissures extending deep into the muscle wall. Several transmural fistulas are also found. What is the best diagnosis for this patient?","The best diagnosis for this patient may be Crohn's disease, which is a type of inflammatory bowel disease that causes inflammation in different parts of the digestive tract.",1
4e3ac395-31e3-4b9e-9f3f-b78f5ebc055f,"A 60 year old man is brought to a psychiatrist with a 10 year history, that he suspects his neighbors and he feels that whenever he passes by they sneeze and plan against him behind his back. He feels that his wife has been replaced by a double and calls police for help. He is quite well- groomed, ale, occasionally consumes alcohol, likely diagnosis is:-","The likely diagnosis is Paranoid Schizophrenia, characterized by false beliefs (delusions) and hearing or seeing things that others do not hear or see (hallucinations).",1
e2bf9c90-8258-4f95-b34a-22062d9da8f2,"A young boy presented to OPD with multiple shiny pinhead size white papules over dorsum of hand, forearm and penis. What would be the diagnosis?","The symptoms suggest the possible diagnosis of Molluscum Contagiosum, a common viral infection.",0
8d5d14d3-29cf-4b9f-9910-aa2895124ab9,"A 30 - year - old lady complains of sudden onset breathlessness, anxiety, palpitations and feeling of impending doom. Physical examination is normal. What is the diagnosis?","The symptoms described may suggest a panic attack. However, it's important to rule out heart diseases or other conditions through proper medical examination.",0.85
86e7b47a-9a47-4886-81c7-13bb7b38b3ba,A young patient present with significant loss of central vision and a normal ERG. There is no obvious family history of similar presentation. The most likely diagnosis:,"The most likely diagnosis could be Stargardt's disease, which is a form of inherited juvenile macular degeneration causing loss of central vision.",1
f8c3b69c-a747-43b4-a259-6f274372220a,"A 25 year old primigravida at 10 weeks pregnancy presents with abdominal pain and bleeding per vaginum. BP is 118/74 mm Hg & on speculum examination, bleeding is found to come from Os. On Per Vaginum, uterus is of 10 weeks size, soft and Os is open 1.5cms. diagnosis?",The symptoms suggest a threatened or inevitable miscarriage. Please seek immediate medical attention.,0.8
9129d80a-93bc-4490-81b6-17c8a28f0420,"An infant has hepatosplenomegaly, hypoglycemia, hyperlipidemia, acidosis and normal structured glycogen deposition in liver. What is the diagnosis?","The infant likely has Glycogen Storage Disease Type I, often referred to as Von Gierke's disease.",1
30e528c9-ce8a-47aa-9584-68cf5c77e2fa,"A 42-year-old company executive presents with sudden upper GI bleed (5 litres) of bright red blood, with no significant previous history. The diagnosis is-",The diagnosis could be a severe peptic ulcer disease or gastroesophageal varices. Immediate medical attention is necessary.,0.7
2f954edd-ea01-40c9-ae03-21615bea9720,"A young patient presented with sudden painless loss of vision with systolic murmur over chest, ocular examination reveals – cherry red spot in macula with clear AC, with perception of light, diagnosis –","The patient's symptoms suggest a diagnosis of Central Retinal Artery Occlusion (CRAO), an ocular emergency often associated with underlying cardiovascular disease.",1
66666316-318b-4233-9bfe-b018e18939ef,A patient presented with a 1 X 1.5 cms growth on the lateral border of the tongue. The treatment indicated would be,"The treatment would typically involve a surgical removal or biopsy of the growth for examination, followed by potential radiation therapy or chemotherapy depending on the diagnosis. Consultation with an oral surgeon or an oncologist is necessary.",0.5
f170a0fe-529d-4ec6-8fb4-274f09fb47e6,"A 26 year old female after her delivery develops features of headache, nausea, visual complaints, fatigue. What is the most probable diagnosis?","The symptoms suggest the possibility of postpartum preeclampsia, but a medical professional would need to confirm the diagnosis.
",0.5
a69da404-49d9-4011-b0d3-c119023bd010,"A patient had a spontaneous abortion, then she came with amenorrhea and FSH 6 IU/mL. What the most probably diagnosis?","The patient may be experiencing early menopausal transition. However, further tests will be needed to confirm the diagnosis.",0
8b3563d5-c5c2-452b-80d2-36690cd0e46e,"A 45 year old female presented with progressive lower limb weakness, spasticity, urinary hesitancy and mid dorsal (thoracic) extra axial, dural based, intradural enhancing mass in MRI. What is the diagnosis",The symptoms and MRI findings suggest a diagnosis of Spinal Meningioma.,1
f9931f18-cba4-45b7-bc63-b61c3b192268,A 60 yrs old male suffering from auditory hallucination says that people staying upwards are talking about him and conspiring against him. He staed getting this feeling since one month. He dropped a police complaint against them but the allegations were proved to be wrong. The diagnosis is:,"The described symptoms may indicate a condition called paranoid schizophrenia. However, a diagnosis must be confirmed by a healthcare professional based on a more detailed evaluation.",0.9
dd29c197-1bc6-4689-9af5-53dd4e69a803,Repeated dislocation of the condyle can be treated by intentional fracture of the zygomatic arch and reunion. This procedure is called as,This procedure is known as Dautrey's Procedure.,1
32110c5e-4af4-4cb1-b56b-0646e3d3994b,"You are the DOTS provider for a patient. He has completed his 6 months of treatment. He was sputum +ve to begin with, but after the intensive phase of treatment he became sputum -ve. He was again confirmed to be sputum negative 2 months after staing the continuation phase. This patient can be termed as:","This patient can be termed as ""cured"" from tuberculosis, as he has completed the treatment and his sputum tests are now consistently negative.",0.8
ee0a04dc-ad66-4f98-8ef6-180bed59d78f,"A-65, year old farmer presents with sweating, hypothermia and pulse rate of <50/min treatment is:",The patient appears to be experiencing bradycardia and should be evaluated for potential cardiac issues. Treatment might include measures to treat underlying causes or medications to increase heart rate. Patients should be seen by a healthcare provider urgently.,0.5
ed731fc5-1d79-4351-8f71-77a8aff8e772,"A 55-year-aged chronic alcoholic male, presented with irrelevant talks, tremor and sweating. He had his last drink 3 days back. What will the probable diagnosis?",The probable diagnosis is alcohol withdrawal syndrome.,0.5
15a11eed-06b1-4dc8-8b10-b5707ae9a57f,Initial treatment for management of mild to moderate Crohn's disease is?,"Initial treatment for mild to moderate Crohn's disease typically involves anti-inflammatory drugs such as aminosalicylates and corticosteroids, as well as immunomodulators as appropriate.
",0.5
654dcf61-58dd-423b-b5c5-dd4701cebf5e,A 20-year-old patient with urethral discharge. Possible diagnosis:,"The possible diagnosis could be a sexually transmitted infection, such as Gonorrhea or Chlamydia.",0.5
5eb1ada1-6987-4378-8627-b88ae3a65510,Lead aprons of ___ mm will reduce the intensity of scattered X -rays over ____ per cent and should be worn by all workers regularly associated with X-ray procedures.,Lead aprons of 0.5 mm will reduce the intensity of scattered X-rays over 95 per cent and should be worn by all workers regularly associated with X-ray procedures.,0.5
81bcea5c-6ae8-4974-9785-ec658841c9ae,"Sexually active male comes with complaints of recurrent ulcers over the glans which heals with hyperpigmentation, probable diagnosis is -",The probable diagnosis is Genital Herpes.,0
76ccd713-7819-4d84-aee9-0826dd6602ae,The threshold of Middle cerebral aery peak systolic velocity for the diagnosis of fetal anemia is a value ------ for the gestational age,The threshold of Middle Cerebral Artery Peak Systolic Velocity for the diagnosis of fetal anemia is a value greater than 1.5 multiples of the median (MoM) for the gestational age.,1
6f769e62-28f3-48e9-8476-6e171abf6fbe,"A 3-week-old neonate who began vomiting 2 days after birth, usually within 30 minutes after breastfeeding. He also has abdominal distension with enlargement of liver, with jaundice. The consulting doctor did two urine dipstick test, one specific for glucose was negative, second test specific for reducing sugar was positive. What is the diagnosis?","The diagnosis could be Galactosemia, a condition where the body cannot metabolize the sugar galactose, commonly found in milk. It is a genetic disorder and symptoms can appear few days after birth.
",0.85
1a61ac31-2a2a-49bf-b21c-b8a4dc3b4599,"A 35 year old woman with dysmenorrhea and menorrhagia of 6 months duration, showed an enlarged uterus of 20 weeks which was tender, the possible diagnosis is :","The possible diagnosis could be fibroids or adenomyosis. However, a thorough evaluation including an ultrasound or MRI is needed for a definitive diagnosis.",0.5
8b53e4bd-f4fa-4100-8c4e-9c8734e9e857,"A child presents with hypochromic microcytic anemia, with normal levels of free erythrocyte protoporphyrin . The most likely diagnosis is",The most likely diagnosis is Thalassemia.,1
3c7d46b0-0513-412f-be41-62ef2f2ee337,"5-year-old child presented with wheezing, hepatosplenomegaty, eosinophilia and having puppy and hoarse voice. The diagnosis is","This child may have a condition called visceral larva migrans, which is a disease caused by roundworm parasites, often associated with puppies.",0.8
4c1cf599-4f1f-43a7-92c4-1df3054fe8b1,A 20 year average weight female presented with oligomenorrhea and abnormal facial hair growth along with high serum free testosterone levels. On USG the ovaries are normal. The diagnosis :,"This patient's symptoms and lab results could suggest Polycystic Ovary Syndrome (PCOS), despite having normal-looking ovaries on ultrasound.",0.8
b8ea087a-9cbf-4ef1-a2ce-82948c4cdc2a,"A female child presents with developmental delay, nasal obstruction, large head and hearing effect. On examination hepatosplenomegaly was present. ECHO was suggestive of cardiac valve fibrosis. What is the likely diagnosis?","The likely diagnosis is Hurler Syndrome, also known as Mucopolysaccharidosis Type I.",1
665b41ba-f0ea-4d7d-8aed-ac1a4e7497a6,30 years old male presents with painful flaccid bullae on right face and oral mucosa without evidence of inflammation or redness; what is the most probable diagnosis?,"The most probable diagnosis is Pemphigus Vulgaris, a rare autoimmune disorder that causes blistering and sores on the skin and mucous membranes.",1
5c8cfafa-095c-4f4f-b434-c87c37edb733,What is the dose of niclosamide used in treatment of Taenia saginata infection in children?,The dosage of niclosamide for treating Taenia saginata in children is typically 50 mg/kg (up to 2 grams) as a single dose.,0
df16ea39-99d4-4006-bcb9-24c92c49b18f,"A baby is born after 31st gestational weeks by cesarean delivery. The child has tachypnea, nasal flaring, subcostal and intercostals retraction. Nasogastric tube was positioned without problems. Chest radiography shows bilateral, diffuse, ground-glass appearance, air bronchograms and poor lung expansion. What is the best treatment plan in the present case?","The symptoms and chest radiography results suggest a condition called Respiratory Distress Syndrome (RDS). The best treatment typically involves providing supplemental oxygen or mechanical ventilation, and surfactant replacement therapy to improve lung function.",0.9
9f1f6127-0290-4316-a3d4-7cc84a44d761,A 32-year-old female is on long-term treatment for Rheumatoid ahritis. Fundus examination was done on follow up visit. What is the most probable drug responsible for this?,"The most probable drug responsible for this could be Hydroxychloroquine, as it is used for Rheumatoid arthritis and requires regular fundus examinations due to its potential to cause retinal damage.",0.5
00daa54f-1ade-4556-9d38-e82b52eab672,"A 60 years old man presented with itchy tense blisters on normal looking skin and urticarial rash, investigation done for the diagnosis:","It sounds like this patient may have Bullous Pemphigoid, an autoimmune skin disease characterized by blisters. Confirm with a biopsy and direct immunofluorescence test.",0.75
6e666a88-afc5-44c4-b004-77dda247a3db,40 year old male farmer who has livestock was admitted with paroxysms of cough and expectoration. Clinical examination was normal. Chest X-ray showed a large thin walled cavity containing membranes in the lower lobe of the left lung with left pleural effusion. CT scan of the chest revealed a 'water lily' sign. What is the most probable diagnosis?,"The most probable diagnosis is Hydatid disease, caused by the parasite Echinococcus. The 'water lily' sign is indicative of ruptured pulmonary hydatid cysts.",1
a23a3f1e-5f12-44b6-a833-2a9d30151f53,"A 23 year old man comes to psychiatry outpatient due to symptoms of sleep disturbances and 'feeling low'. The symptoms staed 2 months back after he found that his girlfriend was cheating on him and was in a relationship with her boss. The patient immediately broke up with her. However since than he has been feeling sad, and repos that nothing makes him feel better anymore. The patient has stopped going to office and doesn't even come out of his room unless its absolutely necessary. He has not slept for seven days and has lost a couple of kilograms in last two months. During interview he said, 'i am a loser, my girlfriend chose a 50 year old man over me, there must be something seriously wrong with me, '. What is the diagnosis?","The patient is likely suffering from major depressive disorder, as indicated by his persistent low mood, difficulty sleeping, weight loss, feelings of worthlessness, and social withdrawal.",1
49fe11d4-b070-4ee9-ba0e-909dad1d38ff,"A 7 year old boy presents to the OPD with a painless limp. On examination, you observe that abduction and internal rotation of left hip are restricted. While attempting to flex the hip, the knee goes toward axilla. What is your probable diagnosis?","The probable diagnosis for this child is Perthes' Disease, a condition that affects the hip in children.",1
6b661ec1-338e-4963-8659-76b635bb86ec,"A man presents with weakness, pain in upper

abdomen, hyperpigmentation, arthritis,

hyperglycemia and enlarged palpable liver. Most

probable diagnosis is -",The most probable diagnosis for these symptoms is Hemochromatosis.,1
5526701d-6cdd-4f41-9f0d-8921e8b8cc02,"A 60-year-old man is brought to a psychiatrist with a 10-year history, that he suspects his neighbors and he feels that whenever he passes by they sneeze and plan against behind his back. He feels that his wife has been replaced by a double and calls police for help. He is quite well-groomed ale, occasionally consumes alcohol, likely diagnosis is:","The likely diagnosis for the 60-year-old man is Paranoid Schizophrenia, a subtype of schizophrenia characterized by delusions and hallucinations.",1
d096ac57-44c6-4d5d-91e9-d80e239d550e,"A patient presented with 1 cm coin lesion over right upper lobe of lung on x-ray, not suggestive of metastasis. No lymph node enlargement. FNAC reveals anenocarcinoma. The treatment is","The treatment typically involves surgical removal of the lesion, potentially followed by chemotherapy or targeted therapy based on the specific characteristics of the adenocarcinoma.",0.5
0882788c-fc16-48d7-b4f1-36519ea28c12,"A 35-year-old man has had an outbreak of pruritic lesions over the extensor surfaces of the elbows and knees during the past month. He has a history of malabsorption that requires him to eat a special diet, but he has had no previous skin problems. On physical examination, the lesions are 0.4- to 0.7-cm vesicles. A 3-mm punch biopsy of one of the lesions over the elbow is performed and on microscopic examination shows the accumulation of neutrophils at the tips of dermal papillae and the formation of small blisters caused by separation at the dermo-epidermal junction. Immunofluorescence studies show granular deposits of IgA localized to tips of dermal papillae. Laboratory studies show serum antigliadin antibodies. What is the most likely diagnosis?",The most likely diagnosis is Dermatitis Herpetiformis.,1
8966134c-fccf-4445-b2fe-2abc7e275b0c,What should be used for the treatment of this child with intellectual disability?,"Treatment for a child with intellectual disability often involves a multi-disciplinary team including doctors, teachers, therapists, and social services for personalized education and therapy plans. Specific treatments will depend on the child's individual needs and abilities.",0.6
87fc59fc-eaad-4f02-a345-633f734defdf,"14 year old girl with history of abdominal pain (periumbilical), postprandial, passing blood in stools, fever, weight loss since ten months. She also has episodes of passing blood in stools. What may be the likely diagnosis?","The symptoms described, such as chronic abdominal pain, bloody stools, fever, and weight loss, can suggest a condition like Crohn's disease or Ulcerative Colitis. Please consult with a healthcare provider for accurate diagnosis and treatment.",0.7
4e53c279-0111-4932-b6c2-4dc378f93040,"A patient, on treatment for leukemia, develops the pain, pulmonary infiltrates and pleural effusion. The cause is -","The symptoms could be indicative of a condition called Leukemia-Related Pleural Effusion, or possibly an infection or lung damage due to chemotherapy treatment.",0.5
7759c382-92bd-4a47-8eaf-98e9ebdbf4b0,"6 year old drowsy child came in emergency with history of vomiting, loose motion for 3 days. On examination he had sunken eye, hypothermia, skin on pinching taken time to revert diagnosis -","The child's symptoms suggest severe dehydration, likely caused by acute gastroenteritis.",0.8
db4237d0-b161-4163-8ea8-6c0e09336a7d,A male 25 years old presents to the dental clinic with black spot .He also gives the history of previous dental treatments of other teeth as well . Intraoral examination reveals pit and fissure caries with 17. The alignment of the rotary instrument shank axis in this patient should be:,The alignment of the rotary instrument shank axis should ideally be parallel to the long axis of tooth number 17.,0.9
8fa8bce2-63ae-424a-8e98-73f4171dc577,A child after consuming food in a pay complains of diarrhoea within 1-5 hours. The diagnosis is,"The child may be suffering from food poisoning, likely due to bacteria in the consumed food.",0.5
6b02ecb0-2630-4aff-92c5-f4c942dc2c69,"A 15 year old boy has bilateral optic atrophy, diabetes mellitus and diabetes insipidus. The diagnosis is","The diagnosis could be Wolfram syndrome, a rare genetic disorder that often presents with these symptoms.",1
cc3ea37d-cd44-4b3a-858d-c8e2f57503d1,A patient complains to a physician of chronic pain and tingling of the buttocks. The pain is exacerbated when the buttocks are compressed by sitting on a toilet seat or chair for long periods. No lumbar pain is noted. Pain is elicited when the physician performs Freiberg's maneuver. Most likely diagnosis?,"The most likely diagnosis is Pudendal Neuralgia, a condition characterized by pain or discomfort along the pathway of the pudendal nerve.",0
4663db74-7aa7-4d16-8330-0fd9a21795f7,A 9-year-old female child with history of head ache and visual disturbance. What could be possible diagnosis?,"The child may be experiencing migraines or might have a refractive error such as nearsightedness or farsightedness. It's also possible, but less likely, that these symptoms could indicate a more serious condition like a brain tumor. Please see a healthcare professional for a definite diagnosis.",0.6
871fc20c-b9d8-4c2e-b622-e45471764e3c,A 67 year old woman with a prosthetic aortic valve develops progressive anemia. Examination of a peripheral blood smear reveales reticulocytsis and schistocytes. What is the appropriate diagnosis,"The appropriate diagnosis is Hemolytic Anemia, specifically, prosthetic valve-induced hemolysis.",0.5
653cb244-bf85-4e3e-b526-0f097b553c36,"A patient came to eye OPD with h/o dactylitis, anemia and growth retardation. In fundus there is sea fan neovascularization and salmon patches. What is the probable diagnosis",The probable diagnosis is Sickle Cell Retinopathy. These symptoms are consistent with complications often seen in individuals with Sickle Cell Disease.,0.9
ca7c1cf5-d7a1-418f-be96-e5644809781f,"A young male after sudden unconsciousness following an episode of seizure, on awakening, finds that both of his arms were adducted and internally rotated. The most probable diagnosis is:","The most probable diagnosis is Todd's Paralysis, a condition that occurs after an epileptic seizure and results in temporary weakness or paralysis of the limbs.",0
7f8a9fa6-19ca-44f3-b33f-3bf046753021,"A 30 year old man has 6/5 vision each eye, unaided. His cycloplegic retinoscopy is +1.0 D sph. at 1 metre distance. His complaints are blurring of new sprint at 30 cm, that clears up in about two minutes. The most probable diagnosis is:","The most probable diagnosis is latent hyperopia, also known as accommodative fatigue.",0.5
c83fc9a6-7710-4e63-9e38-5a284c18f89d,"A person is suffering from HIV, resident treating the
patient got needle prick what should be the immediate management/treatment taken","The person who got pricked should immediately wash the area with soap and water, and report the incident to the medical team. HIV post-exposure prophylaxis, which can help prevent HIV infection, should be started as soon as possible, ideally within 72 hours.",0.8
b8acb241-dee2-4546-9dcc-c1fb1a848f6b,In chronic kidney disease patient endodontic treatment should be done on:,"Endodontic treatment in chronic kidney disease patients can be executed as necessary, after careful assessment and in coordination with a nephrologist.",0.5
8bebc2b7-a43d-4cd3-a8a4-3180ab11250c,A patient on treatment for leukemia develoPS chest pain pulmonary infiltrates and pleural effusion. The likely cause is,The likely cause could be a lung infection or a drug-related pulmonary toxicity associated with leukemia treatment.,0.5
678f9821-2798-4626-bdee-0cb43940dbb0,"A 67 year old lady is brought in by her 6 children saying that she has gone senile. Six months after her husband's death she has become more religious, spiritual and gives lot of money in donation. She is occupied in too many activities and sleep less. She now believes that she has a goal to change the society. She does not like being brought to the hospital and is argumentative on being questioned on her doings. The diagnosis is -","This woman may be experiencing a manic episode, often seen in conditions such as Bipolar Disorder. It is important for her to receive a full psychiatric evaluation.",0.75
85711068-fd92-480c-920e-b1a23c1db8c2,A young lady presents with white lacy lesions in oral cavity and her proximal nail fold has extended onto the nail bed. What is the likely diagnosis?,"The likely diagnosis is Lichen Planus, a chronic inflammatory condition that affects the skin and mucous membranes.",1
6889a839-aed9-4b60-9943-aaa866acf8bc,A female with 45X0 genotype has primary amenorrhoea. Most likely diagnosis is:,The most likely diagnosis is Turner Syndrome.,0.5
3c87633f-c5ed-4c3d-a6f9-cd4641d919c6,A child presents with history of high fever for 4 days along with seizures. A rash develops on trunk on the day after the fever subsides. What is the most probable diagnosis?,"The most probable diagnosis is Roseola, also known as the sixth disease.",0.85
f45bf97f-a64b-477f-9c9d-b22827de138e,"A 25-year-old lady reports to you with a diffuse, non progressive and a non tender swelling of the right maxilla, approximately 2 x 1.5 cm, extending from the canine to the first molar region. The x-ray shows a ground glass appearance of the bone in the concerned area. The surgical treatment will be","The surgical treatment will likely be a curettage or enucleation if the condition is suspected to be fibrous dysplasia, but this should be confirmed by a biopsy first.",0.5
78a2b55a-fb6d-400f-95af-874cf623fe9b,"A 6 years old child belonging to Punjabi family with past history of blood transfusions presented with hemoglobin-3.5 gm/dL, MCV-30 fL. Peripheral smear findings of microcytic hypochromic anemia with target cell and reduced osmotic fragility. The probable diagnosis of patient:","The probable diagnosis of the patient is Thalassemia, likely Beta Thalassemia Major, considering the patient's history of blood transfusions and microcytic hypochromic anemia.",1
bf4501d5-cedf-4393-8f39-eddea780e617,"Brain injury patient in shock, emergency treatment:","Immediately call 911, ensure the patient is breathing and has a pulse. Try to keep them calm and still to prevent further injury until medical help arrives.",0.5
40fe0800-6fff-438f-bdfd-31afc1f8d151,Epley's manoeuvre is used in treatment of,Epley's manoeuvre is used in the treatment of benign paroxysmal positional vertigo (BPPV).,1
85cc0846-7b14-4453-b586-25ad3fe0f8e6,A 26-year-old man attends an occupational heath assessment in preparation for new employment. A 12 leads ECG is recorded as shown. He is feeling well and is experiencing no symptoms.He has no significant past medical history. Based on the ECG findings what is the most likely diagnosis?,"As an AI, I'm unable to view or interpret physical ECG results. Please provide ECG interpretations or consult with a healthcare professional.",0
200be15b-719a-4eeb-8692-56b5c9b46383,"A 9-year-old boy is brought with history of decreased urine output, cola colored urine and swelling of the face and hands, of 2 days duration. He is hypertensive, has a puffy face and pitting edema of the lower limbs. He has history of skin lesions 4 weeks earlier. A diagnosis of post streptococcal glomerulonephritis is made. ASLO titers are likely to be?",ASLO titers in a case of post streptococcal glomerulonephritis are likely to be elevated. This is due to the body's immune response to a recent streptococcal infection.,0.5
5c43b1d9-5d24-49f1-bca9-0efecb0436d1,"In a well designed clinical trial of treatment of ovarian cancer, remission rate at one year is similar for a new drug and usual care, The P-value is 0.4. This means that",This means that there is no statistical significant difference in remission rate between the new drug and usual care.,0.5
55363f9b-e433-498b-a405-7aace62405e5,"patient underwent LSCS post operative patient developed constipation , abdominal distention and examination showed absent bowel sound and soft in consistency .diagnosis is ?","The patient appears to have postoperative ileus, a condition where bowel movement temporarily stops after surgery.
",0.75
25b69ccb-be0a-4e22-90e4-c1a2a8a6cf9a,"A 38-year-old woman has had malaise and arthralgias for the past 14 months. On physical examination, she has scleral icterus and 1- to 3-cm areas of reddish-purple discoloration on her skin. Several of these areas show focal ulceration. Laboratory findings show total protein, 7.1 g/dL; albumin, 3.3 g/dL; AST, 127 U/L; ALT, 145 U/L; alkaline phosphatase, 80 U/L; total bilirubin, 4 mg/dL; and direct bilirubin, 3.1 mg/dL. Serologic test results are positive for anti-HCV and negative for anti-HBs and IgM anti-HAV. Urinalysis shows 4+ proteinuria and 1+ hematuria. CT scan of the abdomen shows a small amount of ascites, mild hepatomegaly, and no splenomegaly or lymphadenopathy. A biopsy specimen of an ulcerated skin lesion shows leukocytoclastic vasculitis involving the upper dermis. What is the most likely diagnosis?","The most likely diagnosis for this patient is Hepatitis C infection with associated cryoglobulinemia. Cryoglobulins are often associated with hepatitis C, and they can cause skin manifestations like vasculitis and organ damage such as renal disease indicated by proteinuria and hematuria.",0.8
34021ac6-677b-4116-a325-58ec24598baa,"A child presents with raised ICT, on CT scan a lesion is seen around foramen of Monroe and multiple periventricular calcific foci. What is the most probable diagnosis?","The most probable diagnosis is Neurocysticercosis, a parasitic infection of the central nervous system.",0
ae2a3d64-8a47-4b05-9ffb-de11de433278,"7 year old boy chandu presents with reccurent, scaly, hypopigmented patch on face, diagnosis is –","The symptoms likely indicate a condition known as Tinea Versicolor, a common fungal infection of the skin.",0.5
b4c800cb-a4b8-4230-9afa-492070026292,"An 8-year-old girl is brought into the physician's office in mild respiratory distress. She has a history of allergies to cats and wool, and her parents state that she has recurrent episodes of upper respiratory tract infections. Physical examination shows expiratory wheezes, use of accessory respiratory muscles, and a hyperresonant chest to percussion. Analysis of arterial blood gases discloses respiratory alkalosis, and the peripheral eosinophil count is increased. What is the appropriate diagnosis?",The appropriate diagnosis for the 8-year-old girl is Asthma.,1
ed461901-7309-4f3b-b02e-0877a0715dc0,"Give the most probable diagnosis of a 1 year. old child of normal intelligence with features of hypotonia. On examination, there are tongue fasciculations and he keeps his body in a frog-like position –","The most probable diagnosis for the child described is Spinal Muscular Atrophy (SMA), likely Type 1, also known as Werdnig-Hoffmann disease.",1
680947ad-5ce5-4bba-bb61-474023f79317,A 77-year-old Asian woman mentions that she always develops skin abscesses and oral ulcers following minor trauma. What is the most likely diagnosis?,"The most likely diagnosis is Pyogenic Arthritis, Pyoderma Gangrenosum, and Acne (PAPA) Syndrome or possibly another autoinflammatory disease.",0
3384819b-2f30-400b-a837-125d38719aa4,"A 20 year old male presented with painless mass in the neck for 3 years, which has been progressively increasing in size. O/E the mass is seen just anterior and medial to the right sternocleidomastoid. The mass becomes larger and tender during upper respiratory infections. USG shows a single round cystic mass with uniform low echogenicity and lack of internal septations. CECT scan shows a homogenous mass with low accentuation centrally and smooth rim enhancement. Most probable diagnosis","The most probable diagnosis is a Branchial Cleft Cyst, given its location, characteristics, and relationship with upper respiratory infections.
",0.9
d3723cae-b809-45c4-9bcc-2328422b0eb1,The likely diagnosis in a child with limb pain and pancytopenia is –,"The likely diagnosis could be Acute Leukemia, as it often presents with limb pain and pancytopenia in children.",0.9
c82dbf26-d3b8-462b-9468-d68613ac412a,A 47 year old post menopausal lady was on adjuvant hormonal treatment with Tamoxifen for 3 years for Carcinoma Breast. She came to Outpatient Department with history of passing blood clots per vagina. She is probably suffering from:,"She is likely suffering from a condition called endometrial hyperplasia or potentially an endometrial cancer, both are known side effects of prolonged use of Tamoxifen. However further diagnostic tests are needed for confirmation.",0.5
f4317934-68e1-4067-b6dc-a9955c6588de,"A 54 yr old smoker man comes with fever, hemoptysis. weight loss and oligo ahritis. Serial skiagram shows fleeting opacities. What is the diagnosis aEUR'","The symptoms suggest the man may have tuberculosis, which is quite common among individuals with a smoking history. However, considering the signs of oligoarthritis and fleeting opacities on the radiographs, he might have a condition called ""Sarcoidosis"". He needs to consult a doctor for a precise diagnosis.",0.4
8ee07e98-2d45-4ed0-ac36-19d20f1b290d,"A 2 month old infant is presented with failure to thrive, recurrent emesis, hepatosplenomegaly, and adrenal insufficiency. Adrenal calcification is noted radiologically. What is the most likely diagnosis?","The most likely diagnosis is Adrenoleukodystrophy, a rare genetic disorder that affects the adrenal glands, spinal cord, and white matter of the brain.",0
4411d804-6420-44e5-9a63-76911f530562,A child was brought to OPD with red follicular hyperkeratotic papules over knee.These are areas of normal skin in between.The child also has thickening of palms & soles.The most likely diagnosis is,"The most likely diagnosis is Keratosis Pilaris, a common skin condition characterized by rough patches and small, acne-like bumps.
",0
7b056c59-cca5-4d21-9b11-f9a80e09cd71,"A 6 yr old child with a history of bih asphyxia does not communicate well, has slow mental and physical growth, does not mix with people, has limited interests and gets wildly agitated if disturbed. What is the MOST likely diagnosis of this child?","The child's symptoms suggest a condition on the autism spectrum. However, a proper diagnosis requires assessment by a neuro-pediatrician or a child psychologist.",0.75
717e80f5-744d-4c92-961b-a16bd6891a19,"An 18 year old male presents to OPD with pain in lower right tooth region with no remarkable medical history. On intraoral examination, teeth are not carious and respond normally to vitality test. Radiographic examination reveals well-defined multilocular radiolucency with scalloping around the root of 43. What is the most probable diagnosis?","The most probable diagnosis is a keratocystic odontogenic tumor (KCOT), formerly known as odontogenic keratocyst.",0
9dfe13f9-7001-4fe1-af82-e590ee5b4fc7,"A 3-year-old child with delayed speech development, prefers to play alone and is not making friends. The likely diagnosis is","The child may likely be showing signs of Autism Spectrum Disorder. However, a full assessment by a professional is required for an accurate diagnosis.",1
45d55ea3-7975-4e9b-af5d-b3399c539e0e,"2 months old child having birth weight 2kg, with poor feeding, very sleepy and wheezing. The diagnosis is -","This appears to be symptoms of possible neonatal infection or respiratory distress. However, an exact diagnosis can only be made by a healthcare professional after a thorough examination. Seek medical attention immediately.",0.5
eb6dbaa7-ae78-445d-bf98-13f833983e0c,A patient presented with local gigantism of the leg and increased pulsations of the lower limb veins. Most probable diagnosis is,"The most probable diagnosis is Klippel-Trenaunay Syndrome, a rare congenic vascular disorder characterized by leg enlargement, venous malformations, and port-wine stains.",0.5
44089053-e052-49d6-abde-58cc2b389bee,"A 70-year-old man presents with h/o prosopagnosia, loss of memory, 3rd person hallucinations since 1 month. On examination deep tendon reflexes are increased, mini-mental examination score is 20/30. What is most likely diagnosis?","The most likely diagnosis is Alzheimer's disease or another form of dementia, given the patient's age, hallucinations, memory loss, prosopagnosia (difficulty recognizing faces), and diminished mini-mental examination score.",0.9
1d637ef7-069f-41ee-95a6-6f136d264aa0,A 27-year-old female came for treatment of infertility to OPD; bromocriptine was prescribed. What could be the possible reason?,"The possible reason could be that she has high levels of prolactin hormone in her body, a condition known as hyperprolactinemia, which can cause infertility. Bromocriptine is used to lower prolactin levels.
",1
637670f7-d970-4549-8e2d-90cb5119a13e,"A patient put on ventilator shows a reading of ABG analysis as | PaCO2, Normal PaO2 and pH 7.5, what is the likely diagnosis?","The patient likely has respiratory alkalosis, which is indicated by the elevated pH (alkalemia) and normal PaCO2.",0.8
8e499cc8-3e71-4323-bbd5-93ed309c58dc,"A 31-year-old male was brought to the emergency room by a colleague after having a seizure at work. The colleague repoed that over last 6 months the man would frequently come late to office and was given warnings for the same reason.The colleague also stated that he would often come to office after consuming alcohol, was seen with clenched fists and grinding his teeth most of the time and was once caught by boss while he was using alcohol in office. Patients mother had expired two days back, and he was in his house for last two days and had just joined the office today. What is the likely diagnosis","The symptoms suggest Alcohol Withdrawal Syndrome, however a proper diagnosis would require a full medical evaluation.",0.9
6dc070f5-ddd0-4c8f-947d-fe13c122aeef,"A young boy presented to OPD with multiple shiny pinhead size white papules over dorsum of head, forearm and penis. What would be the diagnosis?","The boy's symptoms seem consistent with Molluscum Contagiosum, a common viral skin infection.",0
3c860ea8-ae63-4bad-9032-90a0c570bb2c,"A 60-year-old male presents with coloured halos. On Fincham&;s test, the halos split and then reunite. The most probable diagnosis is",The most probable diagnosis is acute angle-closure glaucoma.,0
d2982f86-756b-4900-b101-e28f20ac8d7e,"A 5-year-old woman presents with dry cough and progressive breathlessness of two years duration. Examination reveals clubbing, cyanosis and bibasilar crepts. What is the probable diagnosis -","The symptoms are suggestive of a chronic lung condition, potentially idiopathic pulmonary fibrosis.",0.5
311cdecb-0f7a-4062-98d3-1f8717748201,"An 8-year-old girl is brought into the physician's office in mild respiratory distress. She has a history of allergies to cats and wool, and her parents state that she has recurrent episodes of upper respiratory tract infections. Physical examination shows expiratory wheezes, use of accessory respiratory muscles and a hyperresonant chest to percussion. Analysis of aerial blood gases discloses respiratory alkalosis and theperipheral eosinophil count is increased. What is the appropriate diagnosis?",The appropriate diagnosis is Asthma.,1
bc267e20-5399-49e3-99a0-eb2a5df875ae,30-year-old female c/o right hypochondrial pain- On CT floating membranes are seen in liver- diagnosis,"This condition could potentially be a diagnosis of a hepatic hydatid cyst, an infection caused by Echinococcus granulosus or Echinococcus multilocularis.",1
a30ef1a8-2434-4555-8e3c-940b50b46781,"This patient, previously healthy, came now with dyspnoea and low grade fever since 4 months. His lungs are clear. JVP is normal. ECG showed low voltage complexes. What is the possible diagnosis?","The possible diagnosis could be Cardiac Tamponade, a condition caused by the accumulation of fluid in the pericardial space resulting in reduced ventricular filling and subsequent hemodynamic compromise. It's important to seek further testing to confirm.",0.5
2153cd41-c77c-4320-a03f-b9f048463369,A patient presents with unilateral painful ophthalmoplegia. Imaging revealed an enlargement of cavernous sinus on the affected side. The likely diagnosis is:,The likely diagnosis is Tolosa-Hunt Syndrome.,1
98eec545-7c9f-4284-9d50-c9a52105497e,A 25-year-old female presents with progressive dyspnea for one year. CXR shows interstitial opacities and spirometry shows an obstructive pattern. What is the diagnosis?,The described symptoms suggest a potential diagnosis of Interstitial Lung Disease.,0.5
98944f7a-ec81-4040-b6fb-618ba132085d,What is the treatment for primary grade 5   vericoureteric reflux  involving both kidney in a 8 months old boy is,"The treatment for grade 5 vesicoureteral reflux in an 8-month-old boy typically involves a surgical procedure such as endoscopic surgery, open surgery, or robotic-assisted laparoscopic surgery, in order to correct the condition and avoid kidney damage.
",0.5
5f37ba67-2289-410c-b471-c35d4097650b,A 5 years old child presents with perivascular IgA deposition and neutrophilic collection. There is erythematous rash on the lower limb and non blanching purpura. Probable diagnosis is:,The probable diagnosis is Henoch-Schonlein Purpura (HSP).,1
536fc2cf-ebdc-471c-a07a-e5739f330eb8,"A 30-year-old male, Kallu, with a history of sexual exposure comes with a painless indurated ulcer over the penis with eveed margins. The diagnosis is","Kallu likely has syphilis, a sexually transmitted infection indicated by a painless ulcer, known as a chancre.
",1
fb38bd7e-5c1c-4c72-9dab-57529d3dd7b9,A 20-year-old female from Uttar Pradesh presents with nasal obstruction and crusting of nose. Examination revealed an infiltrating lesion involving the nasal vestibule and upper lip with broadening of nasal dorsum. Likely diagnosis is:,"The likely diagnosis is Rhinoscleroma, a chronic granulomatous infection that primarily affects the nose.",1
39cc2243-9a92-45f0-a941-eb601a8af451,A 50 year old male presented with recurrent bloody diarrhea. Colonoscopy showed geographical ulcers. Histopathology is shown below. What is your diagnosis?,"Without visible information or further details, I cannot provide a diagnosis. Please provide me with more specific clinical, histopathological data or refer to a healthcare professional for thorough diagnostic evaluation.",0.5
ef20580f-461a-41cb-af4d-9c232907e409,"A coin is loaded in the esophagus of an asymptomatic 3 years female child, treatment is:",The treatment typically involves endoscopic removal of the coin by a trained medical professional.,0.75
01ddc7d4-8bd8-4ab5-85a8-2ea6498a9ac4,A 40-year-old female patient presented with dysphagia to both liquids and solids and regurgitation for 3 months. The dysphagia was non-progressive. What is the most likely diagnosis?,"The most likely diagnosis for the mentioned symptoms is Achalasia, a disorder affecting the esophagus.",0.9
33019825-a1b2-4fe4-8b60-c24b9f890123,"A 4–year–old child is admitted with fever, non–purulent conjunctivitis, rashes, cervical lymphadenopthy, hepatomegaly and desquamation of fingers and toes. Echocardiography shows coronary artery aneurysm. What is the most likely diagnosis ?",The most likely diagnosis for this child is Kawasaki Disease.,1
9fbb02d6-25d7-4027-b762-fcb6441b6f15,A 50-year-old man had drinks followed by a heavy dinner. He had severe vomiting and chest pain and collapsed. X-ray of chest showed hydropneumothorax. The likely diagnosis is:,"The likely diagnosis is Boerhaave syndrome, a spontaneous rupture of the esophagus often associated with forceful vomiting, leading to hydropneumothorax.",1
6a4df828-83d9-427e-a338-6b03db8b8f93,A thiy-year-old male presents to the Emergency Depament with symptoms of epigastric pain radiating to back that wakes him up at night and is relieved by consuming food. He gives a history of similar pain in the past which was diagnosed as perforated duodenal ulcer and treated with omental patch surgery on two occasions. Pain before and after surgery has been controlled with proton pump inhibitors and analgesics. The likely diagnosis on this occasion is,"The likely diagnosis could be a recurrent duodenal ulcer, given his past history and the similar symptoms. However, further investigations would be required to confirm.",1
5c1f2183-4eb5-4fab-a131-974eefdaedd5,A patient presents with hypeension and hypokalemia. CT abdomen was performed. What is the diagnosis?,"As an AI, I don't diagnose but the symptoms presented such as hypertension and hypokalemia could be suggestive of conditions such as Primary Aldosteronism, but a CT scan and further medical evaluations are required for a diagnosis. Please consult with a healthcare professional.",0.5
2c494ffd-f802-4081-8a0b-4ed1ac1200b2,"A 15 year old boy presented with multiple hypoaesthetic macules with sloping edge, seen on the face, trunk and arms. Histopathologic examination of lesion shows numerous bacilli and granulomatous infiltration. What is your diagnosis?","The diagnosis is likely leprosy (Hansen's disease), suggested by the presence of hypoaesthetic macules and granulomatous infiltration with bacilli on histopathologic examination.
",0.75
799f5cf7-2804-4395-9540-922089158b80,"Kallu a 22 years old male suffers from decreased sleep, increased sexual activity, excitement and spending excessive money for last 8 days. The diagnosis is:","Kallu may be experiencing a manic episode, often associated with Bipolar Disorder.",0.8
a2ac72fd-6d3c-44e9-aeba-54c0c5b43849,"A two-month-old infant is brought to the hospital emergency with marked respiratory distress. On examination, the infant has cyanosis and bilateral crepitations. Heart rate is 180/min, respiratory rate 56/min and the liver span 7.5 cm. The child has had repeated episodes of fever, cough and respiratory distress since the time of birth. Cardiovascular examination reveals a grade III ejection systolic murmur in left parasternal area and the chest X-ray reveals cardiomegaly with a narrow base and plethoric lung fields. What is the most likely diagnosis?","The symptoms suggest the infant is likely suffering from Congenital Heart Disease, specifically, a condition like Tetralogy of Fallot.",0.5
b0500326-7315-42c7-b50f-bfb80696691d,"A 10-year-old boy was admitted to the ward with complaints of fever for 2 weeks duration. After admission his fever pattern is recorded (shown below). In addition, he has ahritis and hepatosplenomegaly. What is the likely diagnosis?","Based on the symptoms, the likely diagnosis is Juvenile Rheumatoid Arthritis or another systemic inflammatory condition. However, specific fever patterns and lab information are required for a more accurate diagnosis.",0.5
66df7f5e-a9a5-4bf7-b5ea-cfc52e3e40e2,A 56 year old woman has not passed stools for the last 14 days. Xray shows no air fluid levels. Probable diagnosis is :,"The probable diagnosis could be chronic constipation, possibly due to slow transit constipation or bowel obstruction. However, further tests would be necessary for a confirmed diagnosis.",0.5
5432c783-52d9-4918-a197-fda8301d051b,26 yr old male presents with painless swelling over umbilicus). What is the most probable diagnosis?,The most probable diagnosis could be an umbilical hernia.,1
c6b6c019-a397-4140-bf8f-a7e3a7087d70,A 17-year-old boy presents with chronic low back pain and stiffness for the past 8 months. He denies any GIT or genital infections. His temp is 98.6 F. Lab investigation shows normal ESR and negative RA factor. X-ray films of the veebral column show flattening of the lumbar curve and subchondral bone erosion involving the sacroiliac joints. Most likely diagnosis?,"The most likely diagnosis for this patient is Ankylosing Spondylitis, an inflammatory disease that can cause some of the vertebrae in the spine to fuse together.",1
60ffa584-9fc1-4006-99ba-e4f955f3135a,A 30 year old female presents with history of itching under right breast. On examination annular ring lesion was present under the breast. The diagnosis is –,"The diagnosis could be Tinea corporis, also known as ringworm, a common fungal infection that forms a ring-like rash.",0.5
ad9f5fd9-e693-4ee9-a5d4-040833ac8bd7,A young boy 18 years of age presents with Pain in groin for 2 days. On examination the testis seems high and cremasteric reflex is absent. Elevation of testis worsens the pain. The probable diagnosis is:,The probable diagnosis is Testicular Torsion. This condition requires urgent medical attention.,0.8
8da5880c-2530-4c5b-a82a-394aa9b835d8,A 23 year old patient has fever with chills and headache since 7-8 days. Patient gives history of purulent are discharge on and off. He has retro-orbital pain. On examination he has mild ptosis. What is the likely diagnosis?,"The symptoms described, including purulent ear discharge, fever, headache, retro-orbital pain and mild ptosis, suggest the patient may have mastoiditis which has spread causing a condition known as Gradenigo's syndrome.",1
2e136b6e-af1f-4795-bcdd-b43d60321de6,A 25 year old male presents with multiple erythematous annular plaques with peripheral collarette of scales arranged predominantly over trunk. What is the most probable diagnosis?,The most probable diagnosis for this patient is Pityriasis Rosea.,1
96d84a96-5cb1-4f8b-bb49-e0cee3ceefea,"A sprightly 82 year old woman with a past history of a small hiatus hernia is recently diagnosed with osteoporosis and started on appropriate treatment. Three months later she complains to her family physician during a routine visit of progressive dysphagia to solids, especially to meat. The family physician notes
that she has lost 3 kg in weight although she retains a good appetite. She has no other symptoms and clinical examination is otherwise unremarkable. What is the most likely explanation?","The most likely explanation is that her hiatus hernia has become larger or more symptomatic, causing difficulty in swallowing (dysphagia) especially to solid foods.",0.5
117a0560-a8ea-40f9-9a23-f5f068296fbc,A 3 year old child presents with normal development milestones except delayed speech and poor concentration. He has difficulty in communication and relating to others and also difficulty in making friends but plays with himself. The likely diagnosis is:,"The likely diagnosis is Autism Spectrum Disorder. 
",0.9
a4130bdc-eba1-483e-9bdf-c5f6067ff468,"A 28-year-old G0, LMP 1 week ago, presents to your gynecology clinic complaining of a mass in her left breast that she discovered on a routine breast self-exam in the shower. When you perform a breast exam on her, you palpate a 2-cm firm, nontender mass in the upper inner quadrant of the left breast that is well circumscribed and mobile. You do not detect any skin changes, nipple discharge, or lymphadenopathy. What is this patient's most likely diagnosis?","The patient's most likely diagnosis is a fibroadenoma, a common benign breast tumor typically found in younger women.",1
05401516-f705-43d7-8663-a3f118394da4,A patient presented with gradually progressive painless mass since 10 yrs. It is firm to nodular & variable in consistency at each site. Most probable diagnosis is?,"The description might suggest a diagnosis of a lipoma or another type of benign tumor. However, only a biopsy can provide a definite diagnosis.
",0.5
5f8ed029-84f9-4ec8-8874-b15961d134d5,"An infant has hepatorenomegaly, hypoglycemia hyperlipidemia, acidosis & normal structured glycogen deposition in liver. What is the diagnosis:",The infant might have Type I Glycogen Storage Disease or Von Gierke's disease.,0.95
c4e948f5-e343-4847-99b0-833cfc920b51,25 years old female has palatal ulcer and skin blister most likely diagnosis is-,"The most likely diagnosis could be Pemphigus Vulgaris, a rare autoimmune disorder causing blistering of the skin and mucous membranes. Please consult a healthcare professional for a definitive diagnosis.",1
0bb4a7e5-669e-46b1-8d34-8b0b7037a477,A patient presented with unilateral proptosis which was compressible and increases on bending forward. No thrill or bruit was present. MRI shows a retroorbital mass with enhancement. The likely diagnosis is-,"The likely diagnosis is an Orbital Venous Malformation, also known as Orbital Varix.",1
b9eaa8d0-c04a-47d2-bec9-fad64570d01e,A 12 years old child presenting with painless neck swelling in supraclavicular region which staed discharging after few days. The most probable diagnosis?,"The most probable diagnosis for this is a cervical lymphadenitis or an infected lymph node in the neck region. However, diagnosis must be confirmed through medical examination.",0.5
b2ede6a0-22d4-48d8-ba09-8de3b6eaa287,"A middle aged man complains of upper abdominal pain after a heavy meal. There is tenderness in the upper abdomen and on X-ray, widening of the mediastinum is seen with pneumo-mediastinum. What is the diagnosis?","The symptoms and X-ray findings suggest a diagnosis of Boerhaave syndrome, a spontaneous rupture of the esophagus often caused by severe vomiting.",0.9
0e6c06a9-b6a9-4026-9867-d92c0f1396f1,A 5 day old child presents with intractable seizures. He had rashes all over the body. Blood examination showed hyperammonemia and lactic acidosis. The probable diagnosis is -,"The probable diagnosis could be a Urea Cycle Disorder, a group of rare inherited diseases which could result in both hyperammonemia and lactic acidosis.",0.5
0ba3932a-a8be-484c-809f-7e72fa31b880,"A 30-year old female complains of lower abdominal pain and purulent vaginal discharge. Her pulse rate is 98/min, temperature is 101oF, WBC and ESR are raised. Per vaginal examination reveals lower abdominal tenderness and cervical motion tenderness. What is the best treatment option for her?","The patient's symptoms suggest Pelvic Inflammatory Disease (PID). The recommended treatment is usually a combination of antibiotics, such as ceftriaxone and doxycycline, to cover a broad range of potential bacteria.",0.85
ee0067d6-ad98-49ea-9618-668b7b440109,A 7 year old boy with boggy swelling of the scalp with multiple discharging sinuses with cervical lymphadenopathy with easily pluckable hair. What would be done for diagnosis –,"The boy would likely need to undergo diagnostic tests such as a clinical examination, cultures or microscopy of the discharged pus or plucked hair, and potentially a biopsy of the scalp. A radiological study like an ultrasound may also be necessary to view deeper tissues.",0.5
ddf40ec2-3b9a-433b-88fb-ba0afed5ccc1,"A patient with sinus infection develops chemosis,B/L proptosis and fever, the diagnosis goes in or of:","The symptoms suggest the patient may have orbital cellulitis, a severe condition often secondary to sinus infection. Please seek immediate medical attention.",0.5
231731aa-d3f8-4115-bff1-3aa5e7527eee,The drug used in coronary aery stenosis during Angio procedure?,"A common drug used during angioplasty for coronary artery stenosis is a contrast dye, but other drugs like anti-platelet agents, anti-coagulants or nitroglycerin may also be used.",0.5
6678db04-ec27-44f1-a90b-f709893acc5c,A 5-year old child presents with perivascul a r IgA deposition and neutrophilic. collection. There is erythematous rash on the lower limb and non-blanching purpura. Probable diagnosis is ?,"The probable diagnosis is Henoch-Schönlein Purpura (HSP), a form of vasculitis that primarily affects children.",1
afab8b99-0bcb-430c-95ea-022f7dc0f49d,A 6-day old newborn infant develops Ketonuria seizures and hypoglycemia. The likely diagnosis is,"The likely diagnosis is Neonatal Hyperinsulinism, a condition that can cause hypoglycemia, seizures, and ketonuria in newborns.",0
01821eef-25d9-417d-8961-5d9417061133,"A 2O year-old woman presents with bilateral conductive deafness, palpable purpura on the legs and hemoptysis. Radiograph of the chest shows a thin-walled cavity in left lower zone. Investigations reveal total leukocyte count 12,000/mm red cell casts in the urine and 12,000/mm serum creatinine 3 ing/dL .What is the most probable diagnosis?","The most probable diagnosis is Granulomatosis with Polyangiitis (formerly known as Wegener’s Granulomatosis), an autoimmune disease characterized by inflammation of blood vessels, which may affect the kidneys, lungs, and other organs.
",1
f9d53aa0-dd3d-4b66-a9b1-0155070fdd04,"A 75-year-old male patient is accompanied by his wife.The patient's wife is concerned that since staing some new medications for his Parkinson's disease, he has staed acting differently. She repos that since staing the new medication he has staed gambling and making inappropriate sexual comments to the cleaning maid. Which medication is likely to be responsible for this new behaviour?",The medication likely responsible for this new behavior is a type of dopamine agonist used to treat Parkinson's disease.,0.5
945521d1-364a-4d53-9704-4d96c3d3e364,A 7 yr patient came to opd with nodule on conjunctiva. He has history of taking TB treatment in the past. The nodule with has now encroached the limbus. What is the possible diagnosis.,"The possible diagnosis could be a conjunctival tuberculoma, especially given the patient's history of tuberculosis treatment.",0.5
b039012d-ccf9-4712-a45a-27772fd52c8f,"A 60-year-old patient came with 4 episodes of massive bleeding per rectum. On examination the abdomen is soft and there is no tenderness, with bowel sounds being normal. The most likely diagnosis is","The patient may be having diverticular disease or gastrointestinal hemorrhage. However, definitive diagnosis needs further tests such as a colonoscopy.",0.5
f36b4e6a-3401-40e9-9257-f9e2f6ae9fc9,X-ray spine of a child is shown. What is the probable diagnosis?,"As an AI, I can't view or interpret images. Please provide details about the findings for better assistance.",0
d46952e8-622e-46bb-8adf-1c4bdd60e6f0,21 year old man presented with shoulder pain after falling off his bike. What is your diagnosis?,"As an AI, I can't diagnosing conditions, but the symptoms you mention could indicate something like a fracture, dislocation, or sprain. A doctor would need to confirm with an examination and potentially an X-ray.",0.5
46572317-90b7-4c54-985a-0ad2d194dcf6,9 year old female child with history of head ache and visual disturbance.  What could be your possible diagnosis?,"The symptoms could possibly indicate migraines or even a more serious condition like a brain tumor or intracranial hypertension. However, a professional medical diagnosis is essential.",0.5
b8b804d3-bb2d-4870-9f81-7d66dd73959a,Type 1 diabetes mellitus patient presents with nasal septal and palatal perforation with brownish black nasal discharge probable diagnosis is:,"The probable diagnosis could be Mucormycosis, a rare fungal infection, also known as ""black fungus"". It's commonly seen in diabetic patients with uncontrolled sugar levels.
",1
29ddf07f-ff3d-483b-b86e-1b9d69a94e66,"A 35-year-old man presents with daily headache. He describes two attacks per day over the last 3 weeks. Each attack lasts about an hour and awakens him from sleep. The patient has noticed associated tearingand reddening of the right eye as well as nasal stuffness. The pain's deep, excruciating, and limiting to the right side of the head. The neurological examination is normal. What is the most likely diagnosis ?","The most likely diagnosis is cluster headaches, given the patient's symptoms of daily, severe, one-sided headaches with associated autonomic symptoms like tearing, reddening of the eye, and nasal stuffiness.",1
bb4f6c9e-e943-4eed-8c8a-16d5637d9efb,"A young 8-year old boy presents with multiple discrete, shiny, pin-head papules on dorsal aspect of hand, forearms and shaft of penis. The diagnosis is:","The diagnosis is likely Molluscum Contagiosum, a common viral infection in children that causes skin lesions.",0
3d6d5600-8b85-401b-9693-b624111a4db1,A 15 year old boy had 10-12 paial complex seizures per day in spite of adequate 4 drug antiepileptic regime. He had history of repeated high grade fever in childhood. MRI for epilepsy protocol revealed normal brain scan. What should be the best non-invasive strategy to make a definite diagnosis so that he can be prepared to undergo epilepsy surgery.,Performing a non-invasive video electroencephalogram (EEG) monitoring would be the best strategy to localize the epilepsy focus and evaluate the feasibility of epilepsy surgery.,0.6
fb804e8c-8a10-49e7-a558-2eaf9f829c87,A 30 year old lady with fever and pain in right hypochondrium with breath catch up upon palpation. Clinical diagnosis:,"This could possibly be a case of acute cholecystitis or gallbladder infection, but further diagnostic testing is necessary to confirm.",0.9
a2279d80-14bb-4fb0-834d-4832fb7a139c,23-year-old lady Sony develops brown macular lesions over the bridge of nose and cheek following exposure to light. The probable diagnosis is –,"The probable diagnosis for Sony is Melasma, a skin condition where brown or grey-brown patches appear, typically after sun exposure.",0.5
5ebcdf33-c63b-402d-a198-eabd5a9ec973,A 16 year old girl who was sexually abused has no recollection for the event and is not able to remember anything despite her best effos. What is the diagnosis-,"This could be a case of dissociative amnesia, specifically selective amnesia, where the person forgets certain details or an event entirely due to traumatic or stressful experiences.",0.9
b710eccd-1457-4a05-aacd-da390283da29,A patient develops hypoglycemia. He was on insulin and acarbose. For treatment of above what is to be given?,"In case of hypoglycemia, immediate treatment involves giving the patient a fast-acting source of sugar such as glucose tablets, fruit juice, or regular soda. Insulin dose may require adjustment by a healthcare professional.",0.5
806ec4d6-0766-48c9-bd1d-55b70fdf08e8,A 28 years old lady with bilateral buccal reticulate white streak. Pain increases on intake of spicy food intake and patient gives no h/o tobacco but shows amalgam on 3rd molar. What is the diagnosis?,"The symptoms suggest Oral Lichen Planus, a chronic inflammatory condition that affects the mucous membrane inside your mouth. Please consult a healthcare professional for a proper diagnosis.",0.9
fff7b566-212c-48d5-9e20-9e5b4cf634bb,"A 30 year old lady do sudden onset breathlessness, anxiety, palpitation & feeling of impending doom. Physical examination is normal. What is the diagnosis -","The symptoms suggest that the lady may be experiencing a panic attack. However, further evaluations are needed for a definitive diagnosis.",0.9
eb526edb-77ba-4c06-abcc-6ca1c0befe66,"A 22-year-old woman is diagnosed with bipolar disorder. Over the next year, she develops neurologic manifestations that include resting and intention tremors, rigidity, chorea, dysphagia, and dysarthria. On physical examination, she has bilateral Babinski signs. There are ring-like deposits of green material involving the cornea bilaterally, but her vision is not decreased. One year later, she has an illness that lasts 3 weeks, with nausea, vomiting, and malaise and scleral icterus. Laboratory findings include serum AST, 100 U/L; ALT, 122 U/L; alkaline phosphatase, 105 U/L; total bilirubin, 4.5 mg/ dL; glucose, 77 mg/dL; and creatinine, 0.9 mg/dL. Serologic test results for hepatitis A, B, and C are negative. This episode subsides without treatment, but she eventually develops cirrhosis. A mutation in a gene encoding for what substance is most likely to be present in this woman?","This woman most likely has a mutation in the ATP7B gene, which encodes a copper-transporting ATPase. This is indicative of Wilson disease, a disorder of copper metabolism.",1
4aa0bfa2-4dd1-4cd0-aa89-284ce4a9da65,A child complains of fluid coming out of umbilicus on straining. What is the diagnosis?,The child may be suffering from a condition known as umbilical hernia.,0.5
d8427815-4ccd-401e-87c6-50475c1c06d0,"A child presents with a white patch over the tonsils, diagnosis is best made by culture in","The diagnosis is best made by culture in a laboratory setting specifically for Group A Streptococcus, the bacteria most commonly associated with tonsillar white patches or ""strep throat"".",0.5
98c15fba-9e97-4483-bcaa-250ea47b933f,"A five-year-old boy with coarse facial features, mental retardation, dysostosis multiplex. Corneal clouding was not present. What is the diagnosis:","The diagnosis could be Hurler-Scheie Syndrome, a form of Mucopolysaccharidosis.",0
cf39be9b-6b2c-4e6e-b57b-73a9e49d8e5d,"Young famale presents with myalgia fever, headache, diarrhoea and an erythematous rash which first appeared in the groin. Most likely diagnosis is-",The most likely diagnosis is Scarlet Fever.,0
e2541c1b-23f9-478f-b993-446f24cf3fac,"A 35 - year old male develops involvements of PIP, DIP and metacarpophalangeal joints with sparing of wrist and carpometacarpal joints. The probable diagnosis is:",The probable diagnosis is likely to be Rheumatoid Arthritis.,0
e367e44b-5012-4347-8869-76819615efff,"A 30-year-old man is brought to the emergency department following a high-speed car accident. He was the driver, and the windshield of the car was broken. On examination, he is alert, awake, oriented, and in no respiratory distress. He is unable to move any of his four extremities; however, his extremities are warm and pink. His vital signs on admission are HR 54 bpm and BP 70/40 mm Hg. What is the diagnosis?","The patient is likely suffering from spinal shock, a condition characterized by decreased reflexes, loss of sensation, and flaccid paralysis below the level of injury following a high-impact, traumatic accident. His vital signs suggest neurogenic shock, caused by a sudden loss of autonomic nervous system function due to the spinal injury.",0.9
01c3f2ff-a84a-4176-b864-173efe534001,"A 45 year old lady presents with normal PT and increased aPTT. About 2 years ago, she was operated for cholecystectomy & did not have any bleeding episode. What is next investigation for clinical diagnosis?","The next step for clinical diagnosis could be a mixing study (also known as correction or factor assay), which will help identify if the prolonged aPTT is due to a factor deficiency or an inhibitor.",0.5
1076e84e-3ac0-4a15-a845-f77bde94b7aa,"3 year old child come in ER with H/o vomiting, loose watey motion for 3 days. on examination, child was drowsy, sunken eye. Hypothermia and skin pinch take time to reve back, diagnosis?","The child's symptoms suggest severe dehydration, likely due to gastroenteritis or a similar condition causing prolonged vomiting and diarrhea. Immediate rehydration and treatment are required.",0.9
90081c38-c489-4302-8c55-c35abc323a1b,"A 30 year old man who was recently started on haloperidol 30mg/day developed hyperpyrexia, muscle rigidity, akinesia, mutism, sweating, tachycardia and increased blood pressure. The investigations showed increased WBC count, increased creatinine phosphokinase. There is no history of any other drug intake or any signs of infection. The most likely diagnosis -","The most likely diagnosis is Neuroleptic Malignant Syndrome, a rare but serious reaction to antipsychotic medications such as haloperidol.",1
a85d12ac-e8ae-45e6-af47-234800443ffb,"A 50 year old male presents with painupper abdomen, pruzitus, jaundice and weight loos, elevated ANA, the likely diagnosis is","The likely diagnosis is Primary Biliary Cirrhosis (PBC), an autoimmune disease of the liver.",0.5
458112ab-1399-4bc7-bed5-def958c1d4bf,"A young lady presents with lacy lesions in oral cavity and genitals, and her proximal nail fold has extended onto the nail bed. What is the likely diagnosis",The young lady likely has Lichen Planus based on the symptoms described.,1
2bbd43a8-2862-4278-930d-a831285ec3b0,"A 15 year old boy was brought the child psychiatrist by her mother. She repos that boy has been performing poorly in the school and has failed twice in 7th class. She fuher repos that he doesn't follow the instruction of teachers and doesn't obey the parents. He frequently gets into fight with other kids and often gets injured in the brawl. Three times, he has been caught stealing money from his fathers purse. Last week he was also seen smoking with couple of much older students in front of his school. What is the diagnosis?","The symptoms described suggest that the boy might be dealing with Conduct Disorder, a serious behavioral and emotional disorder prevalent in children and teens. Please consult a professional for a proper diagnosis.",1
5d25ed67-39d5-4617-9eb2-4fe469b64115,This specimen was resected from a child with intestinal obstruction. What is the most likely diagnosis?,"As an AI, I can't diagnose specific cases. However, in a child with intestinal obstruction, common causes might include intussusception, volvulus, or congenital anomalies such as Hirschsprung's disease. You need to consult the child's healthcare provider for a precise diagnosis.",0.5
4b528820-6b09-496a-a0dc-f08e71f0f33a,"A 60 yr old woman came to OPD with distended abdomen and postmenopausal bleeding. Imaging suggests bilateral ovarian complex masses with a CA 125 value of 1500. A comprehensive surgical staging is planned. Per operatively, bilateral ovarian masses are seen with surface involvement and ascites. There is no pelvic or extrapelvic extension of tumor or lymph node involvement. What is the appropriate treatment?","The appropriate treatment would generally be a total abdominal hysterectomy, bilateral salpingo-oophorectomy, omentectomy, and any further necessary debulking surgery, followed by chemotherapy with a platinum-based regimen such as carboplatin plus paclitaxel.",1
0e3ddcd8-27f6-4c60-98e0-ec343bfaeb4e,"A 17 year old girl had been taking a drug for the treatment of acne for the last 2 years, which has lead to pigmentation. Which drug could it be?","The drug could be Minocycline, an antibiotic commonly used for acne treatment which can potentially lead to pigmentation.",1
cf73928c-3585-4678-af7a-1221b9c962dc,A patient came to eye OPD with disc shaped edema over cornea and has a history of vesicles over lips few weeks back. There is no ulcer on staining. What can be the diagnosis:,"The patient could be suffering from Herpes Simplex Keratitis, a viral infection of the eye caused by the herpes simplex virus.",0.5
cceff228-750d-4d1b-9568-1d8cba4fd5fd,"A10-year-old child with pain and mass in right lumbarregion with no fever, with right hip flexed and X-ray shows spine changes. Most probable diagnosis is:","The most probable diagnosis could be appendicitis or a psoas abscess, but a complete medical evaluation is necessary for an accurate diagnosis.",0.5
f408b4b4-d9db-4bf3-8caa-b2049a5ea252,A child brought with seizures and impairment of development is diagnosed having phenylketonuria. What is the initial line of treatment in this child?,"The initial line of treatment for a child diagnosed with phenylketonuria (PKU) would typically involve a strict diet low in phenylalanine, a dietary component found primarily in proteins.
",1
5d5e7f79-e1b5-4375-88f1-a2159859c6fa,The following patient shows painless lump in umbilicus with reduction on lying down. The diagnosis is:,The patient may be diagnosed with an umbilical hernia.,1
75e671c7-a49d-43e9-bcc5-33583074b5f3,"14 year old girl with history of abdominal pain (periumbilical), postprandial, passing blood in stools, fever, weight loss since ten months. She also has episodes of passing blood in stools. What may be the likely diagnosis ?","The symptoms described may suggest Crohn's disease or ulcerative colitis, both forms of inflammatory bowel disease. However, she should consult a doctor for an accurate diagnosis.",0.5
84e8cc61-4be2-42c1-83e5-c5767347d513,Best procedure to be done after an injury to leg associated with exposure of underlying bone and skin loss ?,"A severe leg injury with exposed bone and skin loss typically needs debridement to clean the wound, possible stabilization with a procedure such as fracture fixation if needed, and ultimately, skin grafting or a flap surgery for wound coverage.",0.7
9a217ed0-8b3e-4ff3-93c0-86c045a2855d,"19 year old young girl with previous history of repeated pain over medial canthus and chronic use of nasal decongestants, presented with abrupt onset of fever with chills & rigor, diplopia on lateral gaze,moderate proptosis & chemosis. On examination optic disc is congested. Most likely diagnosis is","The most likely diagnosis is Orbital Cellulitis, potentially due to complications from chronic sinusitis exacerbated by overuse of nasal decongestants.",0
ce3a2625-3232-49c7-8747-8c6473994804,"A young male develops fever, followed by headache, confusional state, focal seizures and right hemiparesis, the MRI performed shows bilateral frontotemporal hyperintense lesion. The most likely diagnosis is","The most likely diagnosis is Herpes Simplex Encephalitis (HSE), a severe viral infection of the human central nervous system.
",1
01c3b413-bb21-4ba9-a0a6-889654e95cd8,A 45-year-old smoker presents with sudden onset unrelenting chest pain with loss of peripheral pulses. BP measured in both arms is different. First differential diagnosis is?,"The first differential diagnosis could be Aortic Dissection, a serious condition needing immediate medical attention.",1
0ab7489a-361a-4bad-8879-a0bde931651c,65 year old man came to eye OPD with chief complaints of metamorphosia. On examination he has yellow deposits subretinal near macula in both eyes. Rest of the fundus is normal What should be the probable diagnosis,"The most probable diagnosis for the patient could be Age-related Macular Degeneration (AMD). It's common in people over 60, and the symptoms described, such as metamorphosia and yellow deposits (drusen) near the macula, are characteristic of this condition.",1
00dc0f03-50c1-4fc3-9599-a681332c2894,"A 56 year old male lallu presents with painful bullous lesion in lower extrimity, the most likely diagnosis is","The most likely diagnosis for a 56 year old male presenting with painful bullous lesions on the lower extremity is Bullous Pemphigoid. However, a medical examination is necessary for an accurate diagnosis.
",1
d6003341-7518-492f-b88c-6605a25ab02e,"A 30 year old man with history of blunt trauma to the chest presents with dialated neck veins, BP 80/50mmHg and pulse rate of 100/ min. What is the most likely diagnosis?","The most likely diagnosis for this man is Tension Pneumothorax, which is a life-threatening condition often caused by chest trauma.",0
2f8bf4de-e772-49a6-8c86-e49feea31094,ECG of a patient shows >3 consecutive premature ventricular contractions (PVC) with a hea rate of less than 100 bpm. The diagnosis is?,"The diagnosis would be ventricular tachycardia. Although the heart rate is less than 100 bpm, the presence of 3 or more PVCs in a row meets the criteria for ventricular tachycardia.",0.5
ef873a04-c2fb-49ec-8503-b425bf27d873,"Devi, a 28 year female, has diarohea, confusion, high grade fever with bilateral pneumonitis.The diagnosis is -","Devi's symptoms suggest a severe systemic infection, possibly severe COVID-19 or pneumonia, which often presents with high fever, confusion, diarrhoea, and bilateral pneumonitis. A definitive diagnosis would require further tests.
",0.5
663ad392-67b4-444b-b444-d5248a2432c2,A 55 years old female patient is presenting with excessive menstrual blood loss and fecal blood loss. The diagnosis is,She may have menorrhagia (heavy menstrual bleeding) and gastrointestinal bleeding. Further testing is necessary for a definitive diagnosis.,0.5
343cc8bd-b529-452f-a1f1-2085f703d824,A 65 years old female underwent right radical mastectomy 10 years back. Patient now presents with multiple subcutaneous nodules in right upper limb. What is the most probable diagnosis?,"The most probable diagnosis is lymphangitic spread of previously treated breast cancer, manifesting as cutaneous metastases or lymphedema, also known as Stewart-Treves syndrome. It occurs due to obstruction of lymphatic drainage following radical mastectomy.",0.5
fef3666f-1e46-4b7b-a537-ae01c2539328,This patient presented with hearing loss and left ear fullness. What is the diagnosis?,"These symptoms could indicate several conditions, but they commonly suggest earwax blockage, otitis media, or Meniere's Disease. Please consult a healthcare provider for an accurate diagnosis.",0.5
1bef94e6-d3ab-4c2e-906a-1e286bd2dca6,Preferred drug for the treatment of a 48 year old man with uncomplicated grade 2 hypeension without any associated co-morbidity is,"First-line treatments for grade 2 hypertension typically include medications such as thiazide diuretics, calcium channel blockers, angiotensin-converting enzyme (ACE) inhibitors, or angiotensin receptor blockers (ARBs). However, the choice depends on individual patient factors and physician recommendation.",0.8
a262f34f-7bad-4096-80f2-a2262a924336,Digital subtraction Angiography of a 35 year old smoker is given. What is the possible diagnosis?,"As an AI, I can't diagnose based on a description without any detailed results. However, a 35-year-old smoker could potentially have cardiovascular issues, such as atherosclerosis, detectable by Digital Subtraction Angiography (DSA). Confirm with a healthcare professional.",0.5
3dc8cc06-02cf-40f4-a58e-0fd6a5824556,What is the function of a template during procedure of tooth extraction and insertion of immediate denture?,"A template serves as a surgical guide during tooth extraction and immediate denture insertion to preserve the surrounding bone structure, ensure proper alignment, and help in accurate placement of the denture.",0.5
622ec934-262b-47ba-b542-b78416c46098,"68-year-old Chandu is a diabetic and presented with black, foul smelling discharge from the nose. Examination revealed blackish discoloration of the inferior turbinates. The diagnosis is:","This condition is likely Mucormycosis, commonly known as Black Fungus, a rare but serious fungal infection seen in some diabetic patients.",0.80
65db367a-efe7-427c-8dd1-1d48452d9333,"A hemodynamically stable patient with early pregnancy has adnexal mass of 2.5 x 3 cms and beta hCG titre of 1500 mIU /ml, with no intrauterine gestational sac. What modality of treatment is suitable for her","This could suggest an ectopic pregnancy. Surgical management (laparoscopic surgery) is generally recommended, but in some cases methotrexate treatment may also be applicable. Consult a healthcare professional for personalized advice.",0.75
0643ccf9-9c8d-4481-9ae1-99ebb6db6d13,A 25 year old overweight female was given fentanyl-pancuronium anesthesia for surgery. After surgery and extubation she was observed to have limited movement of the upper body and chest wall in the recovery room. She was conscious and ale but voluntary respiratory effo was limited. Her blood pressure and hea rate were normal. The likely diagnosis is:,"The likely diagnosis is residual neuromuscular blockade due to the administration of pancuronium, a neuromuscular blocking agent used in anesthesia.",0.7
2cd7f6d4-5f28-45b2-98e3-c721fa59d89a,"A 20-year-old boy came with complaints of sudden pain in the left eye with loss of vision. On examination, left eye cornea was hazy and on looking down, there was a bulging in the lower eyelid. Retinoscopy shows scissoring reflex and oil drop sign was positive in both eyes, what is the diagnosis?",The symptoms indicate a case of Acute Angle-Closure Glaucoma combined with Keratoconus.,0.5
2c6c47ed-9daa-4f45-9d61-30c5e6af2e32,"A30 year old factory worker developed itchy, annular, scaly plaques in both goins which are extending peripherally. Most likely diagnosis is -","The most likely diagnosis is Tinea Cruris, commonly known as jock itch.
",1
851a0f0c-3e39-41ac-9961-c4571ff9cb46,"56yr old male c/o burning micturation, with increasing frequency and hesitancy. Following Radiograph from intravenous pyelogram is taken. What is the most likely diagnosis?","Without being able to actually see the radiograph, it's hard to give an exact diagnosis. However, based on the symptoms described, it could possibly be a urinary tract infection or benign prostatic hyperplasia. Please consult with a physician for accurate diagnosis.",0.4
95394a46-c20c-41ca-96d0-26765bff27ea,A male patient with bipolar disorder is controlled on medications. Symptoms of mania sta to appear whenever he himself tapers down the drugs. What type of treatment can improve compliance in this patient?,Psychoeducation and cognitive-behavioral therapy can improve medication compliance in this patient by teaching him the importance of consistent dosage and the potential repercussions of self-adjusting his medication.,0.75
f78378a3-b6c8-4880-8608-1095250d021e,"A child had pustular lesion on leg. On grainstaining gram positive cocci are seen. To establish the diagnosis of Group A streptococcal erythroderma, the test used is",The test used to establish the diagnosis of Group A streptococcal erythroderma is a throat swab culture or a rapid strep test.,0
0ee757ba-39af-4a81-b061-ce31b5e41c6e,"A child presents with macroglossia, omphalocele and hemihypertrophy of limbs what is the most probable diagnosis?","The most probable diagnosis for a child presenting with macroglossia, omphalocele, and hemihypertrophy of limbs is Beckwith-Wiedemann Syndrome.",1
703433d8-4e2b-4d34-9ff9-43d55ffaeb50,"An 18 year old patient's hemogram shows Hb 12 g%, RBC count of 6 million, decreased MCV (56), decreased MCH (29) and RDW of 14. What is the most probable diagnosis?","The most probable diagnosis is microcytic anemia, likely due to conditions such as iron deficiency or thalassemia.",0.75
2b92960a-45fd-4c36-a40a-5eb9d7bb3486,"What is the most likely diagnosis in a patient with this migratory, pruritic skin eruption?","Without more specific information, such as the patient's medical history or further details about the symptoms and appearance of the rash, I can't definitively diagnose. But, migratory and pruritic skin eruptions are often associated with conditions like hives (urticaria), scabies, or an allergic reaction.",0.5
d1c3ea08-6c87-497d-be3d-59210ff28c25,Baby borne to patient suspected of chlamydial infection sample to be taken for diagnosis -,"A swab sample from the baby's eye, throat, or rectum might be taken and tested for Chlamydia infection.",0.5
e467e81f-fdd4-43d7-a291-03954c590065,"A 25-year-old woman presents with a history of recurrent shoness of breath and severe wheezing. Laboratory studies demonstrate that she has a deficiency of C1 inhibitor, an esterase inhibitor that regulates the activation of the classical complement pathway. What is the diagnosis?","The diagnosis is hereditary angioedema, a disorder marked by recurrent episodes of severe swelling due to C1 inhibitor deficiency.",1
a9f4120f-bc7c-462c-b5c7-0d38c52e0df9,"A girl with normal milestones spend her time seeing her own hand, do not interact with others, what is the diagnosis?","The symptoms could suggest autism spectrum disorder, but a professional diagnosis is needed to confirm this.",0.5
579168d3-73e5-44ea-82bf-4e6d5b502924,"A 21 years old unmarried woman has premenstrual fullness of breast and pain, the likely diagnosis is :",The likely diagnosis for a 21-year old unmarried woman experiencing premenstrual breast fullness and pain is Premenstrual Syndrome (PMS).,0.5
be044995-6b81-48f9-932f-7baf4ba7547f,A patient who is 21 weeks pregnant came to you with fever and chills. You make a diagnosis of Malaria. What is the next line of management?,"The next line of management would be to promptly start proper anti-malarial medication suitable for pregnant women, such as quinine and clindamycin, under a healthcare provider's supervision, while closely monitoring the health of the mother and fetus.",1
980e08a4-696f-4f83-be26-e0b99b019b20,"A 30 year old male patient presents with the following symptoms, breathlessness, irritability and confusion. He gives a history of fracture of his right arm 3 days ago. On physical examination, a diffuse petechial rash is seen. Blood examination reveals thrombocytopenia. The most likely diagnosis for this patient will be?","The most likely diagnosis for this patient is Fat Embolism Syndrome, often related to long bone fractures and presenting with symptoms like breathlessness, confusion, petechial rash, and thrombocytopenia.",1
cb0c50a9-1462-4580-a039-30350c946545,A man hits his neighbour. Next day he feels that police is behind him and his brain is being controlled by radio waves by his neighbour. The probable diagnosis is:,The man might be experiencing symptoms of a mental health condition such as paranoia or paranoid schizophrenia.,0.8
f4151c87-8e0c-462d-94c2-bf7dd9481eae,"Patient presented with diarrhoea, poor appetite and malabsorption. His duodenal biopsy was taken which showed crypt hyperplasia, villi atrophy and infiltration of CD8+ T cells in the epithelium. what is the likely diagnosis of the patient ?","The likely diagnosis is Celiac disease, given the symptoms and duodenal biopsy results.",1
a87119cf-55a8-4fe7-9bd3-039242ed8f12,A 32-year-old female with diabetes visits antenatal clinic at 6 weeks of amenorrhea. She has not been on any treatment. What is the first step in the management?,"The first step in the management would be to initiate a stringent glycemic control regimen and prescribe prenatal vitamins, especially folic acid, to prevent birth defects.",0.5
552efc01-beab-4779-896d-fc314c56d5c9,What is the dosage of a single dose of Albendazole prescribed to a child of 10yrs for treatment of roundworm infestation?,"The usual dose of Albendazole for a 10-year-old child with roundworm infestation is 400 mg once.
",1
04be9b44-0371-4f90-998c-51d8ad23ed0f,"2 year old with a rash on extensor surface, diagnosis-","This could be indicative of atopic dermatitis or eczema, but a more accurate diagnosis can be established by a pediatrician after physical examination.",0.9
7e32ca99-18d8-4ac7-96ca-f2aaf67192a9,"A male child with gall bladder stone has HB-6 gm%, serum biliruhin 2.5 mg % and high urobilinogen in urine. The diagnosis is","The child may have hemolytic anemia triggered by gallstones. This condition often results in elevated bilirubin, lowered hemoglobin, and increased urobilinogen in urine. Please consult with a healthcare professional for accurate diagnosis.",0.5
f67ebe38-4a13-4614-af1a-21a31bb9ef59,"Lallu a 22 yrs. old male suffers from decreased sleep, increased sexual activity, excitement and spending excessive money for last 8 days. The diagnosis is :","Lallu may be experiencing a manic episode, commonly associated with Bipolar Disorder.",0.75
f72f0acc-180a-496a-8d04-68b05ac0493f,"10 year old boy with gross hematuria, loin pain, diarrhoea urine examination is normal. Serum C3 levels are normal diagnosis is ?",This might be a case of Non-glomerular Hematuria. You should consult a urologist for further assessment.,0
ae0c614b-a7ee-4179-a6b1-0d419e636b77,"A patient complaints of sadness of mood, increased letharg, early morning awakening, loss of interest and repos no will to live and hears voices asking her to kill self. What is the diagnosis?",The symptoms described are indicative of Major Depressive Disorder with Psychotic Features. The patient is experiencing depression and auditory hallucinations which is a serious concern. Immediate professional help is required.,0.8
1d9ae487-a649-490b-927f-834b767ba26c,"What will be the likely diagnosis in a thiy year old male presenting with epigastric pain radiating to back that wakes him up at night and is relieved by consuming food. He has a past history of surgery for a perforated duodenal ulcer, treated with omental patch and proton pump inhibitors and analgesics:","The symptoms suggest a likely diagnosis of recurrent peptic ulcer disease. These symptoms can be associated with gastritis or gastroesophageal reflux disease (GERD), but history of past duodenal surgery makes recurrent ulcer more likely.
",0.8
72f8e044-9679-45f9-bd73-15dd6c5265db,"19 years old girl has multiple papulo pustular erythematous lesions on face and neck, the likely diagnosis is",The likely diagnosis for a 19-year-old girl with multiple papulo pustular erythematous lesions on her face and neck is acne vulgaris.,1
6df6e3ac-3b0c-4fe7-bedf-a149e4f0b84b,"A patient has multiple neurofibromas, acoustic neuroma and Hyperpigmented skin lesions; most likely diagnosis is -",The most likely diagnosis is Neurofibromatosis type 2 (NF2).,0.8
13238a8b-9664-4a8b-8b69-88e51e4e74a9,"A patient presents with diarrhoea, analysis of stool on wet mount shows mobile protozoa without RBCs and pus cells. The diagnosis is -","The diagnosis is likely Giardiasis, an infection caused by the parasite Giardia lamblia.",0
fa31d6f4-a825-456a-8619-9f4b70cbaa3c,A 28-year-old male complains of glare in both eyes. The cornea shows whorl like opacities of the epithelium. He also gave a history of long term treatment with amiodarone. The most likely diagnosis is,"The most likely diagnosis is Amiodarone Induced Corneal Verticillata, a common side effect of long-term treatment with the drug amiodarone.",0.8
3a80b273-d000-4ddd-a53e-e7c8841486b5,"A 10yr old boy with a known case of nephrotic syndrome since 4 years on treatment brought to the pediatric OPD with chief complaint of difficulty in breathing. There is no history of fever. On examination, respiratory system was normal except slightly reduced breath sounds on right infra-axillary region. Paediatrician thinks of pleural effusion. What is next best modality of investigation to detect pleural effusion?",The next best modality of investigation to detect pleural effusion in this case would be a chest radiograph (X-ray).,0.5
4743fdd8-1d69-470c-81f5-8ca6bb5f603c,"A 50-yr-old male Raju present with occasional dysphagia for solids, regurgitation of food and foul smelling breath. Probable diagnosis is -","The probable diagnosis for Raju could be Achalasia or possibly Zenker's Diverticulum, both are conditions that hinder normal swallowing. However, a full medical diagnosis should be made by a healthcare professional.",0.5
729095f5-9363-40ba-b24f-bebb79d6cdb0,This patient had hypertension. What is the diagnosis?,"The diagnosis for this patient is High Blood Pressure, also known as Hypertension.",0.5
bcc4b135-2afa-437d-98aa-8ca81b8960d6,"A 5-year-old boy has peculiar facial features, enlarged head, hepatosplenomegaly, protuberant abdomen, breathing difficulty with obstructive sleep apnea, and cardiac valve thickening. What is the likely diagnosis?","The likely diagnosis for the boy could be Hunter syndrome, a type of Mucopolysaccharidosis - a rare genetic disorder.",1
620d1e27-78bc-48c2-8478-a8bdcedd750a,"A 45-year-old patient on hemodialysis for one week has noted that his BP is more difficult to control. He reports good compliance with his medications, which include erythropoietin, ferrous sulfate, vancomycin, and vitamin D. His BP is 180/99 mm Hg. Most likely cause for the worsening control of his BP is?","The most likely cause for the worsening control of his blood pressure could be volume overload, a common issue in hemodialysis patients. This condition can occur if the amount of fluid being removed during dialysis is not enough. It's recommended to check the patient's dry weight and adjust the fluid removal during dialysis.",0.5
81810d32-5a9b-43ae-b43b-096bbf3bc49b,What is the most likely diagnosis in this patient with cough?,"Without more specific symptoms, it's impossible to provide a diagnosis. A common cause can be a simple cold, but it could be as serious as pneumonia or even lung cancer. It's best to consult a doctor for a proper diagnosis.",0.3
6b1e2b6f-4587-4f2f-9bd7-755db718ecf9,A 12 year old boy presents with recurrent attacks of conjunctivitis during warm season for the last 2 years with intense itching and ropy discharge. Horner-Trantas dots are seen on the limbal region. The diagnosis is:,The diagnosis is Vernal Keratoconjunctivitis.,0.8
d7e785de-030c-458a-8f32-3469ace26d67,"A 24-year old male had multiple, small hypopigmented macules on the upper chest and hack for last three months. The macules were circular, arranged around follicles and many had coalesced to form large sheets. The surface of the macules showed fine scaling. He had similar lesions one year ago which subsided with treatment. The most appropriate investigation to confirm the diagnosis",The most appropriate investigation to confirm the diagnosis would be a skin biopsy followed by histopathological examination.,0.5
5dccd188-d5b2-4c14-8019-8068c53dbe43,"A young male with galbladder stones shows the following test results, serum bilirubin 2.5, Hb 6, urine test positive for urobilinogen, diagnosis is -","The patient might be suffering from gallstone-induced hemolytic anemia, given the low hemoglobin level, elevated bilirubin, and positive urobilinogen test. Please consult with a healthcare provider.",0.8
b1909f0a-dfe3-4215-840f-9277bca539ce,"A group of 4 teenagers while going for a trip met a car accident. Out of four, 3 people died on the spot. Surviving girl was admitted in an ICU for 3 months. After being discharged she often gets up in night and feels terrified. She says that she sees same events in her dreams. She is now afraid of the cars. The diagnosis is?","The girl is likely suffering from Post-Traumatic Stress Disorder (PTSD), a mental health condition triggered by experiencing or witnessing a life-threatening event.",1
dcfdd06e-96ad-43cf-8948-87a64ceab1fb,"A 75-year-old woman has experienced increasing dull but constant pain in the back, right chest, left shoulder and left upper thigh for the past 6 months. She has now developed a sudden, severe, sharp pain in the left thigh. On physical examination, she has intense pain on palpation of the upper thigh, and the left leg is shorter than the right. A radiograph of the left leg shows a fracture through the upper diaphyseal region of the femur in a 5-cm lytic area that extends through the entire thickness of the bone. A bone scan shows multiple areas of increased uptake in the left femur, pelvis, vertebrae, right third and fourth ribs, upper left humerus, and left scapula. Laboratory studies show serum creatinine, 0.9 mg/ dL; total protein, 6.7 g/dL; albumin, 4.5 g/dL; total bilirubin, 1 mg/dL; AST, 28 U/L; ALT, 22 U/L; and alkaline phosphatase, 202 U/L. What is the most likely diagnosis?","The most likely diagnosis is metastatic bone disease, given the widespread areas of increased uptake on a bone scan, lytic lesion in the femur and the presence of multiple symptoms including constant pain in various body locations.",0.9
d1e5ebfc-c016-4047-8a74-bc833b2fbb67,A 30 real old patient comes with scrotal swelling. Transillumination is positive. A large hydrocoele is suspected. What’s the preferred treatment,"The preferred treatment for a large hydrocele is generally surgical intervention through a procedure called hydrocelectomy, where the fluid is drained and the sac is removed or resected.",0.5
1e93526c-09c7-4787-9d00-051570bdab01,"A 79-year-old retired opera singer presents with dysphagia, which has become progressively worse during the last 5 years. He states that he is sometimes aware of a lump on the left side of his neck and that he hears gurgling sounds during swallowing. He sometimes regurgitates food during eating. What is the likely diagnosis?","The opera singer likely has a Zenker's diverticulum, which is a pouch that forms and collects food particles in the throat, causing symptoms such as difficulty swallowing, a lump in the neck, and regurgitation of food.",1
1c71191e-8eeb-483c-8ce0-18f8b119e63e,Give the most probable diagnosis of a 1 yr. old child of normal intelligence with features of hypotonia. On examination there are tongue fasciculations and he keeps his body in a frog like position ?,"The symptoms described are indicative of Spinal Muscular Atrophy type 1 (SMA1), also known as Werdnig-Hoffmann disease.",1
22b7db71-e97c-475a-b069-aeef00ef1c4f,"A 29 yr old unmarried female presents with dyspnea. Her chest X-ray is normal, FVC is 92%, FEV1/ FVC is 89% and DLCO is 59% of normal. On exercise her oxygen saturation drops from 92% to 86%. What is the likely diagnosis ?","She might have exercise-induced pulmonary hypertension or some form of interstitial lung disease. However, a precise diagnosis would need further testing and examination.",0.5
84758dbf-0fd8-4eed-9b14-51c6c7c0bd38,"A 45-year-old woman presents with the complaint that her toenails are thick and yellow. She is otherwise healthy and takes no medications. On examination, two toenails on the right foot and the great toenail on her left foot are affected. There is no periungual erythema, and her peripheral pulses are good. What is the best advice for this patient?","This woman likely has a fungal nail infection, also known as onychomycosis. She should see a healthcare provider for confirmation and treatment, which typically involves antifungal medications.",0.8
748b0adb-b662-449c-abd6-34be14f70dde,"A 30 year old lady c/o sudden onset breathlessness, anxiety, palpitation & feeling of impending doom. Physical examination is normal. What is the diagnosis:","The symptoms described might indicate a panic attack. However, a proper medical examination and consultation is needed to rule out other conditions.
",0.95
7d8bbcda-df8d-43f6-8470-06c4b3d1f2d0,A 60 year man had undergone cardiac bypass surgery 2 days back. Now he staed forgetting things and was not able to recall names and phone numbers of his relatives. What is the probable diagnosis?,"The man may be experiencing postoperative cognitive dysfunction (POCD), a condition often seen after cardiac surgery that can affect memory and cognitive abilities.",1
26fd45f3-ac46-4ad2-b6b3-de681f5e24ea,45 yr of male presented with Proliferative diabetic retinopathy with Vitreomacular traction. What can be treatment?,"The treatment can include laser photocoagulation, vitrectomy, or intravitreal injections of medications like anti-VEGF drugs. Regular monitoring of blood sugar levels is also critical.",0.5
25101b25-1d14-467d-a0d2-7b73af91eca9,"What is the diagnosis in this patient who appeared sick, had a bull neck, and was tachycardic?","The symptoms you described could suggest bacterial infections like Diphtheria or possibly severe thyroid conditions. However, it's important to have a complete medical assessment for an accurate diagnosis.
",0.75
e4003e6f-547e-4721-b36a-8c437571d77d,"An infant presents with hypotonia and hyporeflexia. During his intrauterine period, there was polyhydramnios and decreased fetal movements. Most probable diagnosis is –","The most probable diagnosis is Werdnig-Hoffmann disease, also known as spinal muscular atrophy type 1.",1
f6f9667c-e56c-4b78-b7e8-bfc0a2b6e25d,A young man with tuberculosis presents with massive recurrent hemoptysis. For angiographic treatment which vascular structure should be evaluated first,The vascular structure that should be evaluated first in this case is the bronchial artery.,1
e6b600be-d441-4471-9466-5e4a0c730cc0,After 3 days of fever patient developed maculo erythematous rash lasting for 48 hrs diagnosis is:,The symptoms described could indicate a viral infection such as Roseola or Dengue. Please consult with a healthcare professional for a precise diagnosis.,0.5
7ce95835-bba5-4bb1-a18c-b240091a67b0,A 40 years old female presented to OPD with this lesion in the breast. What is the most probable diagnosis?,"As an AI, I'm unable to directly view or examine physical symptoms. Please describe the lesion's characteristics or consult a healthcare professional directly.",0
c5f8a34c-8cc6-4b65-ad0c-62c241aadd6a,"ABG analysis of a patient on ventilator, shows decreased pCO2, normal pO2, pH 7.5, diagnosis is -","The patient is experiencing Respiratory Alkalosis, which is characterized by a decrease in pCO2 and a higher than normal pH.",1
c034f9f9-c1de-4dce-a3dc-b19e4703f741,A 7 Year old boy with boggy swelling of the scalp with multiple discharging sinuses with cervical lymphadenopathy with easily pluckable hair. What would be done for diagnosis -,"A diagnosis would involve a physical examination and testing of a sample of the discharge or plucked hair for bacterial, fungal or other microscopic infections. Imaging tests may also be done to evaluate lymphadenopathy.",0.5
ec6b2a82-326e-49ec-b57a-42c2526268b7,An Old aged patient sustained spinal cord injury? due to a fall and clinically characterized by isolated loss of proprioception and vibratory sensation. As is common for only one side of the cord. The diagnosis is,"The diagnosis is likely Brown-Séquard syndrome, a condition often characterized by loss of proprioception and vibratory sensation on one side of the body.",0.5
d0423149-9fa3-46c7-a3da-c1c27ec387d2,"A 50 year old woman, nulliparous, diabetic and obese presenting with post-menopausal bleeding likely diagnosis is :","The likely diagnosis could be endometrial cancer, however, other conditions such as polyps, hormonal imbalance, or endometrial hyperplasia could also cause post-menopausal bleeding. She should consult with a healthcare provider for a definitive diagnosis.",0.5
4dc418ec-3643-4f7c-9aee-cf242be5d997,"A 50year old male presents with pain upper abdomen, Pruritus, jaundice and weight loss, elevated ANA, the likely diagnosis is",The likely diagnosis is pancreatic cancer.,0.3
62160ea4-1d49-43ee-aa4b-7131a4ee6f64,A child during anesthesia with Halothane and succincyl coA develops severe stiffness of masseters. What is the most probable diagnosis?,"The child is likely experiencing malignant hyperthermia, a severe reaction to certain medications used during anesthesia.",1
14cf5114-7da3-45e0-9e7e-27edcff788df,"A 6 year old child has history of bih asphyxia does not communicate well, has slow mental and physical growth, does not mix with people, has limited interest, gets widely agitated if disturbed, diagnosis is -",The child's symptoms suggest a condition on the autism spectrum or a related pervasive developmental disorder. A complete evaluation by a medical professional is necessary for a precise diagnosis.,0.9
42b99373-16b4-43ef-a445-f7b332e770e2,"A middle aged woman presented with history of
neck swelling which moves with deglutition. Preferred diagnosis is","The preferred diagnosis is likely a thyroid disorder, possibly a goiter.",0.5
cd4a83b6-164f-4910-9b33-718d050ef92b,"A 1–year–old child presented with a swelling in the left flank with episodes of flushing, diarrhea, sweating and bone pain. The diagnosis is –","The symptoms suggest a neuroblastoma, a cancer common in children, which often starts in the adrenal glands. However, a precise diagnosis requires medical examination and tests.",1
3a44ac0a-060c-4600-bdb6-622963648819,What is the golden period for treatment of open wounds is _____ hours,The golden period for treatment of open wounds is typically within 6 hours.,0.5
2986b2f1-af2d-4af6-9a09-a89ba4e7157c,"A 12 year old boy rapidly develops hypoglycemia after moderate activity. On physical examination, kidney and liver are found to be enlarged. Histopathology of liver shows deposits of glycogen in an excess amount. Blood examination reveals raised ketone bodies, lactic acid and triglycerides. What is the diagnosis?",The diagnosis is likely Von Gierke's disease (Type I glycogen storage disease).,1
2bbaaa53-bae2-42b6-9a17-32d623117fe5,A patient presents with Microcytic Hypochromic anemia. Serum iron levels and TIBC are decreased. Likely diagnosis is,The likely diagnosis is Anemia of Chronic Disease (also known as Anemia of Inflammation).,1
2a7aeb96-de26-4281-ac41-b5be8453045c,"A 4-year child presents with a history of hoarseness, croupy cough and aphonia, the child has dyspnoea with wheezing. The most probable diagnosis is ?","The most probable diagnosis is Croup, an upper airway infection that causes difficulty in breathing and a characteristic barking cough.
",0.5
1465ac46-e17a-4293-b7b4-cdf46e448584,"A 36-year-old woman complains of a 3-month history of bloody discharge from the nipple. At examination, a small nodule is found, deep to the areola. Careful palpation of the nipple- areolar complex results in blood arrearing at the 3 O'clock position. Mammogram findings are normal. What is the likeliest diagnosis?","The likeliest diagnosis is an intraductal papilloma, which is a benign condition commonly associated with bloody nipple discharge.",1
f0240fcb-4a39-4141-9328-d562e41acc6c,A child&;s growth variation is normal but bone development is not according to the chronological age. What is diagnosis?,This situation could indicate a condition like growth hormone deficiency or a bone maturation disorder. Accurate diagnosis depends on detailed medical examination and tests.,0.5
549dbdef-12b6-478e-8e71-1bf9ff7c31bf,A child with increased conjugated bilirubin develops seizures and cataract the probable diagnosis is ?,The probable diagnosis is a rare genetic disorder called Alagille syndrome.,0
73421893-93f1-4799-bca7-e5bb112125c3,A patient with undulating fever presents with features of encephalitis. He is treated successfully with doxycycline and rifampicin. What shall be the most probable diagnosis:,"The most probable diagnosis is Brucellosis, also known as Malta fever or Mediterranean fever.",1
5e2ae36e-f5bf-40bf-8620-95110720b71f,"A post-operative cardiac surgical patient developed sudden hypotension, raised central venous pressure, pulsus paradoxus at the 4th post operative hour. The most probable diagnosis is -","The most probable diagnosis is cardiac tamponade, a serious medical condition where fluid builds up around the heart and impacts its function.",0
5bec09b3-2fac-4b1b-aa2c-9bbe82deabcf,"A patient with microcytic hypochromic anemia, Hb- 9%,serum iron is 20 ?/dl, ferritin level 800 ng/ml, transferrin percentage saturation is 64. What is possible diagnosis?","The patient's condition with high ferritin and transferrin saturation but low serum iron and hemoglobin suggests the possibility of Anemia of Chronic Disease (ACD) or Iron Overload. However, further diagnostic tests are required to confirm.",0.5
76f103a3-6cb8-4ecd-988e-5739f375103f,"An elderly man who has had a trival history of head injury three months ago, develops headache and turns unconscious. On examination, he is found to have fixed left dilated pupil and right hemiplegia. What is the most likely diagnosis -",The most likely diagnosis is a chronic subdural hematoma.,1
1c52a9ef-f284-4442-8364-018f0ded8339,"A 9 year old child is restless. He is hyperactive and his teacher complaints that he does not listen to the teachings. Disturbs other students, he also shows less interest in playing. The likely diagnosis is ?","The child may have Attention Deficit Hyperactivity Disorder (ADHD), but a professional diagnosis is needed.",0.75
b7ccfd14-c68a-40e2-b31b-60503b70c1cd,A female presented with erythematous lesions on face with intolerance to spicy food is. Most likely diagnosis is?,"The most likely diagnosis is Rosacea, a skin condition characterized by redness and visible blood vessels, often triggered by hot or spicy food.
",1
fc25b448-9cb2-4b65-9b3f-962ddd7ab0a9,"A 42 year old man is preoccupied with his health being not in good shape. He feared that his irregular bowel functions mean he has cancer. Now he is preoccupied about having a serious heart disease, despite his physician's assurance that he has no heart disease. What is his most likely diagnosis?","His symptoms may suggest Hypochondriasis, a disorder where an individual is excessively worried about having a serious illness despite medical reassurances.",1
2a0e0ad5-e7a9-441e-beec-63e0e51e28a9,"A 2-year-old boy is brought to clinic because of poor development as well as vomiting, irritability, and a skin rash. The boy's mother also notes that his urine has a strange ""mousy"" odor. Physical examination reveals the child has an eczema-like rash, is hyperreflexive, and has increased muscle tone. He has a surprisingly fair-skinned complexion compared to the rest of his family. What is the most likely diagnosis?","The most likely diagnosis is Phenylketonuria (PKU), a genetic disorder that increases the levels of phenylalanine in the blood and can cause intellectual disability, neurological problems, and other complications if not treated.",1
ff767940-0c04-4231-bf6a-7a2c88c565ec,"A six year old child patient has blue-dome shaped swelling in posterior mandibular region, what will be the treatment plan?","The treatment plan primarily involves surgical intervention for removal of the lesion, followed by pathological examination to confirm its nature. Afterward, regular follow-ups would be necessary to monitor any chances of recurrence.",0.5
19c3bc2f-536e-4c99-870b-c18a183f0a35,"A patient has angina, dyspnea and syncope. Whatis the most likely diagnosis?","These symptoms could indicate a cardiovascular condition such as heart disease. However, a complete diagnosis should only be made by a healthcare professional after thorough examination and testing.",0.5
439ba7a3-f0f4-4a63-9411-2100425d9903,Golden period for treatment of open wounds is …………………….. hours,"The golden period for treatment of open wounds is within 6 hours.
",0.75
c4c8a8cc-d1c1-415d-b2f9-257ef65114ef,A patient presented with thunder clap headache followed by unconsciousness with pregressive HI ranial nerve palsy. Likely diagnosis is -,"The likely diagnosis is Subarachnoid Hemorrhage, a form of stroke.",0.5
f5aa1a96-04cb-4556-b453-539b06b9e6e0,A 3 year old boy with normal developmental milestones with delayed speech and difficulty in communication and concentration.He is not making friends. Most probable diagnosis,"The symptoms suggest the child may have Autism Spectrum Disorder. However, a thorough evaluation by a specialist is advisable for a definitive diagnosis.",1
11b62857-d9ad-4f27-98f4-ef5313ac02db,What is the diagnosis in this 31-year-old woman with gradual bilateral vision loss?,"As an AI, I would need more detailed information such as symptoms, medical history, physical examination results, etc. to suggest possible diagnoses. Vision loss could be due to many conditions like glaucoma, macular degeneration, etc. Please consult a healthcare provider.",0.2
989b7b53-74ab-44b8-936b-2eb9d2a50f7b,"A 40 year old patient has undergone an Open cholecystectomy. The procedure was repoed as uneventful by the operating surgeon. She has 100ml of bile output from the drain kept in gallbladder bed on the first postop day. On. Examination she is afebrile and anicteric. The abdomen is soft and bowel sounds are normally heard. As an attending physician, what should be your best possible advice","The patient's post-operative recovery from an open cholecystectomy seems normal. You should advise her to continue with her prescribed medications and care plan, keep her surgical site clean, and report any changes instantly. Regular follow-ups should also be emphasized for continuous assessment.
",0.8
f4935bc0-fbb5-4c00-87f1-4dca69bb63f5,"An infant presents with lethargy, frontal bossing and bowing of legs. X-ray shows widening of epiphysis. What is the diagnosis?","The symptoms described are consistent with a diagnosis of rickets, a condition caused by vitamin D, calcium, or phosphate deficiency.",1
b2efcc3c-12cf-43a4-9a4e-fcb1836aac81,"A 55-year-old man who is on dialysis because of end-stage renal disease complains of pain in his jaw and left arm for 6 months. An X-ray of the left arm reveals multiple, small bone cysts and pathologic fractures. What is the appropriate diagnosis for this patient's bone lesions?",The appropriate diagnosis for this patient's bone lesions is Renal Osteodystrophy.,0.5
c37179be-4daf-47cc-a464-1e0d051ca4c9,Oudin procedure is a immunodiffusion by,"The Oudin procedure refers to a method of single immunodiffusion performed on gelled agar, commonly used to identify and measure specific antibodies in a patient's blood serum.",0.8
29902d4b-0e52-4ed4-ac93-887c558c5d2f,Latest drug used for treatment of MDR TB patients is ?,The latest drug used for treatment of MDR TB patients is Bedaquiline.,1
18881355-aacf-4a2a-bb5f-fb9ad1fd1791,"During an operation for presumed appendicitis , the patient's appendix is found to be markedly thickened and feels rubbery to firm. The serosa is edematous and inflamed and the mesentery is thickend with fat growing about the bowel circumference. Most likely diagnosis","The most likely diagnosis is acute appendicitis with possible periappendiceal inflammation. However, pathologies such as a tumour, diverticulitis or Crohn's Disease may cause similar findings and should be considered.",0.3
8bf2172a-ebf0-43be-a19a-1461c9252723,"A 26 years male person has got injury to mid-arm. Patient developed wrist drop, finger drop and loss of sensation on dorsum of hand. Patient is able to do elbow extension. The diagnosis is",The patient is likely suffering from Radial Nerve Palsy.,0.8
890ab6d9-73da-41a8-b4c0-565d2ef7985d,Female patient with bilateral hilar lymphadenopathy and joint pain. ACE levels are elevated. The diagnosis in this patient is,The diagnosis in this patient is likely Sarcoidosis.,1
4fd11e75-cd5c-45e2-834e-785c9477fe04,"A patient with hypeension, under control by medication falls under which grade","A patient with hypertension, controlled by medication, typically falls under Grade 1 or Stage 1 hypertension.
",0
6059a102-4f5b-4356-9968-cabc1a53c3af,"A patient presents with Ahritis, hyperpigmentation of skin and hypogonadism, likely diagnosis is?",The likely diagnosis is Hemochromatosis.,1
59f79d9f-b1cb-4b1a-a89d-c5fd30ff89af,85A middle aged man complains A upper abdominal pain after a heavy meal There is tenderness in the upper abdomen and on X ray widening of the mediastinum is seen with pneumo mediastinum what is the diagnosis?,"This patient may have Boerhaave syndrome, a spontaneous esophageal rupture often caused by forceful vomiting, resulting in severe upper abdominal pain and abnormalities seen in a mediastinum X-ray.",0.8
6a5b0863-860d-40d2-bedf-95db4d52db63,"A 50 yr old male Raju present with occasional dysphagia for solids, regurgitation of food and foul smelling breath. Probable diagnosis is ?","The probable diagnosis for Raju could be Achalasia or a Zenker's Diverticulum, both conditions that can cause these symptoms. You should advise him to see a medical professional for a proper diagnosis.",0.5
1560065c-cee4-4200-9feb-46de5de1ba2a,"A male executive, 50 year of age is seen in casualty with hypotension and hematemesis. There is previous history suggestive of alcohol intake of 100 ml. daily. The blood loss is around 2 litres. Most probable diagnosis is ?","The most probable diagnosis is alcoholic cirrhosis leading to esophageal variceal bleed, due to chronic alcohol abuse and current evidence of significant gastrointestinal bleeding (hematemesis and hypotension).",0.5
42e20784-2445-4664-8738-7fd05a75f442,A 15 year old female patient presents with pain in the calf muscles on exercise. Routine investigation reveals burgundy-colored urine (sample obtained after exercise). Histopathology of muscle shows deposits of glycogen in an excess amount. What is the diagnosis?,"The diagnosis is likely McArdle's Disease, also known as Glycogen Storage Disease Type V.",1
00ea0f74-831f-4ee4-9d6f-dfd7baad71fd,The likely diagnosis in a child with limb pain and pancytopenia is -,"The likely diagnosis in a child with limb pain and pancytopenia could be leukemia, a type of cancer that affects the blood and bone marrow.",0.85
33a75c6e-fcbb-419a-831d-bb2de75a3bb0,A patient came to AIIMS OPD with acute pain and watering from eye for 3 days. There was 3x2 mm ulcer on the cornea with ROLLED OUT margins and feathery and finger-like projections with minimal hypopyon. What is the diagnosis?,"The described symptoms suggest a diagnosis of fungal keratitis, an infection of the cornea.",1
db328067-9030-431b-af52-c092ed2804f8,"A patient comes with bleeding due to warfarin overdose, as a treating physician what is the immediate treatment to treat warfarin induced bleeding :",The immediate treatment for warfarin induced bleeding is to administer vitamin K and fresh frozen plasma as it helps in fast replenishment of clotting factors. Severe cases might need prothrombin complex concentrate (PCC).,0.75
e9577f3f-8ac6-43b8-9b38-7300286a5c7c,A 6 day old newborn infant develops lectonuria seizures and hypoglycemia. The likely diagnosis is –,"The likely diagnosis could be Neonatal Hyperinsulinism, presenting as persistent hypoglycemia in infants, though a medical professional should make the final diagnosis.",0
a7e8245d-2a81-4315-8c57-37c3b3a9eb0a,A 70-year-old man presents with deterioration of vision 3 weeks after cataract extraction and IOL implantation. Slit lamp examination shows honeycomb maculopathy and Fluorescin angiography (FA) shows 'flower petal' hyperfluorescence. The most likely diagnosis is:,"The most likely diagnosis is Cystoid Macular Edema (CME), a common cause of visual loss after cataract extraction and IOL implantation.",1
62b6bcc3-1682-4cbf-bcaa-fd2dab877a81,A 17-year-old boy presents with chronic low back pain and stiffness for the past 8 months. He denies any GIT or genital infections. His temp is 98.6 F. Lab investigation shows normal ESR and negative RA factor. X-ray films of the vertebral column show flattening of the lumbar curve and subchondral bone erosion involving the sacroiliac joints. Most likely diagnosis?,"The most likely diagnosis is Ankylosing Spondylitis, a type of inflammatory arthritis that primarily affects the spine and sacroiliac joints.",1
b78e68a0-2bb2-4174-85b9-a83a164a351e,"10 years old child with 10 days continuous fever with soft, enlarged spleen, diagnosis is-","This could indicate a condition like Infectious Mononucleosis, Malaria or Leukemia. However, a proper medical consultation is crucial for an accurate diagnosis.",0.5
84bf73c4-f079-478d-89d4-99e651d534a8,20-year-old male with history of RTA presents with breathlessness. Stratosphere sign on USG with M mode is seen. What is the probable diagnosis?,"The probable diagnosis is pneumothorax. The stratosphere sign on ultrasonography is indicative of absence of lung sliding, which is typically seen in pneumothorax.",1
65a74207-7adb-4020-8292-d500d9beb7f6,"A 21 year old female presents with oligomenorrhea. On examination she has excess facial hair growth, and lab investigation showed an increase in free serum testosterone levels. USG abdomen done shows normal ovaries. What is the most probable diagnosis?","The most probable diagnosis is Polycystic Ovary Syndrome (PCOS), even though the ultrasound shows normal ovaries. PCOS can be diagnosed based on clinical and hormonal parameters even if polycystic ovaries are not visible on ultrasound.",0.5
bc059ed0-03c0-4dc5-8a59-ddd7be478ebd,USG examination of an 8 weeks pregnant female shows a gestational sac with absent fetal pas. The diagnosis is:,"The diagnosis for a pregnant woman showing a gestational sac without a fetal pole at 8 weeks of pregnancy can be anembryonic pregnancy, also known as a blighted ovum.",1
d0d8c95e-d1c1-4c8d-a727-d0e2e3481843,"A 10-year-old boy apparently normal at bih had delayed walking and had difficulty in walking. As years passed, weakness increased and now is wheelchair bound. What is your diagnosis","This could be a case of Duchenne Muscular Duchenne (DMD), a severe type of muscular dystrophy, but a certified healthcare professional should be consulted for a definitive diagnosis.",0.95
beb25954-c64b-4c63-885a-dcc5ca028056,"A two-month-old infant is brought to the hospital emergency with marked respiratory distress. On examination, the infant has cyanosis and bilateral crepitations. Heart rate is 180/min, respiratory rate 56/min and the liver span 7.5 cm. The child has had repeated episodes of fever, cough and respiratory distress since the time of birth. Cardiovascular examination reveals a grade III ejection systolic murmur in left parasternal area and the chest X-ray reveals cardiomegaly with a narrow base and plethoric lung fields. What is the most likely diagnosis ?","The most likely diagnosis is congenital heart disease, possibly Tetralogy of Fallot or another form of cyanotic congenital heart disease.",0.5
f85fe069-db10-4644-97d9-ff68ad6c1f34,A patient presents with hemoptysis and hematuria few weeks after a respiratory tract infection.ANCA antibodies are present.Likely diagnosis is:,"The likely diagnosis is Granulomatosis with Polyangiitis (formerly known as Wegener's Granulomatosis).
",0
77c086b5-572a-41c6-bd5b-ea512394a451,"A 22-year-old male basketball player presents with a swollen, painful left knee. He was on a fast break and as he began to jump for an alley-oop, he felt his knee give out and he collapsed to the floor. What is the most likely diagnosis","The most likely diagnosis is an Anterior Cruciate Ligament (ACL) tear, a common sports injury especially in activities involving sudden stops and changes in direction.
",1
2e8fd97a-4ac4-4b4b-b870-b97dc2877349,A 46-year-old diabetic man complains of soreness of the left leg. He is moderately obese. He had undergone cholecystectomy 2 weeks ago. Examination revealed swelling in the lower leg along with tenderness in the calf that increased when the calf was gently squeezed. No redness of the leg was noted and the patient was a febrile.What is the most likely diagnosis?,"The symptoms suggest the patient may have deep vein thrombosis (DVT), a blood clot in a deep vein, often in the leg.",1
fc35be4b-0d04-4f20-b113-a7cacdaef2e8,15 year old boy presented with a mass in the distal femur. X-ray from the lesion showed features of Codman's triangle and Sunray appearance. The diagnosis is:,"The diagnosis for the 15 year old boy with these symptoms and x-ray features is likely Osteosarcoma, a common type of bone cancer.",1
07dedc7c-dcf0-419d-8879-d3ec067223b0,"A child 10 yrs of age presents with a mass on his left thigh. The mass seems to be arising from diaphysis of femur, and involving the soft tissue of thigh. The child is having fever also. Give your most probable diagnosis:","The most probable diagnosis could be Ewing's Sarcoma, a type of cancer that typically affects children and involves the long bones and soft tissue.",1
130531ce-6f38-4458-a6eb-63de239c68f8,"A 7 years girl, parents gave history of fever for which she was treated with Paracetamol following which the fever subsided. Later she developed seizures and altered sensorium. The urine examination revealed oxalate crystals on microscopy, Blood anion gap and osmolality were increased. The diagnosis is:","The diagnosis indicates a possible case of ethylene glycol poisoning, a type of metabolic acidosis usually caused by ingestion of substances such as antifreeze, which often contain high amounts of ethylene glycol.",0.9
39603c8d-cdb3-4a8d-ab36-10e244afe567,A 55-year-old man presents with a solitary breast mass and biopsy reveals malignant cells. Immunohistochemical staining show that the tumor cells are positive for estrogen receptor (ER) and negative for Her2/neu. What is the most likely diagnosis?,The most likely diagnosis is invasive ductal carcinoma of the breast.,1
e944aca0-6514-4b04-8937-e1d1e3b149dc,"A 10-year-old boy has had persistent headaches for the past 3 months. On physical examination, he is afebrile. He has an ataxic gait and dysdiadochokinesia. CT scan of the head shows a 4-cm cystic mass in the right cerebellar hemisphere. Cerebral lateral ventricles are enlarged. A lumbar puncture is done. The CSF protein concentration is elevated, but the glucose level is normal. Neurosurgery is performed, and the mass is removed and sectioned. On gross examination, the mass is a cyst filled with gelatinous material. The cyst has a thin wall and a 1-cm mural nodule. Microscopically, the mass is composed of cells that stain positive for glial fibrillary acidic protein (GFAP) and have long, hair-like processes. What is the most likely diagnosis?","The most likely diagnosis for the 10-year-old boy is a Pilocytic Astrocytoma. It is a type of brain tumor, often seen in the cerebellum, most common in children and characterized by cysts, mural nodules and cells positive for GFAP.",0.9
d6823b65-cb11-4a18-996f-22d1d4a85163,A 45 year old hypertensive male patient presented in the casualty with two hours history of sudden onset of severe headache associated with nausea and vomiting. On clinical examination the patient had necks stiffness and right sided ptosis. Rest of the neurological examination was normal. What is the clinical diagnosis -,"The clinical diagnosis could be a Subarachnoid Hemorrhage, a type of stroke caused by bleeding on the surface of the brain.",0.8
3563e351-51f0-42f1-a573-922ddc7f2fe7,"80 years old female after fall developed an inability to walk with external rotation deformity, on examination SLR is not possible and broadening of the GT and lateral border of foot touching the bed. The most probable diagnosis is -","The most probable diagnosis for an 80-year-old female with this clinical presentation is a hip fracture, most likely a femoral neck fracture.",0.7
01f597d0-7990-433c-8bda-bbaa7a8296f5,"A 60 years old male had a sudden fall in toilet. His BP was 90/50 mm Hg and PR= 100/min. His relatives repoed that he is a known case of hypeension and CAD plus had a history passing black tarry coloured stools (multiple episodes) and was regularly taking aspirin, atenolol and sorbitrate. The most likely diagnosis:","The most likely diagnosis is Gastrointestinal (GI) bleeding, possibly due to a peptic ulcer or gastritis, which might be aggravated by aspirin use.",0.85
c4b1e706-479d-4b53-aeb3-97af4806a631,A patient of 45 yrs old Having ahritis with involvolvement of PIP 4 DIP and 9 MCP and sparing of wrist and ankle diagnosis ?,"The patient's symptoms suggest Rheumatoid Arthritis (RA). However, the full diagnosis should be made after a thorough medical examination and necessary laboratory tests by a healthcare professional.",0.5
2963f4c7-af24-4e23-841c-887909466800,"In a young patient presenting with recurrent vitreous hemorrhage, diagnosis is:","Recurrent vitreous hemorrhage in young patients could indicate conditions like proliferative diabetic retinopathy, retinal tear, or retinal vein occlusion. However, it's necessary to have a comprehensive evaluation for a definitive diagnosis.",0.5
1325e93d-d3e0-4a41-82fd-b614c42d94e1,A one month old female child has swelling over the back in the sacral region. There is no cough impulse in the swelling. X-ray examination shows erosion of the coccyx. The most likely clinical diagnosis would be,"The most likely clinical diagnosis for the infant could be Sacrococcygeal Teratoma, a type of tumor that is located at the base of the tailbone (coccyx).",1
40e0cce0-2b07-491e-ada1-d70fac100f36,In surgical procedure NOTES entry point is through -,"In a Natural Orifice Transluminal Endoscopic Surgery (NOTES) procedure, the entry point is through natural orifices like the mouth, nose, anus, urethra or vagina.",1
bc1804b8-e390-400e-ae31-439f431c756d,A 20-year old male patient presents with pain on movement. X-ray of knee joint shows lytic lesion on the upper end of tibia. What is the likely diagnosis?,"The likely diagnosis is Osteosarcoma, a type of bone cancer that's most common in younger individuals and often occurs in the knee or upper arm bones.",0.5
50fb7672-cefe-4356-a2b2-2e4d756966e5,"A 65-year-old male comes to the OPD complaining of ongoing double vision which is worse when he is watching TV in the evening. He has also noticed that he feels weaker towards the end of the day and that his face is slightly puffy. On inspection, there is a paial ptosis of the left eye lid and his mouth hangs slightly open at rest. On examination, there are visibly distended neck veins. What is the most likely diagnosis?","The most likely diagnosis is Myasthenia Gravis, a neuromuscular disorder that causes weakness in skeletal muscles, which often worsens with activity and improves with rest. The double vision, ptosis, and facial weakness are common symptoms.",1
6c963eeb-285a-4b40-8b0f-bb1d08bf74d2,The immediate treatment of 10 kg weight infants presented with tetany:,"Immediate treatment for tetanus in a 10 kg infant typically involves administration of human tetanus immunoglobulin, antibiotics to kill the bacteria, and sedatives to control muscle spasms. If breathing difficulties occur, ventilatory support might be needed. Always consult with a healthcare professional.",0.4
08ea41f3-c07f-4988-beec-1eb5668e59d5,"A 45-year-old man present with a daily headache over the past 3 weeks. Each attack lasts about an hour and awakens the patient from sleep. It is associated tearing and reddening of his right eye. The pain is deep, excruciating, and limited to the right side of the head. The neurologic examination is normal. The most likely diagnosis:",The most likely diagnosis is Cluster Headache.,1
76cf6e2b-ec54-40f2-af50-ef2716d42dfe,"A child has a splenic mass with a mediastinal mass. He appears pale, has red eyes and suffers from recurrent infections. Possible diagnosis is -","The symptoms could suggest Langerhans Cell Histiocytosis, a rare disease where the body accumulates excess immune cells. However, a definite diagnosis requires medical examination and tests.",0.1
edbcd970-a8c4-4d3d-a378-609758e53d9e,"An unconscious patient is brought to causality, requires emergency neurosurgical evacuation, but no relatives or bystanders available. The doctor doing the emergency procedure is protected under","The doctor is protected under the principle of implied consent, which applies when the patient is unconscious and immediate medical intervention is needed to save their life or prevent serious harm, and it isn't possible to get informed consent.",0.5
1cd970be-2da7-4776-92d8-791846de6edf,"A 63-year-old woman presents for workup to determine the reason for a gradual hearing loss over approximately 5 years and intermittent tinnitus over the last several months. Findings on physical and neurologic examination are entirely within normal limits, except for the presence of sensorineural hearing loss in the left ear. She has no cranial nerve deficits. An MRI of the brain with gadolinium reveals the presence of an extra-axial tumor in the region of the left cerebella-pontine angle. What is the most likely diagnosis?","The most likely diagnosis is an acoustic neuroma, also known as a vestibular schwannoma, which is a benign tumor in the cerebellopontine angle.",1
5dd98ac7-79f1-4b05-8cbb-c1096f76812f,A 56-year-old man is surgically treated by a four-vessel coronary aery bypass graft procedure and placed on prophylactic daily aspirin therapy. Aspirin has been shown to prevent recurrent myocardial infarction through its ability to inhibit the synthesis of,"thromboxane A2, a substance that promotes platelet aggregation and vasoconstriction.",0.9
d1bbdc59-4f0a-488f-8271-7c7d7d96a41f,"A child presents with seborrheic dermatits, lytic skull lesions, ear discharge and hepatosplenomegaly, likely diagnosis -","The likely diagnosis is Langerhans Cell Histiocytosis, a rare disease that results in excessive production of immature dendritic cells, leading to organ damage.",0.75
16c6d79c-df9c-4067-8c4d-47d1504eac95,A pregnant woman with fibroid uterus develops acute pain in abdomen with low grade fever and mild leucocytosis at 28 weeks. The most likely diagnosis is?,"The most likely diagnosis is torsion or degeneration of the uterine fibroid.
",0.5
329fb8a4-1832-4837-81f0-b057bce2598c,A 24 year old male complained of recurrent attacks of sore throat since 2 years. The total leucocyte count was 3000/ μl. A differential count revealed severe neutropenia. The diagnosis is,This might suggest Chronic Granulomatous Disease (CGD). It's a rare and genetic disorder that's characterized by recurrent infections and neutropenia. Please consult a doctor for a proper diagnosis.,0.5
1e297932-ad59-47d0-a2ee-d129fbfb2c1a,"Eight days after undergoing a hysterectomy, a 64-year-old woman complains of chest pain. After 12 hours, the internist orders tests to exclude MI. Which test will most likely support this diagnosis?","The most likely test to support a diagnosis of myocardial infarction (MI) is a troponin test, as increased levels of cardiac-specific troponins in the blood can indicate heart muscle damage.",0.5
a1e4424e-6808-44b0-9456-54fb8f807e72,"A 36 year old male patient presents with patchy loss of hair on scalp, eyebrows and beard. He also gives a history of rapid greying of hair in a few areas. The likely diagnosis is:","The likely diagnosis for this patient is Alopecia Areata, a condition that causes hair to fall out in small patches.",1
813ab731-232e-4ae4-a37d-e3a9ff70c9a1,"A 37 yr old man was reffered to NIMHANS Neurology opd with history of 2 episodes of GTCS, Headache, weakness on right side of body,behavior and personality changes. NCCT was given below what is the most probable diagnosis can be made?","Without the actual NCCT (Non-Contrast Computed Tomography) scan or detailed report, it's impossible to give a specific diagnosis. The symptoms could suggest various neurological disorders, such as brain tumor or stroke. Please consult a health professional.",0.5
24987b13-899e-404d-a2f5-46f486f314ce,A child patient comes to OPD with history of black central arch rashes on his body. What is your diagnosis?,"As an AI, I can't diagnose but the symptoms you mentioned could suggest various conditions such as eczema, an allergic reaction, or possibly a fungal infection. Please consult a healthcare provider for an accurate diagnosis.
",0.5
2360d6b6-59f0-4a88-8d6e-f55c8dbab296,"5 month old child with hepatomegaly, Ketosis, hyperuricemia and malaise, diagnosis ?","The symptoms suggest a metabolic disorder, possibly a glycogen storage disease like Von Gierke's disease (Type I glycogen storage disease).",0.8
2fb10eb6-7899-4770-ae74-fd810d176a22,A 34 year old female comes to psychiatrist with complaints of ' always feeling worried'. She repos that she always feels anxious and irritable and that her sleep is worsening gradually. What is the likely diagnosis-,The likely diagnosis could be Generalized Anxiety Disorder (GAD).,1
65ee4e2e-2596-485d-9382-d7314cbeb8be,"A 36 year old female with symptoms of hyperparathyroidism, tumor in pancreas, adrenal cortical hyperplasia, pituitary adenomas, islet cell tumor with cutaneous angiofibromas. What is the diagnosis ?",The diagnosis is likely Multiple Endocrine Neoplasia type 1 (MEN1).,1
44e72b7a-de09-4ac5-b8d8-e37a85a3e672,A patient present with unilateral painful ophthalmoplegia. Imaging revealed an enlargement of cavernous sinus on the affected side. The likely diagnosis is:,"The likely diagnosis is Tolosa-Hunt syndrome, a rare disorder characterized by severe headaches and ophthalmoplegia linked with inflammation and enlargement of the cavernous sinus.",1
db978b72-8a3f-4074-837a-3711199aa6c6,Best treatment of endometriosis in a young girl is,"The best treatment for endometriosis in a young girl may include pain medication, hormonal therapy, and in severe cases, surgery. Early intervention and ongoing management is key. Please consult with a healthcare professional for personalized advice.",0.5
c1b13be8-e939-4545-a6d5-ea6514cb9ca5,A 16-year-old male was brought with removal of clothes while watching movies complaints of seeing wave like forms and sudden monocular blindness. The diagnosis is,"This patient may be experiencing symptoms of a migrainous aura or ocular migraine. However, a consultation with a healthcare professional is necessary to confirm diagnosis.",0.75
70c6aaaa-5376-42df-878b-3590b9c3b679,"Kallu a 24 year old occasional alcoholic had got a change in behaviour. He has become suspicious that people are trying to conspire against him, though his father states that there is no reason for his fears. He is getting hallucinations of voices commenting on his actions what is most probable diagnosis.","Kallu is likely experiencing symptoms of psychosis, possibly due to a mental health condition like schizophrenia or due to his occasional alcohol use, which can both lead to hallucinations and paranoid thinking.",0.9
c72a9715-ac00-44fd-be28-7627059b8792,After hepatitis B vaccination child with allergic family history and pruritis involving face & convexities developed numerous umblicated vesicles; which became pustular & haemorhagic & crusted. After 2 days child developed high fever and lymphadenopathy. The diagnosis is,"The child potentially has a condition called Eczema Vaccinatum, a rare but severe disseminated infection that can occur if individuals with atopic dermatitis are vaccinated with live virus vaccines.",0.5
f4134626-b155-4138-b723-8e30f79a0622,A 23-year-old male complains of recurrent scaly lesions on glans penis. It always occurred at the same site and healed with slight hyperpigmentation. What is the most likely diagnosis?,"The most likely diagnosis for the patient could be Psoriasis, a chronic skin condition that can cause recurrent scaly lesions.",0.5
aa5d344a-944f-4009-8eab-19c227b456c8,A woman comes to psychiatrist with history of spending a lot of time in washing her hands. She is distressed about it but says that she is not able to stop washing. This has staed to affect her social life as well. What is the best mode of treatment for her?,The woman could be suffering from obsessive-compulsive disorder (OCD). A treatment approach that often works well for OCD is a combination of cognitive-behavioral therapy (specifically exposure and response prevention) and medication such as selective serotonin reuptake inhibitors.,0.9
0b95714d-97bb-46ee-bb5b-2239e65a4556,10 year old chid has violaceous papule and pterygium of nails. The diagnosis is,"The diagnosis is likely Lichen Planus, a condition characterized by violaceous papules and pterygium of nails.",1
9f402840-8b1f-4a22-b6ce-254ef9540300,"A 5-year-old girl complains of failure to attain menarche. Her height is 4 feet inches, secondary sexual characteristics are absent. If on USG uterus and vagina are seen LH and FSH levels are high. What is the next best step in conforming the diagnosis?","The next best step in confirming the diagnosis would be to perform karyotyping to test for Turner syndrome, which is the likely diagnosis given the high levels of LH and FSH, delayed sexual development, and short stature.",1
e3a5f29a-805e-4f5c-b6ff-08bf26374e20,2-week old neonate with a history of stridor that improves when the baby assumes the prone position - what is treatment -,"The treatment for a 2-week old neonate with positional stridor could involve positioning the baby in ways that reduce stridor, monitoring the baby's breathing, or in serious cases, surgery to address possible laryngomalacia or other airway anomalies. A definitive treatment would be determined by a medical professional based on the baby's specific condition.",0.75
b884f99f-bfb1-4c31-ab35-4e4164649563,Thrombolytics can provide relative morality reduction in the treatment of acute myocardial infarction if patient comes within,"Thrombolytics can provide relative mortality reduction if a patient with acute myocardial infarction comes within 12 hours of symptom onset.
",1
1f73023d-ef11-4c4c-8e53-db799234cf50,"A 9 yr old girl has a bleeding diathesis, with prolonged APTT but normal PT, and normal platelet count. The diagnosis is -","The diagnosis could likely be Hemophilia A or B, conditions that affect the clotting process in the blood.",0.5
9f3e5a84-0dd8-4f3e-884d-cd5fbfe9588f,"In a patient with gall stone disease, laproscopic cholecystectomy was performed & specimen was sent to pathology lab. The biopsied tissue was repoed as adenocarcinoma (Stage 1A ). What will be your treatment approach?","A stage 1A adenocarcinoma in the gallbladder is typically treated with surgery, often a cholecystectomy, which has already been performed. Close monitoring using follow-up tests and potentially adjuvant therapy like chemotherapy could also be discussed depending on the individual patient's condition.",0.7
09d43a69-42e6-4de0-aab6-d3dc9d687e1c,A 60 year old male suffering from auditory hallucination says that people staying upwards are talking about him and conspiring against him. He dropped a police compliant against them but the allegations were proved to be wrong. The diagnosis is:,"The diagnosis could be Paranoid Schizophrenia, a mental disorder characterized by hallucinations and delusional thoughts.",0.8
f0d7473e-a1fd-4e62-af2c-e453f3df0f99,"A 14 week post natal woman presents with fluctuant breast swelling ,what would be the treatment","Treatment would typically involve antibiotics, warm compresses, and also possible aspiration or drainage if an abscess is present. Can also include continuing to breastfeed or pump to help clear any blocked ducts. Always consult medical professionals for personalized advice.",0.8
e5db2ea9-d7ee-4803-8a02-399adcf46aef,"An 8-year-old girl with numerous hypopigmented, ulcerated, and crusted patches on her face and forearms develops an indurated, crater-like, skin nodule on the back of her left hand. Biopsy of this skin nodule discloses a squamous cell carcinoma. Molecular biology studies reveal that this patient has germline mutations in the gene encoding a nucleotide excision repair enzyme. What is the appropriate diagnosis?","The appropriate diagnosis is Xeroderma Pigmentosum, a rare genetic disorder characterized by increased sensitivity to sunlight and a high predisposition to skin cancers due to a defect in DNA repair process.",1
274540a4-f60c-4403-98b4-25e1b60ccd42,A 45-year-old obese patient presents with these lesions over her neck. What is your diagnosis?,"As a language model AI, I can't physically examine patients or lesions. However, a common skin condition among obese individuals is Acanthosis nigricans, characterized by dark, thickened patches on the neck or other body parts. Consult a healthcare professional for a proper diagnosis.",0.9
5945f2d3-5b60-4d93-9eb9-14bcc0edd293,A young patient presents with significant loss of central vision and a normal ERG. There is no obvious family history of similar presentation. The most likely diagnosis:,"The most likely diagnosis could be Macular Degeneration, it's a medical condition which usually affects older adults and results in a loss of vision in the center of the visual field.",0.4
69e7399a-403b-49b0-a785-87dae27bbd39,"Child of 1 year old presents with cough, cold and RR 40/minute. Your diagnosis is:","The child may have a respiratory tract infection, possibly bronchiolitis or mild pneumonia. However, a thorough medical examination is required to confirm.",0.5
e806c247-2fa4-4a9d-bd39-f93adcc543d1,"A 20 year old girl presents with pain abdomen and purpuric rash all over the body, most probable diagnosis is ?","This is suggestive of Henoch-Schönlein purpura, a type of vasculitis. Please consult a doctor for proper diagnosis and treatment.",0.9
5520efd8-a1aa-4c99-b4d1-d6171feab320,"Immediately after eating, a man develops swelling of face and lips, respiratory distress, intense pruiritis, hypotension and feeling of impending doom. The most likely diagnosis is","The man likely experienced anaphylaxis, a severe, potentially life-threatening allergic reaction.",1
10b8ff0a-426d-4620-a09c-cc3133ad4deb,What is the most-likely diagnosis of a 26 day old infant presenting with recurrent nonbilious vomiting with constipation and loss of weight?,"The infant's symptoms may be suggestive of Hirschsprung's disease; however, a healthcare provider should be consulted for an accurate diagnosis.",0.5
179561e4-1703-42e6-8da5-d241a6840aba,What could be the most appropriate provisional diagnosis for multiple nodular exophytic reddish lesions of oral mucosa in an AIDS patient?,"The most appropriate provisional diagnosis could be Oral Kaposi's Sarcoma, a common oral malignancy associated with AIDS.",1
fe0d38dc-d543-4908-875e-70efd19b9cbb,An 11 year old 70 kg. child presents with limitation of abduction an internal rotation. There is tenderness in scarpas triangle. On flexing the hip the limb is abducted. The diagnosis is -,"The diagnosis may be Developmental Dysplasia of the Hip (DDH) or possibly a hip dislocation. However, an exact diagnosis should be confirmed by a medical professional after proper medical examination and investigations.",0
bb4429fe-85c2-46de-9711-e9cd3c9584eb,"A 6 year old mentally retarded male patient presents with hepatosplenomegaly, coarse facial features, corneal clouding, large tongue, prominent forehead, joint stiffness, short stature and skeletal dysplasia. What is the diagnosis?","The symptoms described are consistent with Hurler Syndrome, a type of mucopolysaccharidosis.",1
347bcdc6-ef32-4fca-9e3d-1f086c2d2f31,"A child presents with recurrent fracture, hearing problems and joint laxity. What is the most probable diagnosis?","The most probable diagnosis is Osteogenesis Imperfecta, a genetic disorder characterized by fragile bones and other connective tissue symptoms.
",1
81bd1ec0-b241-4b22-ba91-e6b3278c2ff6,What is the the most probable diagnosis of a child who presents with white umbilicated lesions on face?,The most probable diagnosis for a child showing white umbilicated lesions on the face is Molluscum Contagiosum.,1
e42e95c5-8a86-48f2-8548-fb8f8960cfe7,"A 9-year-old boy is brought with history of decreased urine output, cola colored urine and swelling of the face and hands, of 2 days duration. He is hypeensive, has a puffy face and pitting edema of the lower limbs. He has history of skin lesions 4 weeks earlier. A diagnosis of post streptococcal glomerulonephritis is made. ASO titers are likely to be?",ASO titers in a case of post streptococcal glomerulonephritis are likely to be elevated.,0.5
495497f9-b994-4815-affc-f974bbcd06da,"A 52 year old female came to OPD with dysphagia, hea burn and pain in joints of her fingers. She mentions that her fingers and toes turns blue on exposure to cold. Physical examination reveals thickened skin of her fingers and tender, painful small lumps under skin of flexor surface of hand, some of which drain white chalky substance. what is the clinical diagnosis?","The clinical diagnosis is likely Scleroderma / Systemic Sclerosis, specifically with symptoms of CREST syndrome (Calcinosis, Raynaud's phenomenon, Esophageal dysfunction, Sclerodactyly, and Telangiectasia).",1
7be39154-9898-41ce-a097-ed2759fb8b34,The cold water treatment of burns has the disadvantage that it increase the chances of -,"Hypothermia (lowering of the body temperature), and it can also delay wound healing.",0.5
023d8cff-cf4b-4485-82d6-0e3383c0a232,"A 65-year old man presented with skin lesions on his chest and left arm and shoulder six weeks after i returning from a cacation in Belize at the beach in the fain forest. The lesions occasionally stung, drained a dark exudates, and enlarged despite two weeks of treatment with cephalexin. The patient had no constitutional symptoms. Physical examination reverled five nodules of varying sizes with surrounding erythema and a central pore through which a single, moving larva was observed. This condition is caused by -","This condition is caused by cutaneous larva migrans, a skin disease typically caused by parasitic hookworms.",0
50ca31cd-ef0e-453c-b51e-d379cab8c040,A boy age 8 years came to your dental clinic with no crowding in both arches. Lateral cephalogram reveals SNA angle of 78 and SNB angle of 82 the line of treatment is,"The line of treatment would likely involve an orthodontic consultation, as the negative ANB angle (SNA-SNB) suggests a class III malocclusion, which typically requires orthodontic or surgical intervention.",0.5
e676bbd7-c40e-4d06-a6c9-6d5d7572f978,"A 1–month–old boy is referred for failure to thrive. On examination, he shows feature of congestive failure. The femoral pulses are feeble as compared to brachial pulses. The most likely clinical diagnosis is –","The most likely clinical diagnosis for this 1-month-old boy is Coarctation of the Aorta, a congenital heart defect that usually presents with differences in upper and lower limb pulses.",1
e0aa1def-b75b-4277-84c3-c4d140b0e598,A patient is being investigated for chronic diarrhoea. Small intestinal mucosal biopsy shows PAS positive foamy macrophages. The diagnosis is probably -,"The probable diagnosis is Whipple's disease, a rare bacterial infection that affects various body systems.",1
6c594b57-11b3-4960-9fe5-87847322c593,"A middle aged male, who is a diagnosed case of chronic ulcerative colitis, presents to emergency with fever and diarrhea for 1 week and acute onset pain abdomen for 6 hours. An erect abdominal X-ray was taken as shown. What is the likely diagnosis?","Without seeing the actual X-ray, it's impossible to provide a diagnosis. However, one possible situation could be toxic megacolon, a dangerous complication of ulcerative colitis, given his symptoms and history. Immediate medical consultation is necessary.",0.9
c851001f-e3ea-4782-9779-583df1308358,A symptomatic patient underwent investigations and found out a pancreatic cyst of 7 cm in size. What is the treatment of choice for this patient?,"The treatment of choice for a large symptomatic pancreatic cyst is typically surgical removal, however, the specific approach should be decided by a healthcare professional based on the patient's overall health condition, location of the cyst, and other factors.",0.5
58105a21-9fc1-47c2-b9f1-2040200904e6,A thirty year old male presents to the emergency department with symptoms of epigastric pain radiating to back. He gives a history of epigastric pain that wakes him up at nights and is relieved by consuming food. His past history reveals past 2 episodes of perforated duodenal ulcers which were treated with omental patch surgeries. Pain before and after the surgery has been controlled with proton pump inhibitors and analgesics. The likely diagnosis on the occassion is,"The likely diagnosis is a recurrence of a duodenal ulcer, given his history and the pattern of his symptoms.",1
4ee939cd-1023-4158-b8b7-cd9828023a9b,A 2-year old male child has been limping ever since he has started walking. Examination reveals a short right lower limb with limited abduction at the hip. the Trendelenburg sign is positive however telescopy is absent. The most probable diagnosis is-,The most probable diagnosis is Developmental Dysplasia of the Hip (DDH).,0
a7478329-ac1f-47b2-927f-5735e0aaead3,"A 16-year-old girl comes to the hospital with chest pain and respiratory distress. On physical examination, the patient is sho of breath, wheezing and gasping for air. A prominent pansystolic hea murmur and a prominent third hea sound are heard on cardiac auscultation. An X-ray study of the chest shows marked enlargement of the hea. The patient expires despite intense suppoive measures. At autopsy, microscopic examination of the myocardium discloses aggregates of mononuclear cells arranged around centrally located deposits of eosinophilic collagen. What is the appropriate diagnosis?",The appropriate diagnosis is Cardiac Sarcoidosis.,0
dc423b10-1aec-4ee0-a363-94c324772537,"A child develops non-blanching macules and papules on lower extremities, mild abdominal pain and skin biopsy showed IgA deposition. Most appropriate diagnosis is","The most appropriate diagnosis is Henoch-Schönlein Purpura (HSP), an IgA-mediated small vessel vasculitis.",1
f391b63b-f5b0-4e5e-912c-fb8aea8d7e49,"70 years old lady underwent Right Radical mastectomy 10 years back, now presents with multiple subcutaneous nodules in right upper limb. Most probable diagnosis is",The most probable diagnosis is metastatic breast cancer.,0
ad9d3916-9bc4-45ac-b6ea-916c3cd81aba,"A man presents with weakness, pain in upper abdomen, hyperpignientation, arthritis, hyperglycemia and an enlarged palpable liver. Most probable diagnosis is:","The most probable diagnosis is Hemochromatosis, a condition that causes iron overload.",1
00de83e8-aabe-4ca8-8259-6e3b65c48b39,A 45-years-old multipara presents with dysmenorrhea and menorrhagia.Uterus is symmetrically enlarged up to 14 weeks. What is the probable diagnosis?,The probable diagnosis is adenomyosis.,1
29c451bf-2c44-4476-9f1b-011ab2690804,"A two-year-old male child was given 8 days of cefaclor of 10 days course. The child developed low grade fever, malaise, lymphadenopathy, irritability, generalized erythematous rash which are mildly pruritic. Most probable diagnosis is","The most probable diagnosis is a drug reaction, possibly a hypersensitivity reaction to cefaclor.",0.5
72d0b210-0b89-4f19-a0a1-04769d5c4dc1,19 years male develops painless penile ulcers 9 days after sexual intercourse with a professional sex worker likely diagnosis is –,"The likely diagnosis is primary syphilis, which presents as a painless penile ulcer (chancre) usually developing around 9-90 days after sexual exposure.",0.5
220e02f8-3a73-499e-a578-b1517a9e1f19,"An 18 year old male presented with acute onset descending paralysis of 3 days duration. There is also history of blurring of vision for the same duration. On examination, the patient has quadriparesis with areflexia. Both the pupils are non-reactive. The most probably diagnosis is","The most probable diagnosis is Guillain-Barré syndrome or Miller Fisher syndrome, both of which are characterized by sudden onset of paralysis and areflexia.",0.5
45cbe1b2-de5b-4851-aa3f-a1d7fd1ab8a2,A 25 year old man presented with fever and cough for two months. CT chest showed bilateral upper lobe fibrosis and mediastinal enlarged necrotic nodes with peripheral rim enhancement. What is the most likely diagnosis?,The symptoms and CT scan findings suggest a diagnosis of pulmonary tuberculosis.,1
452bc0f8-bc03-465d-864d-8b064a49598b,"An infant has hepatosplenomegaly, hypoglycemia, hyperlipidemia, acidosis and normally structured glycogen deposition in the liver. What is the diagnosis –","The diagnosis could be Type I Glycogen Storage Disease, also known as Von Gierke's Disease.",1
c262f714-6b1b-40a5-a1c9-2b45aa967ac4,A 25-year-old young adult presented with painless red eye with 10P of 60 mmHg. What is the most likely diagnosis?,The most likely diagnosis is Acute Angle-Closure Glaucoma given the symptom of a painless red eye and the elevated intraocular pressure (IOP) of 60 mmHg.,0.5
7f810252-13df-404b-9fca-1ef8fccb8b5b,"After extraction of upper central incisor, patient develops ophthalmoplegia, meningitis and lateral rectus paralysis. The diagnosis is","This is indicative of Cavernous Sinus Thrombosis, a severe condition often following dental infections or procedures.",1
b2e6fc90-3183-472d-a657-18e954a103dd,"A homosexual person feels that he is imposed by a female body & persistent discomfort with his sex, diagnosis is -","The individual may be experiencing gender dysphoria, a condition where a person feels a mismatch between their biological sex and gender identity.",0.75
0a1b5435-1667-4b0d-8142-953ca39d49a5,"An adult male patient presented in the OPD with complaints fo cough and fever for 3 months and haemoptysis off and on, His sputum was positive for AFB. On probing it was found that he had already received treatment with RHZE for 3 weeks form a nearby hospital and discotinued. How will you categorize and manage the patient -","The patient appears to have tuberculosis with a history of incomplete treatment. This categorizes him as a retreatment case, specifically a ""treatment after failure"" case. He should be managed under Category II DOTS (Directly Observed Treatment, Short-course) which includes a regimen of 2HRZES/1HRZE/5HRE for 8 months. Ensure directly observed therapy to prevent dropout.",0.5
f0763dfd-0ee2-479d-af69-3dde038bbe68,"A 25 year old male presents with painless sudden loss of vision, ocular and systemic examination is not contributory. What is probable diagnosis –",The probable diagnosis could be Retinal Detachment or Central Retinal Artery Occlusion. Please consult an ophthalmologist for a definitive diagnosis.,0.5
30a51e42-9e10-4997-91ba-d5fffaa6bf01,25 yrs old labourer 3 yrs back presented with penile ulcer which was not treated. Later he presented with neurological symptoms for which he got treated. Test to monitor response to treatment is-,"The test to monitor response to treatment for neurological symptoms originating from a penile ulcer (likely due to syphilis) is a serological test for syphilis, such as the Venereal Disease Research Laboratory (VDRL) test or the Rapid Plasma Reagin (RPR) test. These can help track the progress of the disease and the effectiveness of the treatment.
",1
f9fb4bd8-38b9-45e8-83fc-99ec541be647,A 25 year old boy presents with renal failure. His uncle died of renal failure three years ago. Slit lamp examination reveals Lenticonus / Keratoconus. The likely diagnosis is:,"The likely diagnosis is Alport Syndrome, a genetic condition characterized by kidney disease, hearing loss, and eye abnormalities.",0.9
1193d095-ebe1-4d1e-805e-066eb63a1636,"A patient reaches a steady state level of lithium that produces toxic side effects. If he decides to discontinue his medication, how long would it take for his lithium blood levels to reach 25% of his original steady state levels assuming a half life of 22 hours for lithium?","It would take approximately 44 hours for his lithium blood levels to reach 25% of the original steady state levels, as it takes two half-lives (2 x 22 hours) for a substance to decrease to one quarter of its initial amount.",1
d59c5285-639c-43fc-8075-156b07780a9a,"A 1-year-old child presented with a swelling in the left flank with episodes of flushing, diarrhea, sweating and bone pain. The diagnosis is -","The symptoms suggest a diagnosis of Neuroblastoma, a common cancer in infants characterized by tumor development in the adrenal glands.",0.9
15d49c66-f26b-49d7-8c27-b9d7435ce22d,A 32 - year- old male psychiatric patient complains that he feels tremors on movement. He is on some medication and feels always thirsty and frequently has to urinate. The most likely drug he is taking is?,"The most likely drug he is taking is Lithium, as it can often cause side effects like tremors, increased thirst, and frequent urination.",1
a1edd83c-00b6-4131-9e40-c6a49d2539f6,"A 60-year-old women presents with a 2-week history of uterine bleeding. Gynecologic examination reveals an enlarged uterus. The hysterectomy specimen shows a large polypoid mass involving the endometrium and myometrium. Histologic examination reveals malignant glands and malignant stromal elements, including striated muscle and cartilage. What is the appropriate diagnosis?",The appropriate diagnosis is Uterine Carcinosarcoma (also known as Malignant Mixed Müllerian Tumor).,1
3127320e-04d9-462f-81c1-73789b27a6e9,"A 47-year-old man has had dull, constant pain in the midsection of the right thigh for the past 4 months. On physical examination, there is pain on palpation of the anterior right thigh, which worsens with movement. The right thigh appears to have a larger circumference than the left thigh. A radiograph of the right upper leg and pelvis shows no fracture, but there is an ill-defined soft-tissue mass anterior to the femur. MRI shows a 10x8x7 cm solid mass deep to the quadriceps, but it does not involve the femur. Karyotypic analysis of tumor cells reveals t (12;16) (q13; p11) with amplification of the MDM2 gene. What is the most likely diagnosis?","The most likely diagnosis is a soft tissue sarcoma, specifically a Liposarcoma, indicated by the presence of an ill-defined soft-tissue mass, and the chromosomal translocation t(12;16) with MDM2 gene amplification which is frequently associated with this type of cancer.",1
a34ccb3b-21c0-47a7-8a3f-9fa0d8b1c0af,A 9 yr old child is restless. He is hyperactive and his teacher complains that he does not listen to the teachings. Disturbs other students he also shows less interest in playing.The likely diagnosis is:,The child may likely be suffering from Attention Deficit Hyperactivity Disorder (ADHD).,0.9
18ab34f6-996a-4bd3-a0bd-90a6779ed210,A 40 years old female presents with a 2 years history of erythematous papulopustular lesions on the convexities of face. There is background of erythema and telangiectasia. The most probable diagnosis would be?,"The most probable diagnosis would be Rosacea, a chronic skin condition causing inflammation and visible blood vessels on the face.
",1
9cdacfbf-345a-4818-b451-a8e0d42578a7,"A 3-day-old boy delivered at 32 weeks of gestation is experiencing respiratory distress syndrome. The physician detects a hea murmur characteristic of a patent ductus aeriosus, a diagnosis that is confirmed with an echocardiogram. Which embryonic structure is involved in this diagnosis?",The embryonic structure involved in this diagnosis is the ductus arteriosus.,0.5
72de5c4e-5d5e-4c75-9cce-43a8a80035cd,"7-year-old male child present with normal vision 6/6 in right eye & hand movement perception close to the face in left eye. On fundoscopy, his right eye was normal & left eye showed retinal detachment, subretinal yellowish exudates and telangiectatic vessels. The most likely diagnosis is?","The most likely diagnosis is Coats' Disease, a rare eye condition characterized by abnormal development of blood vessels in the retina.",1
fde8f207-22f9-4069-b988-714cee31ba23,"When quinine was used as a treatment during a malaria outbreak, a small propoion of patients developed blackwater fever i.e. chronic kidney damage from the autoimmune effects of complement mediated hemolysis of quininized RBCs. In this case, what was the role of quinine?","In this case, quinine was used as a treatment for malaria, but it inadvertently triggered an autoimmune response that led to complement mediated hemolysis of quininized red blood cells, causing blackwater fever or chronic kidney damage in some patients.",0.9
655d46a1-a0c8-48dd-bbd6-9e81c69bbb86,"A 15-year-old boy has unilateral nasal obstruction, mass in the cheek and epistaxis, the diagnosis is:","The symptoms suggest a possible Juvenile Nasopharyngeal Angiofibroma (JNA), a benign tumor commonly seen in adolescent boys. Please consult a medical professional for a proper diagnosis.",1
ac1b541c-33a6-4229-abf8-97fd16ce9b71,"A 4 years child presents with a history of chronic left lower lobe pneumonitis. On contrast bronchography, the area involved with the pneumonitis does not fill whereas the area around it does fill. The most likely diagnosis ?","The most likely diagnosis is Bronchial Atresia, a condition marked by a blockage of the bronchial tubes, which can lead to recurrent lower lobe pneumonitis.",0.5
7aafba8e-13a3-49ff-82f7-f0922eb1f30d,A patient with cushinoid features presents with hemoptysis: he shows no response to dexamethasone supression test; most likely diagnosis here Is,"The most likely diagnosis is Ectopic Cushing's Syndrome, possibly originating from a lung tumor, given the patient's cushingoid features, lack of response to dexamethasone suppression test, and symptom of hemoptysis.",0.7
086c7192-fdbf-48d7-b0bb-c1be7ada5945,You are examining a direct inguinal hernia in a 45 year old man. On examination the swelling is doughy in consistency and dull on percussion. The swelling is reducible but reduction is difficult towards the end. What is your diagnosis?,"The symptoms suggest that the 45-year-old man has a direct inguinal hernia with a possible beginning of irreducibility, indicating that the hernia may become incarcerated if not treated.",0.75
f42b551d-8f1f-4765-8f9f-ba60b76f49ab,A 25 years old basket ball player suddenly collapsed while undergoing an athletic event and died. At autopsy the septum was hyperophied. The most probable diagnosis is-,"The most probable diagnosis is Hypertrophic Cardiomyopathy, a common cause of sudden cardiac death in young athletes.",1
f91c17f4-edca-4edf-b5ba-d04d36273f95,A 35-year-old woman presents with infertility and palpable pelvic mass. Her CA-125 level is 90 mIU/mL diagnosis is:,"The presented symptoms and elevated CA-125 level may suggest ovarian cancer. However, definitive diagnosis would need imaging or biopsy.",0.5
07cbae59-548c-4755-b118-68b28d197283,A 70 years old female is on treatment with Alendronate for 7 years for osteoporosis. Now she complains of pain in right thigh. What is the next investigation to be performed?,"The next investigation should be a radiological examination (X-ray/MRI) of the right thigh to rule out possible atypical femoral fracture, which can occur with long-term alendronate use.",1
e5dc32ac-3c05-4e65-853e-781467d318f4,"A 10 years child has unilateral nasal obstruction epistaxis, swelling over the cheek, the diagnosis is","These symptoms could suggest juvenile nasopharyngeal angiofibroma, but a physical exam and other tests are necessary for a definitive diagnosis.",0.75
559a6436-0db8-4e31-998b-87ddaacf1aca,"A 25 year old male comes with a complaint of throbbing pain in the upper part of the cheek or entire side of face, heavy feeling in the face, which exacerbates on bending down and with associated pyrexia. The most probable diagnosis is","The patient likely has acute sinusitis, an inflammation or swelling of the tissue lining the sinuses often caused by an infection.",0.9
f494b8e2-8ed9-4f18-bbc8-1bd9c7b52a6c,"A female patient Nandini presents with upper respiratory tract infection. After 15 days, she develops hematuria. Probable diagnosis is:","The probable diagnosis could be post-infectious glomerulonephritis, a kidney disorder that can sometimes occur after upper respiratory tract infections.",0.9
95616a96-02bb-4d7b-927d-e0ff155dd156,"A 36 year old male with history of psoriasis was staed on systemic steroids. After stopping treatment, the patient developed pustules in a generalized distribution. Gram stain from pustule showed only pus cells. The cause is most likely to be:","The most likely cause is pustular psoriasis, which can be triggered by sudden withdrawal of systemic steroids.",0.9
93405eee-803e-4bba-a7eb-1cd3687d2f1e,"A 42 year old patient comes with obesity, glucose intolerance, hypertension, alkalosis and proximal myopathy. Her ACTH levels did not drop after giving steroids. What is the diagnosis","The patient's symptoms and test results suggest Cushing's syndrome, which is due to prolonged exposure to excess cortisol.",0.5
9c0db01d-a045-44f8-8f60-5cc84da0ae67,40 year old man presented with swelling over foot with multiple sinus discharge. What is the likely diagnosis,"This may suggest a chronic infection or condition such as osteomyelitis. However, a definitive diagnosis should be made by a healthcare professional.
",0.5
77c4a5dd-4f31-4376-b033-82d7781ed56b,"A patient presented with scarring alopecia, thinned nails, hypopigmented macular lesions over the trunk and oral mucosa. The diagnosis is","Lichen Planus. This condition is characterized by skin, nail, and mucous membrane changes, including alopecia and hypopigmented macules.",1
7a16846b-d2b9-471b-b713-75b424530d98,A child is spinned around by holding his hand by his father. While doing this the child started crying and does not allow his father to touch his elbow. The diagnosis is,"The child may have potentially suffered an injury to his elbow, possibly a dislocation or a condition called ""nursemaid's elbow."" Please seek immediate medical attention.",0.9
0932e2a4-3ec7-44e8-9e68-7ec62ebf7769,A 60 yr old man has both HTN and DM for 10 yrs. There is reduced vision in one eye. On fundus examination there is a central bleed and the fellow eye is normal. The diagnosis is -,"The diagnosis is likely Diabetic Retinopathy, specifically Proliferative Diabetic Retinopathy with Vitreous Hemorrhage.",1
ed0175cc-7fc1-4069-97c1-a26a02d90e77,"Kaloo, 40 year old adult man on medication for psychiatric illness for the last 2 weeks, suddenly develops marked rigidity, immobility, fever, fluetuating BP and hea rate. Most likely diagnosis ?","The most likely diagnosis for these symptoms is Neuroleptic Malignant Syndrome (NMS), a life-threatening reaction that can occur in response to neuroleptic or antipsychotic medication.",1
e99c649f-1096-4de8-96b3-94706642aa53,"The patient presented with fever, coughing, headache. He developed a rash on the 4th day, what is the probable diagnosis?","The symptoms suggest the patient may have measles. However, further diagnostic tests are needed to confirm.",1
559657ad-3013-4cd8-a5de-977c64f1bc29,A 35-years-old man Ramu has fasting and postprandial blood sugar within normal limit but urine sugar is 3 plus (+++). The diagnosis is -,"This could be a condition known as renal glycosuria, where the kidneys fail to reabsorb all the glucose they filter out, hence releasing sugar into the urine even when blood glucose levels are normal. However, a clinical investigation is required for an accurate diagnosis.",0.9
3482a701-1b4f-4386-9a3f-2546b61b054f,A patient has hyperphosphatemia with sho metacarpals and associated cataract The diagnosis is-,"The patient might have Pseudohypoparathyroidism, which is often associated with hyperphosphatemia, short metacarpals and cataracts.",1
eeb1375e-0a74-4f39-8f03-b12617254e94,A 45 year old lorry driver from Bihar presented with multiple necrotic ulcer which are painful on the penis. Tender inguinal lyphadenopathy was also present. What is the diagnosis ?,"The symptoms presented suggest a diagnosis of primary syphilis, specifically a form known as chancre.",0
0359a2bc-0169-4ed1-9548-643d377ac02c,"A male patient presented with agitation, restlessness and neck stiffness. He had undergone treatment for penile ulcer - 3 years back. Lab investigation used for prognosis of treatment:","The patient's symptoms suggest a neurological issue, possibly meningitis. A lumbar puncture (Spinal Tap) can be performed to diagnose. The past penile ulcer could indicate a history of STD like syphilis, which can eventually affect the nervous system; a blood test for syphilis (e.g., RPR or VDRL) might be relevant.",0.7
6148b507-70d7-450a-9dd0-22281730d504,"A 55-year-old female presents with abdominal pain, distension, ascites and dyspnea. Her CA 125 levels are elevated. The most likely diagnosis is;",The most likely diagnosis is ovarian cancer.,1
e6bb4cb9-9126-44b1-9606-b3dd5866db42,"patient complaints of pruritis of eye creases ,over the face after returning back from her sunflower field .most likely diagnosis is","The most likely diagnosis is allergic contact dermatitis, possibly due to exposure to sunflowers.",0.5
0b48cd60-9b0c-4b59-80f2-c03ecff229a5,What is the the most probable diagnosis of a child who presents with wrhite umbilicated lesions on face?,"The most probable diagnosis for a child with white, umbilicated lesions on the face is Molluscum Contagiosum, a common skin infection caused by a poxvirus.",1
9dda430b-251e-4761-aaba-8856ab311495,"A 15 year old male patient presents with the chief complaint of pain in abdomen. General examination reveals xanthomas present in clusters on back, buttocks and arms, legs. On percussion, hepatomegaly and splenomegaly can be appreciated. What is the most probable diagnosis for this child?","The most probable diagnosis for this child is likely to be Type 1 Hyperlipoproteinemia or Familial Hypercholesterolemia, a genetic disorder leading to high cholesterol levels and causing xanthomas and enlarged liver and spleen.",1
731dbce7-9289-4546-b95d-2703c359dd79,"What is the most likely diagnosis in a 25 year old male patient with jaundice and Serum Total bilirubin 21, in which direct is 9.6 and alkaline phosphatase 84 KA units?",This patient's presentation and labs may suggest a condition like hepatitis or gallstones because these conditions can cause increased total and direct bilirubin levels along with elevated alkaline phosphatase.,0.5
3ecb8273-7d8c-4241-8fb7-66ef0195e9d1,"Radiograph of mandibular 3rd molar shows fading of trabeculations and narrowing of canal in apical
region of tooth. What will be the diagnosis?","The described symptoms could indicate periapical pathology such as periapical abscess, granuloma, or cyst. Please consult a dental professional for accurate diagnosis.",0.5
1dcc8695-87ef-4166-a22b-b70930719712,A patient comes with fracture in symphysis and left angle region. What will be the treatment,"The treatment will typically involve surgical intervention to align and stabilize the fractured areas in the symphysis and left angle region, often achieved via open reduction and internal fixation. Pain management and physical therapy might follow.
",0.5
6989a4d8-c68b-47a1-90ae-87296d634a8a,"During the month of December, a middle-aged patient with chronically dry skin develops widespread coin-shaped lesions, which begin as itchy patches of vesicles and papules, later ooze serum and crust over. These are most numerous on the extensor surfaces of the extremities and on the buttocks. He says that some of the lesions have appeared to heal and then reappear at the same sites. Most likely diagnosis?","The most likely diagnosis is Eczema, more specifically Nummular (discoid) eczema which often appears as coin-shaped patches on the skin.",0.9
26ff843b-354a-43e5-afec-71ca38f2ac18,A 40 year old male presents with a painless cystic liver enlargement of four years duration without fever or jaundice. The most likely diagnosis is ?,"The most likely diagnosis is a hepatic cyst, a benign condition where fluid-filled sacs develop in the liver.",0.5
1a632391-af4c-4f40-989d-1c70580041fd,"3 year old child come in ER with Hv'o vomiting, loose watey motion for 3 days, on examination, child was drowsy, sunken eye. Hypothermia and skin pinch take time to revert back, diagnosis-","The child appears to be suffering from severe dehydration, likely due to gastroenteritis.",0.8
14eeaf4c-ff1c-4115-9ef8-40a3ad3487b5,"A child has microcephaly, Blue eyes, Fair skin, and Mental retardation, Ferric chloride test is positive. What is the likely diagnosis -","The likely diagnosis is Phenylketonuria (PKU).
",1
3bf6a9f9-68ee-4815-8fc9-e1514ef58b8f,"A 22-year-old man has features of arm span greater than height, subluxed lenses, flattened and dilation of the aortic most likely diagnosis is?","The most likely diagnosis is Marfan Syndrome.
",1
6f5b84b9-51f3-43d6-a388-dc859c7e8f5c,"A 25 year old women presents with a history of recurrent shortness  of breath and severe wheezing. Laboratory studies demonstrate that she a has a deficiency of C1 inhibitor, an esterase inhibitor that regulates the activation of the classical complement pathway. What is the diagnosis?",The diagnosis is Hereditary Angioedema.,0.95
7781d4c9-4a02-4243-b4cd-869aa2a581a6,A 50 year old male known case of myasthe-nia with erythemated shallow erosions with few blisters and scales. Oral mucosa is not involved. Immunopathology demonstrates IgG deposition on keratinocytes and auto antibodies against Dsg -1. The diagnosis is,"Pemphigus foliaceus, an autoimmune blistering skin disorder.",1
98f50dea-ece4-48b9-a810-b004a3fb42c5,A woman aged 60 yrs suffers a fall; her lower limb is extended and externally rotated; likely diagnosis is:,"The likely diagnosis is a hip fracture, specifically a femoral neck fracture.
",1
443e98ed-2398-487f-bd5c-2c5a5ad5b11d,"A patient started having sudden headache and vomiting and got unconscious, diagnosis is",These symptoms are serious and could indicate a condition such as brain hemorrhage or stroke. Immediate medical attention is required.,0.5
1a9e62c8-6167-476c-89dc-bfcc97f1b351,A 60-year old female presented with decreased movements for the last 2 years with rigidity and vertical large square wave jerks. The most likely diagnosis is?,"The most likely diagnosis is Parkinson's Disease, a progressive disorder of the nervous system that primarily affects movement.
",0
c3395cb7-1377-4652-92f2-e3585317a0c7,A 60 year-old have prolonged history of tobacco chewing presented with symptoms of weight loss and dysphagia. Esophageal biopsy was taken from a projectile mass in the esophagus which is shown below. What is your likely diagnosis?,"As an AI text-based assistant, I can't visually examine images or biopsies. However, given the patient's history and symptoms, they could possibly have esophageal cancer. It's important to confirm this with a healthcare professional.",0.5
8bf73fe1-0ef2-41f1-8212-718c5683405c,60 yr old male undergoes TURP. After 3 days patient develops altered sensitiveness and drowsiness. Most probable diagnosis is,"The most probable diagnosis is postoperative delirium, which is common in older adults following surgery. However, other conditions like electrolyte imbalance or infection should also be ruled out.
",0.5
deee3492-b517-4f1f-95d4-a0b61e45e967,"A four-year-old child presents with mild fever, malaise, purpura, arthritis, abdominal pain and microscopic hematuria. What would be the most likely diagnosis","The most likely diagnosis for these symptoms is Henoch-Schönlein Purpura (HSP), an inflammation of blood vessels in the skin, joints, intestines, and kidneys.",1
4a654366-b3d5-4264-ae78-ac2991f82b0b,A 20-year-old male presents with throat pain and easy fatigability of his voice. Indirect laryngeal examination revealed both cords approximately well but leaving a triangular gap in the interarytenoid. Your diagnosis is:,"The diagnosis could be Posterior Glottic Chink, a condition where there's an abnormal opening between the vocal cords near the larynx due to muscle tension and fatigue.",0.5
c5214ecb-eba5-491e-9b59-563fe024e54b,"A 88 years male patients presented with end stage renal disease with coronary artery block and metastasis in the lungs. Now presents with acute cholecystitis, patient's relatives need treatment to do something -","The patient would be treated for acute cholecystitis, which could involve surgery (cholecystectomy) or non-surgical treatments like antibiotics and pain management. However, due to his other health conditions, all treatment options should be discussed thoroughly with healthcare team.",0.6
c5c03b51-7849-45d2-86a7-7844337fe454,A 7-year-old child developed acute otitis media. He was treated with antibiotics for 10 days. His pain and fever subsided completely but still had conductive hearing loss. Your next line of treatment is:,The child should be re-evaluated for persistent middle ear effusion and potentially a referral to an otolaryngologist for consideration of tympanostomy tubes if hearing loss continues.,0.5
f79e5049-6556-45cf-bd61-6dba3adbc8ac,"A 3 year old female child develops umblicated nodules over face following a trivial viral infection, the probable diagnosis is :","The probable diagnosis could be Molluscum Contagiosum, a common viral infection causing skin nodules in children. 
",1
44a17ad3-a0f7-496b-8598-7b5bfc3dbb6c,"A boy is having diarrhea, rhinorrhoea, sweating & lacrimation. What is the most probable diagnosis:","The symptoms suggest a viral illness, possibly a common cold or the flu. However, a proper diagnosis would require further examination and potentially some tests by a healthcare professional.",0.1
eb278717-b522-4278-9cc4-c4f820855cbb,A patient came to the casualty with acute bronchial asthma after treatment of glaucoma. The probable drug may be,"The probable drug that might have led to acute bronchoma could be a non-selective beta blocker often used in glaucoma treatment, such as Timolol.",1
57f45c70-e1f3-4203-89bf-03fb60aa3d47,"A 35 - year - old man presents to the physician with arthritic pain in both knees along with back pain. He states that the pain has been present for months. The patient is afebrile, and his slightly swollen knee joints are neither hot nor tender to palpation; however the pain does restrict his motion. The cartilage of his ears appears slightly darker than normal. No tophi are present. A urine specimen is taken for analysis of uric acid content and turns black in the laboratory? While standing. What is the most likely diagnosis at this point?","The most likely diagnosis is Alkaptonuria, a rare genetic disorder that affects the metabolism of tyrosine, leading to a buildup of homogentisic acid which can darken the urine and also affect connective tissues, causing arthritis-like symptoms.",1
0c12e17a-c550-41b8-b689-de040b39f25d,A 22 year old female was brought to OPD with loss of speech from 2 days after her husband has slapped her. On examination cough reflex and laryngeal reflex were normal. The most probable diagnosis:,"The patient may be experiencing a psychological or functional speech disorder, possibly related to trauma or stress. This should be confirmed by a mental health professional.",0.5
4d6561ae-c692-49e0-b5ff-9c7027916ac5,"A patient was asked to protrude his tongue and salt was placed on the anterior 2/3rd of the tongue. This 
procedure is used for testing which nerve?","This procedure is used for testing the functioning of the facial nerve (cranial nerve VII), which is responsible for taste sensation in the anterior 2/3rd of the tongue.",1
e641f6c1-7be8-4512-9e3d-9703ed0ef32a,"A 49-year-old male who is a long-term smoker presents with frequency and hematuria. Histologic examination of sections taken from an exophytic lesion of the urinary bladder reveal groups of atypical cells with frequent mitoses forming finger-like projections that have thin, fibrovascular cores. These groups of atypical cells do not extend into the lamina propria and muscularis. No glands or keratin production are found. What is the most accurate diagnosis for this bladder tumor?",The most accurate diagnosis for this bladder tumor is papillary urothelial carcinoma.,0.5
d7d8b032-087a-48ab-881a-f298de217aa2,A girl on sulphonamides developed abdominal pain and presented to emergency with seizure. What is the probable diagnosis?,"The probable diagnosis could be Stevens-Johnson Syndrome, a severe reaction to sulphonamides, which can cause abdominal pain and seizures.",0.3
321c3077-4d76-47fa-9932-9aaeb3109a35,"A 6 yr old child has history of Birth Asphyxia does not communicate well, has slow mental and physcial growth, does not mix with people, has limited interests, gets widely agitated if disturbed, diagnosis is :","The symptoms described suggest a condition on the autism spectrum disorder, possibly combined with intellectual disability due to birth asphyxia. However, a professional diagnosis is necessary.",0.8
b45d5aab-6be2-4577-a534-ae15660b72ee,"A patient on treatment for leukemia, develops chest pain, pulmonary infiltrates and pleural effusion. The likely cause is",The likely cause could be a lung infection or a condition like pleural effusion related to the leukemia or its treatment.,0.5
ae53085f-0566-4d7b-bb23-4e4922c0408f,"A 4-year-old child is admitted with fever, non-purulent conjunctivitis, rashes, cervical lymphadenopthy, hepatomegaly and desquamation of fingers and toes. Echocardiography shows coronary aery aneurysm. What is the most likely diagnosis?",The most likely diagnosis for this child is Kawasaki Disease.,1
e177cacb-a1ee-4b3c-92e3-26aa54817587,You are the medical officer of a PHC in Kerala and you confirm the diagnosis of polio in one of your patients. This can be considered as:,This can be considered as a significant public health concern due to the infectious nature of polio and its potential for being an outbreak.,0.5
fb40d92b-ada4-4533-8393-ae8141657fd9,"A 35 year old HIV positive patient comes with intractagble diarrhea, crampy, abdominal pain and vomiting. Biopsy of small intestine was taken which shows cyst < 10 mm as given below. What is the appropriate diagnosis?","The description appears to be consistent with Cryptosporidiosis, an infection caused by Cryptosporidium parasites. This is common in HIV positive patients with low CD4 counts.",0.8
cfebfd0e-70e5-4158-80a1-03660da3803f,"A 6 year child presents with hepatosplenomegaly & generalized lymphadenopathy along with fever. The child developed a rash, after being administered ampicillin. What could be the possible diagnosis?","The symptoms mentioned point towards Infectious Mononucleosis, also known as mono or ""kissing disease"", often caused by Epstein-Barr virus. The rash is a common reaction to ampicillin in patients with mono.",1
ab0fceb8-0448-4a0e-9f21-1c95b82f5286,"12 year old with rapid increase in weight and Height over past one year presents with difficulty in sitting cross legged and squatting, knee would go into axilla every time she flexes her hip and knee, most likely diagnosis","The symptoms suggest a possible case of congenital hip dislocation or developmental dysplasia of the hip (DDH). However, a professional medical diagnosis is necessary.",0.2
c04a9769-7b74-4ce9-93c9-4202cf13b10e,Gold standard for diagnosis of osteoporosis ?,The gold standard for diagnosis of osteoporosis is Dual-energy X-ray absorptiometry (DEXA) scan.,1
f00bebd0-60b4-4c94-82f4-dc2a3c54f623,"A 62-year-old man with underlying COPD develops a viral upper respiratory infection and begins taking an over-the-counter decongestant. Shortly thereafter he experiences palpitations and presents to the emergency room, where the following rhythm strip is obtained. What is the most likely diagnosis?","Without the ability to view the rhythm strip, I cannot provide a specific diagnosis. However, over-the-counter decongestants can exacerbate underlying heart conditions leading to arrhythmias, such as atrial fibrillation or tachycardia in COPD patients. Please consult with a healthcare professional for a more accurate diagnosis.",0.7
16f040da-e2d1-43d8-beb4-5ea369e0891c,"An adolescent male presents with Hypokalemia, Metabolic Alkalosis, Hypercalciuria and Nephrocalcinosis. His Blood Pressure is normal. The likely diagnosis is:","The likely diagnosis is Bartter syndrome, a rare inherited renal disorder.",1
460b8ffa-6fa3-4526-87c3-142dac0b2a62,"A child born with microcephaly, chorioretinitis and intra cranial calcifiction. Most likely diagnosis is –",The most likely diagnosis is Congenital Toxoplasmosis.,1
b465f0d0-3ceb-4781-a48a-05f31368c6a5,"A girl presents with, primary amenorrhea, grade V thelarche, grade II pubarche, no axillary hair, likely diagnosis is:",The likely diagnosis is Androgen Insensitivity Syndrome (AIS).,0.5
31a01515-879f-4c58-9961-2f207cbda7f0,A 55-year old male had retero-sternal discomfort unrelated to physical exertion. Pain gets worse after lying down there is partial relief with antacids. The most likely diagnosis is-,The most likely diagnosis is gastroesophageal reflux disease (GERD) or heartburn.,0.5
958d3478-113e-42d7-baa1-1bb1006344d6,"A 30 year old male presented with itchy, papulovesicular lesions in the extensor aspect of elbows and knees. Biopsy of the lesion showed dermoepidermal blister with micro-abscesses. Immunofluorescence showed deposits of IgA in the tips of dermal papillae. What is the MOST likely diagnosis?",The most likely diagnosis is Dermatitis Herpetiformis.,1
a2529910-f834-4301-b9ef-4fa6532a6808,"A 31-year-old female presents to the department of surgery with a complaint of Bell's palsy, which had appeared a year earlier and had resulted in paralysis of muscles of one side of her face. The chief of plastic surgery recommends a nerve graft, taking a cutaneous nerve from the lower limb to replace the defective facial nerve. The surgery is successful. Six months after the procedure, there is restoration of function of previously paralyzed facial muscles. There is an area of skin on the back of the leg laterally and also on the lateral side of the foot that has no sensation. What nerve was used in the grafting procedure?",The nerve used in the grafting procedure was the Sural nerve.,1
d1102e85-5aef-403a-a806-1ccaaf7d8f66,"A 48-year-old woman presents with a 6-month history of intermittent cranial nerve palsy that has become progressively worse in the past 2 weeks. On examination, ptosis and diplopia are evident. Her condition shows a favorable response to the anticholinesterase inhibitory drug prostigmin (neostigmine). What is the most likely diagnosis?","The most likely diagnosis is Myasthenia Gravis, a neuromuscular disorder that causes muscle weakness, often presenting with symptoms like ptosis and diplopia, and responds well to anticholinesterase drugs like neostigmine.",1
1332ada1-35f2-4605-9613-489d21690563,A 45 year old lady is having persistent reflux symptoms. Most accurate investigation in establishing the diagnosis before surgical treatment is,The most accurate investigation for persistent reflux symptoms before surgical treatment is an esophageal pH monitoring.,0.9
9d649483-39b4-405a-ab4e-f800f5a8cb16,"A 23 year old tall male presents with complaints of absent pubic hair, axillary hair, infantile genitalia, high LH, FSH levels and XXY karyotype. What is the most probable diagnosis?",The most probable diagnosis is Klinefelter Syndrome.,1
594ead7d-706d-4cb0-b279-83c094a54297,"A 17-year-old boy presents to you with sweating, yawning, lacrimation, tachycardia. His friends repoed that he has been not attending college lately. The likely diagnosis is:",These symptoms are suggestive of opioid withdrawal.,0.9
903b2f25-dfb5-4a8e-9d40-a4b0a76af02c,"A patient has small, oval multiple ulcers in the oral cavity with red erythematous margins. The diagnosis is -","The symptoms suggest a condition known as Aphthous Stomatitis, also known as canker sores.",0.9
b794ae0a-b406-42b7-b68d-db9371533c18,A 20-year-old female received treatment for bronchial asthma. She noticed a mole recently. Which characteristic of mole carries a high risk for malignancy?,"Moles that change in size, shape, or color, have irregular borders or asymmetrical shapes, and larger than 6mm in diameter carry a high risk for malignancy.",0.5
a73faeec-c568-402a-a0d7-53eb55cd4719,what is the most likely diagnosis of a 55yrold female complaining of back ache,"As an AI, I can't make a diagnosis, but common causes of back pain in middle-aged adults can include muscle or ligament strain, arthritis, or disc problems. It's important for her to consult with a healthcare provider for a full evaluation.",0.5
94dde09b-b752-480b-9d91-149f95d23403,"A patient presents with symptoms of cough, hemoptysis, and glomerulonephritis. His C-ANCA levels in serum were found to be raised. The most likely diagnosis is","The most likely diagnosis is Granulomatosis with Polyangiitis (formerly known as Wegener's Granulomatosis).
",1
66d9970f-a59d-4379-b85b-877ed31565c5,"A 30 year old man has become suspicious that his wife is having an affair with his boss. He thinks his friend is also involved from abroad by providing support his friends tried to convince him but failed to do so. The patient is otherwise normal, doesn't have any hallucination or any other socially inappropriate behavior. The most likely diagnosis is","The most likely diagnosis is Delusional Disorder, specifically Jealous Type, given the patient's persistent false belief of his wife having an affair despite evidence to the contrary, without any other significant psychopathology.",0.8
26a48cd6-53d3-4452-8eea-3a6bf5236308,A 25-years-old male had severe headache followed by unconsciousness. CSF tap revealed red blood cells. Most likely diagnosis is -,"The most likely diagnosis is a subarachnoid hemorrhage, which is often characterized by a sudden, severe headache and can lead to loss of consciousness if blood enters the cerebrospinal fluid (CSF).",0.6
3e498716-4772-4faa-a052-8161e85c7ff0,"A patient complains of inability in reading a newspaper, paicularly in bright sunlight. What is the most likely diagnosis?","The patient may be suffering from macular degeneration, an eye disorder that affects the central vision.",0.5
59661dfa-2dfa-4861-ab23-dc28218625e9,"Ovarian cyst in postpartum patient, treatment is:","Treatment typically involves monitoring first, then medication or surgery if the cyst doesn't resolve or causes symptoms.",0.5
4d00942c-f84c-4c7c-8138-9c09226b2484,"1 month old baby has microcephaly, hepatoslenomegaly. His urine stained with Giema shows owl's eye inclusion bodies. What is the diagnosis",The baby has Cytomegalovirus (CMV) infection. The owl's eye inclusion bodies are characteristic of this viral infection.,1
9293a00c-d8ad-40e4-97bc-9ce37d425102,You treat a 27-year-old infertile patient with bromocriptine. What should be the diagnosis?,"The diagnosis could be Hyperprolactinemia or Prolactinoma, as Bromocriptine is often used to treat conditions related to high levels of prolactin hormone.",1
998b0fed-006b-47d0-89e1-748896afd1fc,What is the treatment of threshold ROP:,Threshold Retinopathy of Prematurity (ROP) is usually treated through laser therapy or cryotherapy to stop the abnormal blood vessel growth and prevent retinal detachment.,0.75
7fb5f6c3-5c05-426e-a408-349a3f687d5e,"A child with fever had multiple skin lesions, and on microscopic examination the skin lesions are seen to have neutrophilic and histiocytic infiltration in the dermis. What is the diagnosis?","The described symptoms may indicate Sweet's Syndrome, also known as acute febrile neutrophilic dermatosis. Please confirm with a healthcare professional.",1
045f9534-2b60-4d2a-8eab-679494476682,"A 65-year-old man with a long history of diabetes mellitus was hospitalized for treatment of an ulcer, which had been present on his left great toe for several months. Left sided below knee amputation was performed because of the inability multiple courses of oral antibiotics to resolve the ulcer, On the first postoperative day, he developed fever which worsened by day 2. His amputation stump was mottled with many areas of purplish discoloration, and the most distal areas were quite obviously necrotic. Crepitus was palpable up to his patella. An X-ray of the left lower extremity was done. What is the likely pathogen?","The likely pathogen is Clostridium perfringens, which is associated with gas gangrene, consistent with the symptoms and findings such as fever, necrotic tissues and crepitus (gas production) in the patient.",1
a8a22778-3992-4e50-8b28-1ec5e121eb9e,Gold standand for diagnosis of carotid body tumour is,The gold standard for diagnosis of a carotid body tumor is angiography.,0.5
2c32f9f7-0c3c-43f3-87fd-d7ebf1a0368c,Patient with recurrent pain over right cheek that increases on chewing and between attacks patient is otherwise normal. Most probable diagnosis is?,"The most probable diagnosis is Trigeminal Neuralgia, specifically affecting the maxillary branch of the trigeminal nerve.",1
c6c1259e-0878-4fe8-bb0a-d206a2d953e7,For what procedure is the instrument depicted in the diagram used?,"As an AI text-based model, I'm unable to view or interpret images or diagrams. Could you please describe the instrument?",0
e2ac36b8-252f-45b4-870c-c2fec52daa71,"A 50 year old man came to the neurology OPD with chief complaints of ataxia and abnormal eye movements. On examination, veical gaze palsy is seen. A MRI was performed . What is the possible diagnosis?","The possible diagnosis could be Progressive Supranuclear Palsy (PSP), as the patient exhibits key symptoms such as ataxia, abnormal eye movements, and vertical gaze palsy.",1
b19df3d0-3e9c-4346-b8fe-2e27dd0c51b5,"A psychiatric patient taking medication develops a tremor, thyroid enlargement and leucocytosis. Drug implicated is","The drug implicated could be Lithium, as it can cause side effects such as tremors, thyroid enlargement, and leucocytosis (increased white blood cells).",1
8cda0120-f2cb-424a-9e1b-b7f2295530d2,"A newborn child is presenting with regurgitation of all feeds and, develops coughing and cyanosis with feeding. Most probable diagnosis is","The most probable diagnosis is Tracheoesophageal Fistula, a congenital condition characterized by abnormal connection between the esophagus and the trachea.",0.5
395dab54-4052-4dfc-bd25-3824b892e82e,"A 45 year old female patient reports to the clinic with a history of pain with tooth 37. The tooth appears normal on clinical and radiographic examination except for the fact that pain occurs on biting on a hard object and then releasing the bite.

Immediate treatment of such a tooth involves","immediate treatment may involve palliative care for pain management and potentially an occlusal adjustment or root canal treatment, if a diagnosis of cracked tooth syndrome is confirmed.",0.5
0eb7ac60-9d37-4ff2-94c7-30d3a6a9864e,"A 61 year old female presents with recurrent pneumonia, regurgitation of food and feeling of fullness. Most probable diagnosis is?","The most probable diagnosis is Achalasia, a condition affecting the esophagus that makes it hard for food and liquid to pass into the stomach.",0.5
dd05e9c6-00f5-4145-9830-a7dd90e1adc4,"A 6-year-old child presents with abnormal twitching of the face during sleep, which is noticed by the mother. EEG shows spikes over the centro temporal area. What is the diagnosis?","The diagnosis is likely benign rolandic epilepsy, also known as benign centrotemporal epilepsy.",1
77a7e88b-34c5-49ad-a211-59948c56558a,An 81-year-old woman presented with a 1-week history of vomiting. What is the diagnosis?,"As an AI, I can't diagnose medical conditions. However, the symptoms could relate to various health issues like gastroenteritis, food poisoning, or a digestive disorder. A healthcare professional should be consulted for proper evaluation.",0.1
42208526-ae64-4b2d-b9d3-011ba254c715,"The treatment of a patient with myocardial infarction is thrombolytic therapy, if the patient presents within hours of chest pain:","Yes, thrombolytic therapy is used to dissolve clots in the coronary arteries and restore blood flow in a patient with myocardial infarction, especially if the patient presents within a few hours of chest pain onset.",0.9
91fb895a-3e3a-48e5-8afb-18176ecc2aac,A retroviral positive patient presents with frequent diarrheal episodes. Stool examination reveals acid-fast oocyst of size 4-6 microns. What could be the probable diagnosis?,"The probable diagnosis could be Cryptosporidiosis, a parasitic infection caused by Cryptosporidium species.",0.8
e16bfaef-2509-4bcf-83c0-56a00648cc55,"A female patient aged 45 years has multiple non-carious lesions and c/o sensitivity. On examination deep cervical abrasions are seen in all posterior teeth. Intra oral sinus is evident w.r.t. 24 & 25. Gingival recession is present in mandibular anterior teeth with gingival inflammation and bleeding on probing.

What is the treatment required for 24 &25","The teeth numbered 24 & 25 require treatment typically consisting of root canal therapy or endodontic treatment due to the presence of an intra oral sinus, suggesting an underlying infection in these teeth.",1
a531615c-c927-41f4-bcac-2c2332cb3d47,"A 40 year patient is having high grade fever associated with abdominal pain in right upper quadrant, with hepatomegaly and liver dullness on percussion. There is history of recent travel. Clinical diagnosis is:","The clinical diagnosis could be Hepatitis, possibly a type contracted during travel such as Hepatitis A.",0.5
30a1e57b-ea6c-4c7b-85d3-1ee976c4429d,"A 45 years old female patient presented painless supraclavicular lymph adenopathy. Biopsy revealed hinucleated acidophilic owl eye appearance with floating lymphocytes in empty space, which was CD 15, CD 30 positive. What is the most probable diagnosis?",The most probable diagnosis is Hodgkin's lymphoma.,0.7
3bec1100-b202-43d3-9089-93db6dc7c9f1,A 23 year old boy with schizophrenia is well maintained on risperidone for the last 2 months. He has no family history of the disease. For how long will you continue treatment in this patient?,"The treatment for schizophrenia is usually lifelong as it is a chronic condition. However, the exact duration should be determined by the treating psychiatrist based on the patient's symptoms and response to medication.",0.5
022f04c8-4418-429a-84ca-4d0271faa87b,A man with intermittent hiccups feels that he is about to die because he is suffering from gastric cancer. All his radiological investigations prove the contrary. Which is the most probable diagnosis?,"The most probable diagnosis could be a case of anxiety or panic disorder, as this can cause physical symptoms and feelings of impending doom despite no physical evidence of serious illness. However, persistent hiccups should also be investigated by healthcare professionals to rule out non-psychological causes.",0.7
9e9f74e8-cc69-44ac-a299-707bd9071b8b,"Blood in urine in a patient in labour, with history of previous LSCS. The diagnosis is:","The possible diagnosis could be bladder injury or trauma, potentially related to the previous Lower Segment Cesarean Section (LSCS). However, it's essential for a healthcare provider to confirm this.",0.5
98c6d3b5-63b0-4d46-8e38-0c141633ed78,28 year old pregnant female came to you with complaints of brownish pigmentation on the bridge of nose and cheek. She noticed it after returning from her vacation at beach. There is no pain or itching at the affected site. What is your most likely diagnosis?,"The most likely diagnosis is melasma, also known as the ""mask of pregnancy,"" which is a common condition manifesting as brown patches on the face, often triggered or worsened by sun exposure.",0.8
9d472e94-b47a-4069-ad93-a6dcd5c67af6,"A 28-year-old male patient is brought to casualty in comatose state with pin-point pupils, reduced respira- tory rate and bradycardia. Most likely diagnosis: UPSC 09; CMC (Vellore) 14","The most likely diagnosis for the patient is opioid overdose, which can cause pinpoint pupils, reduced respiratory rate, and bradycardia.",0.95
98c93ab4-4db1-426e-8fb9-9eeb6da5bab5,A 40 years old P4+2 female has been diagnosed to have H.mole. The treatment would be:,The primary treatment for a hydatidiform mole (H.mole) is typically dilation and curettage (D&C) to remove the mole from the uterus. Follow-up monitoring will also be needed.,0.5
db5c0609-fe45-4d78-a436-5cfe28884bad,"An elderly man with ataxic hemiparesis, diagnosis is","Ataxic hemiparesis often indicates a lesion in the brain, possibly due to conditions like stroke or multiple sclerosis. However, a definitive diagnosis requires medical evaluations such as neuroimaging studies.",0.5
5f42e5a3-36d8-406e-9348-ce5489bb4b52,"A female patient presents with reddish vagina and greenish discharge, the probable diagnosis is :",The probable diagnosis could be Bacterial Vaginosis or Trichomoniasis. It's important she consults her healthcare provider for an accurate diagnosis.,0.5
f7dcea5f-70b4-436e-b059-a95615d50011,A 45 year old male presented to emergency with complaint of chest pain associated with swallowing a piece of meat. He repos similar episodes over the past 3 years. But today's episode was the most severe. He doesn't give a history of regurgitation other than these episodes or heaburn symptoms. There is no difficulty in liquid intake and has not had any weight loss. Probable diagnosis in this case is?,"The probable diagnosis in this case is likely esophageal dysphagia, specifically a condition like esophageal stenosis or a possible esophageal stricture.",0.5
be412b96-a2dd-4aa6-af4d-1997a9d6e181,A 35-year-old HIV-positive man comes to you with a 6-month history of progressive memory loss and incontinence. He is taking zidovudine and a protease inhibitor. Examination demonstrates deficits in cognitive and fine motor control functions. Lab shows a CD4 cell count of 25/mm3. MRI studies reveal moderate brain atrophy but no focal lesions. LP shows no CSF abnormalities. Most likely diagnosis,"The most likely diagnosis is HIV-Associated Dementia (HAD), also known as AIDS Dementia Complex, which can occur in advanced HIV infection with a low CD4 count.",0.5
a28e66a8-d0d0-4cc3-a13d-5bb819bf719e,A patient presents with decreased vital capacity and total lung volume. What is the most probably diagnosis?,The patient's symptoms suggest a restrictive lung disease condition such as pulmonary fibrosis or pneumonia.,0.5
d20f4006-5928-4014-a3ed-7558647d7baa,"A 70 year old male, known case of chronic renal failure suffers from a pathological fracture of Rt femur, the diagnosis is -",The diagnosis is a right femur pathological fracture due to chronic renal failure.,0.5
e0b1fcff-bcd8-45d8-83e7-8c06b0a6104d,"A 20 year old man presents with repeated episodes of hematemesis. there is no history of jaundice or liver decompensation. On examination, the significan findings include moderate splenomegaly and presence of esophageal varices. There is no ascites or peptic ulceration. The liver function tests are normal. What is the most likely diagnosis?","The most likely diagnosis is Portal Hypertension, based on the presence of esophageal varices and splenomegaly without signs of liver disease.",0.5
eb852cf5-af58-4468-9704-3fb1a38c760d,What will be the most likely diagnosis in a 70 year old male with hypo-aesthesia of external auditory meatus (Histelberg's sign positive)?,"The most likely diagnosis would be Ramsay Hunt Syndrome, also known as herpes zoster oticus.",0
9ef4afb1-997a-453e-be72-9eb605d0f67a,"A 35 year old male underwent the following procedure before his surgery, After 2 days he developed headache which gets relieved by lying down.What is the definitive treatment for this?","Without information about the specific procedure he underwent, it's hard to give definitive treatment advice . However, his symptoms suggest he may have a post-dural puncture headache. Definitive treatment often involves a procedure known as an epidural blood patch.",0.75
1d70fda1-6214-4876-b5e5-b37ef5d882d8,A 28 year old male presented to you with lower abdominal pain associated with pain in the groin. He also complains of nausea. Elevation of the testis relieves his pain. What is your diagnosis?,The symptoms suggest the person may have testicular torsion.,0.5
9273b1bd-dec3-4757-90a8-8d4b8a930b62,"A female patient after injury comes to casualty. Her ABG shows low pH. PCO2 high, bicarbonate normal.The diagnosis is -",The diagnosis is respiratory acidosis due to high PCO2 (carbon dioxide retention) and low pH which indicates acidity.,1
28858ec3-f330-405d-9b73-671a30353f79,A 10 year old injured her upper limb 2 years ago. She presents with valgus deformity of the elbow and paresthesias over the medial border of the hand. What is the likely diagnosis?,The likely diagnosis is Cubitus Valgus with possible damage to the ulnar nerve.,0.5
6f3f4534-2d7b-4760-a9ed-f5dcfd414d34,"A 15 years old Male presented with history of fever since 2 days, unable to swallow the food with muffled voice. On examination it is noted right tonsil is shifted to midline. What is the diagnosis:","The symptoms suggest a peritonsillar abscess, a severe infection near the tonsils causing swelling and pushing the tonsil towards the midline.",0.5
6513b6c8-723f-4843-b249-b7637180b5ed,"A 58 years old woman, who had backache and recurrent chest infections for 6 months, develops sudden weakness of the legs and urinary retention. Her investigations show hemoglobin of 7.3 gm/d1, serum calcium 12.6 mg/d1, phosphate 2.5 mg/dl, alkaline phosphatse 100 uil, serum albumin 3 gm/d1, globulin 7.1 gm/d1, and urea 178 mg/dl. What is the most likely diagnosis ?","The most likely diagnosis for this patient is Multiple Myeloma, a cancer of plasma cells that produces abnormal proteins causing various symptoms including bone pain, frequent infections, and renal dysfunction.",1
ce36e860-95ba-4700-8fd4-00d9f80f8933,A child is suffering from dry skin and is mentally retarded-diagnosis ?,"The child may be suffering from Ichthyosis, a condition that often presents with dry skin, and may be associated with developmental delays. However, a proper medical examination is necessary for diagnosis.",0.5
0e7d5aef-85ad-4060-9564-14ff765687d0,"A 20-year-old man complains of difficulty in reading the newspaper with his right eye, three weeks after sustaining a gun shot injury to his left eye. The most likely diagnosis is","The most likely diagnosis is sympathetic ophthalmia, a bilateral inflammation of both eyes following trauma to one eye.
",1
8c18d16c-0dd1-4117-8b64-a6ca3812c5e6,A patient comes with a non itchy eruption in the groin which on KOH examination reveals fungi. The diagnosis is,"The diagnosis is most likely Tinea Cruris, also known as ""jock itch,"" a type of fungal infection.",0.5
8b73ba49-78a9-41c2-a1b7-658a7fb02c52,"An adult male patient presented in the OPD with complaints of cough and fever for 3 months and haemoptysis off and on, His sputum was positive for AFB. On probing it was found that he had already received treatment with RHZE for 3 weeks from a nearby hospital and discontinued. How will you categorize and manage the patient -","This patient is classified as a case of tuberculosis with previous incomplete treatment or ""treatment after loss to follow-up."" He should preferably be reassessed for drug sensitivity and restarted on a regimen that includes first-line anti-tuberculosis drugs under the guidance of a healthcare professional, with direct observed therapy to ensure complete treatment.",0.5
d2234107-7268-4503-acd5-4d98170cfd8b,Measurement of urine vanillyl mandelic acid can help in diagnosis of-,"The measurement of urine vanillyl mandelic acid (VMA) can aid in diagnosing conditions such as neuroblastoma and pheochromocytoma, as these conditions often cause elevated VMA levels.",0.5
59520557-2d59-4dea-bb3f-e2e609dcf56e,A patient has normal anterior chamber and hazy cornea in one eye and shallow ant chamber and miotic pupil in fellow eye. the diagnosis is :,The patient might be suffering from conditions like corneal edema in one eye and acute angle-closure glaucoma in the other. Please consult with an ophthalmologist for precise diagnosis.,0.5
c76111ff-644e-4e16-ad38-271c474e5303,Patient presents to us 3 days after bell's palsy what is the initial treatment for the patient ?,"The initial treatment for Bell's palsy typically involves corticosteroids like prednisone, which can reduce inflammation and swelling.",0.8
52d0b53f-7996-4c30-9c1d-dfd5fc12b487,Comment on the first differential diagnosis of the CXR of a 50-year-old patient with cough for 2 weeks.,"As an AI, I can't evaluate radiology images directly. However, in a 50-year-old patient with a prolonged cough, your first differential diagnosis from a chest x-ray (CXR) might include conditions like pneumonia, bronchitis, COPD exacerbation, or lung cancer. Please consult a medical professional for accurate diagnosis.",0.5
da9d12fa-dc39-4e38-a8f3-803c81f84310,"An old lady came with complaint of pain in left calf region. A diagnosis of deep vein thrombosis (DVT) was made and she was put on warfarin therapy. After 3 months, she was brought to hospital with complaint of nose bleed which automatically stopped in few minutes. Her lab repos show INR of 7.0. To avoid hemorrhage, what to do next in addition to discontinuation of the drug?",Vitamin K should be administered to reverse the effects of the warfarin and reduce the risk of hemorrhage. Regular monitoring of her INR is also necessary.,1
528581ef-9a4a-40da-a054-fe9c1dd57af6,"A 60-year-old woman presents with generalized edema, skin ulceration and hypertension. Urine examination shows subnephrotic proteinuria (<2gm) and microscopic haematuria. Serum complement levels are decreased and she is positive for anti-hepatitis c antibodies. The likely diagnosis is -","The likely diagnosis is Membranoproliferative Glomerulonephritis (MPGN), particularly type II which is often associated with Hepatitis C infection.",0
aaa57d1d-29d5-4bf1-bef8-2b7df6428deb,"A boy after playing football complaining fatigue and abdominal pain. He also had a history of hand swelling in past. On ultrasonography, he has shrunken spleen. What is the likely diagnosis of this patient?","The likely diagnosis could be Sickle Cell Disease, as the symptoms mentioned (fatigue, abdominal pain, hand swelling, and shrunken spleen) are common in this condition.",0.9
33f32ebb-5158-44a0-98aa-171dfc488bec,"A 30 year old female, married since one year, present to the psychiatry clinic with hyperactivity since 2 weeks. A diagnosis of mania is made. She had 3 prior episodes of mania in last 5 years and every time after taking medication she goes to premorbid state. Her urine pregnancy test is positive. Which is the preferred drug for management of this patient?","The preferred drug for the management of this patient, who is pregnant and has a history of mania, should be a mood stabilizer such as Lamotrigine, due to its lower risk profile in pregnancy. However, treatment should be individualized and closely monitored.",0.5
f4f4ef6b-7547-47a8-9843-66d91790c0da,"A 63 year-old obese woman who has suffered from chronic leg swelling for several years. Her legs get intermittently red and swollen. When this happens she applies a combination of lanolin and Neosporin. One week ago, she did this and her legs got very inflamed and developed blisters, oozing and severe pruritus. The most likely diagnosis is:","The most likely diagnosis is cellulitis, a bacterial skin infection often triggered by a break or breach in the skin.",0
6873293a-7023-4192-be50-1b1b42ff1f9d,What is the diagnosis in this patient who developed chest pain after coughing?,"As an AI, I'm not able to diagnose, but chest pain after coughing could potentially indicate conditions like a pulled muscle, chest infection, or even a lung condition. However, severe conditions like heart problems can't be ruled out. It is important to consult a doctor for an accurate diagnosis.",0.5
8323d364-a614-473a-963e-e3ea7251a1ae,"7 year old child presented with fever, bleeding gums and fatigue for 4 days. On examination, she had splenomegaly. CBC shows Hb of 6gm%, TLC 75,000/HL, Platelet count 35,000 / HL. Bone marrow aspiration showed these cells as comprising 50% of marrow cells. What is the diagnosis?","The diagnosis likely indicates acute leukemia, possibly Acute Myeloid Leukemia (AML) given the symptoms and lab findings. However, more detailed testing is necessary to confirm the diagnosis.
",0.9
c65acd17-90ba-4aef-abd9-2564ff758d93,"A patient presented with peripheral field loss and fundus examination shows waxy exudates & pale disc with pigmentation around retinal vessels, diagnosis is –","The diagnosis is most likely Retinitis Pigmentosa, a genetic disorder that affects the retina's ability to respond to light.
",1
f4ee606e-0e80-48e6-bb5f-ab2b69898926,"A 50 yr old male Raju present with occasional dysphagia for solids, regurgitation of food and foul smelling breath. Probable diagnosis is","The probable diagnosis for Raju could be achalasia or gastroesophageal reflux disease (GERD). However, a complete medical examination is essential for an accurate diagnosis.",0.5
2e3711b9-2475-48a9-9c9b-9019706ee195,Patient presents with recurrent duodenal ulcer of 2.5 cm size; procedure of choice,"The procedure of choice for a recurrent duodenal ulcer of 2.5 cm size is typically surgical intervention, specifically a partial gastrectomy or vagotomy with pyloroplasty.",0.5
a7e3eafd-a253-484d-9048-488c4916ae9c,"An 8-yr old child comes to your clinic with large front teeth having jagged margins, what is the treatment plan for this patient?","The child might need cosmetic dentistry procedures like enamel reshaping, dental bonding, or orthodontics, but the specific treatment plan should be decided by a pediatric dentist after a complete examination.",1
d038ce06-e759-4238-94ec-d0a4f94df89b,"If an osseous fill procedure is successful, the type of bone formed in the defect is?","If an osseous fill procedure is successful, the type of bone formed in the defect is called new mature lamellar bone.",0
a57f2bc5-7600-48f1-8a7a-aabc43eecf1b,A 9 year old boy with elevation in both PT and A PTT. What is the diagnosis? -,"Elevation in both PT and APTT in a 9 year old boy could indicate a coagulation disorder such as disseminated intravascular coagulation or hemophilia, but the exact diagnosis would require further testing and medical evaluation.",0.8
1bd51114-d766-4fd1-a8a8-bb28c29e7182,"A 15 year old boy has bilateral optic atrophy, diabetes mellitus and diabetes insipidus. The diagnosis is-","The diagnosis is likely Wolfram Syndrome, a rare genetic disorder characterized by diabetes mellitus, optic atrophy, and often diabetes insipidus.",1
82b986fb-5633-4f36-80a2-d2c00b395796,A female patient has TSH elevated above normal and subnormal free T4. What is the likely diagnosis?,The likely diagnosis is primary hypothyroidism.,1
25fa3335-ffd7-41c9-bc82-23faae0779ec,"A male Shyam, age 30 years presented with Trismus, fever, swelling pushing the tonsils medially and spreading laterally posterior to the middle sternocleidomastoid. He gives an h/o excision of 3rd molar a few days back for dental caries. The diagnosis is -","The diagnosis could be Ludwig's Angina, a serious infection which often occurs after dental procedures.",0.5
d251b6d9-475f-4406-83f6-97b9a6e0507f,A 40 year old male underwent coronary aery bypass grafting. During the procedure the surgeon applied clamp to the vessel lying anterior to thhe transverse pericardial sinus. The vessel is,"The vessel is likely the ascending aorta, as it's the one located anterior to the transverse pericardial sinus and often clamped during coronary artery bypass grafting (CABG).",0.5
de66f8cf-d1cf-44f2-93f3-0dab5ee6a155,Paul Bunnell Test is the standard diagnostic procedure for,"Infectious mononucleosis, also known as ""mono"" or ""glandular fever"".",1
d88c7555-9e0f-49d8-bc51-561b68403c11,"The child presents to you with learning disabilities. On examination, horseshoe kidney&;s and streak gonads are noted. What is your diagnosis?","The symptoms suggest Turner Syndrome, a genetic condition affecting girl's development.",1
55067ce5-5a35-4f3a-82cb-35ce7b85bf9f,A 23-year old young boy with schizophrenia is well maintained on risperidone for the last 2 months. He has no family history of the disease. For how long medication should be continued in this patient?,"The duration of medication for schizophrenia is typically lifelong, as it is a chronic condition. However, specific treatment duration should be individualized and decided by the treating psychiatrist.",0.5
cd8075e4-4ede-4537-8cb3-064a03f820fe,A patient was diagnosed with isolated increase in LDL. His father and brother had the same disease with increased cholesterol. The likely diagnosis is:,"The likely diagnosis is Familial Hypercholesterolemia, a genetic disorder characterized by high LDL cholesterol levels.",0.5
5e5d5d94-31e7-44ff-a261-e8c532e31eb4,An elderly multiparous woman with intrauterine foetal death was admitted with strong labor pains.The patient suddenly goes in shock with cyanosis respiratory disturbances and pulmonary oedema.The most likely clinical diagnosis is:,The most likely clinical diagnosis is Amniotic Fluid Embolism.,1
fe907f58-cd1b-4e2c-bcb5-139a6e369084,Most common complication of whipple's procedure is,"The most common complication of Whipple's procedure is delayed gastric emptying, which means the stomach empties its contents into the small intestine more slowly than normal.",1
7cabcd42-0c06-4786-a4ad-29dbd20fe270,"A 21 year old medical student and his batchmate and girlfriend came to psychiatry outpatient for evaluation. The girlfriend of the patient, said that he is very boring and its getting difficult for her to continue in the relationship. She repoed that 'He is way too serious about studies '. He goes to every single clinical posting and also asks the postgraduates to take attendance. After the college, he routinely goes to library, where he stays till late night and has staed reading Harrison's medicine. A couple of days back he got into argument with a pharmacology professor about drug of choice of a paicular disorder and argued with the professor in front of entire batch. The patient on the other hand repoed, I don't understand why is she upset with me. I am doing the right thing and i don't understand why other students, teachers and principal cannot be as dedicated as me. What is the diagnosis?","The medical student appears to be highly focused, goal-oriented, and possibly overcommitted to his studies, but there's not enough information to suggest a specific psychiatric diagnosis. He might be dealing with stress or anxiety related to his academic performance, but this would need to be evaluated by a professional.",0.3
6346f3cb-919e-4950-a3c1-dd1e4e94f454,A 38-year-old man with a history of fever associated with abdominal pain of 3-week duration presents now with a sudden onset of abdominal pain and copious vomiting. Plain abdominal x-rays reveal air under a diaphragm. A CT scan shows mesenteric lymphadenopathy and splenomegaly is found. Laparotomy is performed and 3 feet of ileum resected. The luminal aspect of the resected bowel shows marked ulceration of Peyer's patches. What is the most likely diagnosis?,"The most likely diagnosis is Typhoid fever, which features symptoms such as abdominal pain, fever, and potentially severe gastrointestinal complications like ulceration of Peyer's patches.",0.75
a57bc4ab-c7e7-4791-b0f3-16c578b681a1,"According to the ICD-10 revision, for establishing a diagnosis of mania, the symptoms should persist for at least:","According to the ICD-10, for a diagnosis of mania, the symptoms should persist for at least one week.
",1
cc3c3c9e-4d50-44bc-a22c-e8a9c4477604,"A 6 months old baby with H/0 bloody diarrhoea of 2 days duration with abdominal distension and on examination the baby screams, diagnosis is -","The baby might have intussusception, a serious condition in which part of the intestine slides into an adjacent part of the intestine. However, an immediate medical examination is required to confirm this.",0.9
9dec05e6-20c9-4b14-805d-436c3d9aa49a,A 32-year lady with uterine fetal death after normal vaginal delivery continues passing of urine from vagina. What is the most probable diagnosis?,"The most probable diagnosis is a vesicovaginal fistula, a connection between the bladder and the vagina that results in continuous urinary incontinence.",1
a24cd326-492d-4bb9-98d5-844cfba7ba40,Lallo 40 years has recently staed writing books. But the matter in this book could not be understood by anybody since it contained words which were never there in any dictionary and the theme was very disjoint. Now adays he has become very shy and self absorbed. When he addresses people he speaks about metaphilosophical ideas. What is likely diagnosis,"The symptoms you described suggest that Lallo may be experiencing a form of Schizophrenia, specifically Schizophasia (or word salad) which is characterized by disorganized speech. However, a professional psychiatric evaluation is needed for an accurate diagnosis.",0.9
0a710281-870c-46fd-91d2-4bc72fd8260a,"A patient with sinus infection develops chemosis ,B/L proptosis and fever, the diagnosis goes in favour of-","The symptoms suggest a likely diagnosis of Orbital Cellulitis, a severe infection involving tissues surrounding the eye. It often results from a sinus infection spread.",0.5
90ddf9b2-09fc-41f3-b497-adc11dac9cf2,"A person has poor performance in front of his seniors in public place, has tachycardia when he has to deliver a lecture, avoids going to parties. The diagnosis is -",The symptoms suggest this person may be suffering from Social Anxiety Disorder.,0.95
6ef92aa7-13df-4f02-a8b3-53e22bba33e1,"A 15 year old boy died suddenly while playing in the field. On autopsy, fibrofatty replacement of right ventricular myocardium is seen. Most likely diagnosis is:",The most likely diagnosis is Arrhythmogenic Right Ventricular Cardiomyopathy (ARVC).,0.9
daae86fc-72a7-4d48-9a58-0c9b44801645,"A woman tells you that she cannot urinate in a public restroom because she is embarrassed. Because of this problem, she can rarely leave home. The best diagnosis is?","This may be a case of ""paruresis"" or ""shy bladder syndrome"", a type of social anxiety disorder. It's recommended to seek professional help such as a psychiatrist or therapist.",0.7
ac9641ce-50fd-422c-81bf-6c3a1535299d,"A 50 year old female presents with lesions on cheek, chin and forehead. On examination the skin is erythematous, with dilated blood vessels, nodules and pustules without any comedones. What is the MOST likely diagnosis in this patient?","The most likely diagnosis for this patient is Rosacea.
",1
7aabc5a3-63de-463f-89ca-d4d032003977,"A 35 year old has a firm unshakable belief that his wife is cheating on him. He never allows her to go out of home alone and locks his house, while going out. In spite of all this, he is persistently suspicious that his wife has an affair. The probable diagnosis is:","The probable diagnosis is Delusional Disorder, specifically Jealous Type.",0.5
ff9e3050-edb5-4744-916a-2c94a5246e56,"A 7 years girl, parents gave a history of fever for which she was treated with Paracetamol following which the fever subsided. Later she developed seizures and altered sensorium. The urine examination revealed oxalate crystals on microscopy, Blood anion gap and osmolality were increased. The diagnosis is","The girl's symptoms suggest she may be suffering from ethylene glycol poisoning, which can lead to metabolic acidosis (increased anion gap), altered mental status, and oxalate crystal formation in the urine.",1
605350cd-6e2d-4c38-b0ab-17abed8105c9,"A man presented with difficulty walking and urinary incontinence. On examination, his pupils were nonreactive to bright light but constricted when focusing on a near object. What is the diagnosis?","The man's symptoms suggest a neurological condition called Argyll Robertson Pupil, often associated with neurosyphilis.",0.5
0c0d76b5-320b-4c8d-9684-01c17fc30cda,"A normal born child presents with mental retardation, blond hair and convulsions at 1 year of age. Most probable diagnosis is?","The most probable diagnosis for such symptoms could be Phenylketonuria (PKU), a genetic disorder affecting the metabolism of the amino acid phenylalanine.",1
6bfd7264-3891-49cd-90f8-6cb0fc417346,Function of wetting agents used in casting procedure is,"Wetting agents in casting procedures function to reduce surface tension, enhancing the spreadability of the casting material and facilitating better mold detail capture.",0.5
e2c278d5-a114-4844-be25-c577996883c9,"A 50-year-old woman who is known case of hypothyroidism and is taking treatment for the same, was diagnosed with endometrial fibroids and staed on iron recently. She repoed excessive fatigue & constipation in her follow up visit. Her BP & cholesterol levels have been stable. A TSH is checked, and it is found to be elevated. What is the most likely cause of her elevated TSH?","The most likely cause of her elevated TSH is inadequate treatment of her hypothyroidism, as TSH level elevates when there is insufficient thyroid hormone in the body.",0.5
55c06fe8-8137-4d00-8d97-7f85953cbfac,"Husband having suspicion that his wife is having affair with another man, diagnosis is ?","As an AI, I cannot diagnose behavior issues or speculate on personal relationships. However, feelings of suspicion or mistrust might warrant consultation with a psychologist or relationship counselor.",0.5
3d21ff00-104b-472c-b6de-043552bc0f53,"A young man had a stab injury in left 5th ICS at the mid clavicular line. On examination there is no deviation of trachea, heart sounds diminished, systolic BP is 80 mmHg, and RR is 20/min. The diagnosis is","The patient likely has a pneumothorax (potential tension pneumothorax, given the low systolic blood pressure) secondary to a stab wound.",0.5
cd02a0c2-50cf-43f4-93fc-badbdc6a559f,"4 year old child presents with developmental delay and episodes of multiple seizures types. 
The child did not respond despite multiple drug therapy. EEG showed 1-2Hz spike and wave pattern.
What is the diagnosis","The diagnosis is likely Lennox-Gastaut syndrome, a rare and severe form of childhood-onset epilepsy characterized by developmental delay and various types of seizures.",1
0c6dc31d-36bc-415f-8e24-689b73c1a369,"A 36 year old female with symptoms of hyperparathyroidism, pituitary adenomas, islet cell tumor with cutaneous angiofibromas. What is the diagnosis?",The diagnosis could be Multiple Endocrine Neoplasia type 1 (MEN1).,1
cee9783c-8750-40db-985e-d4f70a7cff28,"A male presenting with respiratory distress is put on a ventilator. Tracheal culture was obtained and sent for diagnosis. In the meanwhile, he was empirically staed on amikacin and ceftriaxone. Culture repo after 48 hrs shows growth of Klebsiella pneumoniae which is ESBL +ve on antimicrobial susceptibility testing. The modification needed in his antibiotic treatment is:","The current regimen of amikacin and ceftriaxone might need to be modified to a carbapenem such as meropenem or imipenem, as these antibiotics are often effective against ESBL-producing Klebsiella pneumoniae. However, the exact change depends on the antibiotic susceptibility report.",0.75
ff97b877-aeba-4bac-b3c8-1238d9fc0ed2,"A patient with condylar fracture, the occlusion is normal with normal mouth opening. The best treatment is?","The best treatment for a condylar fracture with normal occlusion and normal mouth opening is typically non-surgical, using pain management and functional therapy. Always consult with a healthcare professional for personalized advice.
",0.8
0a882142-350e-4783-ae1a-a622b9e50108,"A 25-year-old man has bronchospasm that is exercise induced, paicularly in the cold weather. He takes his medication 15 minutes prior to anticipated exercise, which will help to prevent the asthmatic attack but does not produce bronchodilation. Which drug does he take?",The man likely takes a leukotriene receptor antagonist such as Montelukast for his exercise-induced asthma.,0.5
5a34148e-9ef7-4277-91ff-92ae0fc79677,"A 30-year-old man who was recently staed on haloperidol 30mg/day developed hyperpyrexia, muscle rigidity, akinesia, mutism, sweating, tachycardia and increased blood pressure. The investigations showed increased WBC count, increased creatinine phosphokinase. There is no history of any other drug intake or any sign of infection. The most likely diagnosis","The most likely diagnosis is Neuroleptic Malignant Syndrome, a rare but potentially dangerous reaction to antipsychotic medication like haloperidol.",1
73804295-4372-495e-ab3f-ca5ded8f2c20,"A 20-year-old male presents with a rash on the scalp, (extensor) elbows, knees and umbilicus. The rash is sharply demarcated erythematous plaques with silvery scale in those locations; there is no central clearing. The soles of the feet are normal. What is the most likely diagnosis?","The most likely diagnosis is psoriasis, a chronic inflammatory skin condition characterized by erythematous plaques with silvery scales in well-defined areas.",1
4d97ca14-09ec-4bad-a8fd-cc995ce25f0d,A 60 year old male patient operated for cataract 6 months back now complains of floaters and sudden loss of vision. The diagnosis is –,The patient may be experiencing a retinal detachment and should seek immediate medical attention.,1
0464a995-a550-4eda-80ae-03865bac3062,A 32 year old female patient is 38 weeks pregnant. She begins to experience severe abdominal pain and has to undergo an emergency C-section. The infant shows signs of respiratory distress in the delivery room and there was difficulty in passing nasogastric tube through nares of the child. What would be the diagnosis for this infant?,"The infant may have a condition called Esophageal Atresia with or without Tracheoesophageal Fistula, as indicated by the difficulty in passing a nasogastric tube and signs of respiratory distress.",0.3
cc9aebaa-5190-47da-94eb-a3321713f8d3,"This patient presented with hypertension, proteinuria, and renal failure. What is the most likely diagnosis?","The most likely diagnosis for a patient presenting with hypertension, proteinuria, and renal failure is Chronic Kidney Disease (CKD).",0
45d2125d-128a-4f61-a0ba-804ee4e768bd,A 54-year-old man presents to his primary care provider with dyspnea and a cough. He is a non- smoker with no relevant occupational exposures. His pulmonary function test results are as follows. What can be the most probable diagnosis? Pre-Bronchodilator (BD)Post - BDTestActualPredicted% PredictedActual% ChangeFVC (L)3.194.22764.0025FEV1 (L)2.183.39642.8330FEV1/FVC (%)6880 714,"The pulmonary function test results, specifically the significant post-bronchodilator improvement, indicate possible reversible obstructive disease. This is most commonly seen in conditions like asthma.",0.7
3725fc49-94c1-498b-8836-43d2d3934255,drug used in the management of treatment resistant schizophrenia is,Clozapine is commonly used in the management of treatment-resistant schizophrenia.,1
b69cc76d-d301-4121-ae7f-af6f4839f1bc,"A child finds difficulty to spell and read, otherwise his IQ is normal, interacts well with parents and friends. Vision is normal. Most probable diagnosis of this condition is?","The most probable diagnosis for this condition is dyslexia, a common learning disorder that involves difficulty reading due to problems identifying speech sounds and learning how they relate to letters and words.
",1
684c3d87-874b-44a7-9206-b592b97d5368,A 40-year-old man is brought to emergency. On examination he appears conscious and oriented but repos hearing voices of people threatening him. He admits to a history of chronic alcohol use. What is the most appropriate diagnosis?,"The most appropriate diagnosis could be Alcohol-Related Psychosis. However, a thorough evaluation by a healthcare professional is needed to confirm the diagnosis.",0.7
8cd82824-445e-4568-83b5-06e9670bce56,Caldwell Luc procedure is carried out to access?,"The Caldwell Luc procedure is carried out to access the maxillary sinus in the face, typically for the purpose of removing diseased tissue or tumors.",1
f43a56a1-c5cb-48ce-9697-a9048bc3efb6,A 35 years old man Ramu has fasting and post prandial blood sugar within normal limit but urine sugar is 3 plus (+++). The diagnosis is.,"This condition could indicate renal glycosuria, a rare condition where the simple sugar glucose is excreted in the urine despite normal or low blood glucose levels.",0.8
9f62aa3a-6b43-4653-b2d5-ef2a7d2ee403,"A child presented with frothy urine, massive proteinuria and edema. Urine examination revealed RBC nil, WBC nil, nocasts, no crystal. No prior episode of similar presentation. What is your diagnosis?","The symptoms suggest the child may have nephrotic syndrome, a kidney disorder causing the body to excrete too much protein in the urine.",0.5
0b1afe89-0809-43bc-9c53-680f655458d1,A patient presented with headache and episodes of hypertension. In between the episodes he was found to be normal. His urinary VMA levels were found to be raised. The diagnosis is,"The symptoms and raised urinary VMA levels suggest the patient may have a pheochromocytoma, a rare tumor of adrenal gland tissue.",1
a245ff26-5221-4550-b6aa-7a9c5562fc72,A child presented with severe pain with twisted cord. The treatment is,"The treatment is immediate surgery, referred to as detorsion, to untwist the cord, relieve the pain, and restore blood flow, potentially followed by fixation surgery to prevent recurrence.",1
db5d448c-3a13-4fbc-af66-960e7cb87784,"A 55 year aged chronic alcoholic male, presented with irrelevant talks, tremor and sweating. He had his last drink 3 days back. What will be probable diagnosis?",The probable diagnosis could be alcohol withdrawal syndrome.,0.5
d8d114eb-f4c0-438b-aa14-df2916eb6125,A 8 month old infant is brought to the hospital complaining that baby is losing previously acquired motor skills. Baby had hepatosplenomegaly and liver biopsy showed presence of leukocytes with intracellular sphingomyelin accumulations. what is the possible diagnosis,"The possible diagnosis could be Niemann-Pick disease, a rare genetic disorder characterized by the accumulation of sphingomyelin in cells.",1
29d27d2a-5871-40ee-a09d-8bc1bcdd8c41,Pringle manoeuvre may be required for treatment of,"Pringle manoeuvre may be required for the treatment of liver hemorrhage or during liver surgery to control bleeding.
",0.5
55028634-8dc2-4249-95a1-3f7b9fef5105,"An 8-month-old girl suddenly developed a high fever (103degF). Her pediatrician examined her and found no signs of upper respiratory tract infection, meningitis, or encephalitis. Two days later, the girl's fever reached 105degF and she suffered a febrile seizure. By the time the child was brought to the pediatrician's office, her temperature had dropped. The doctor noted a generalized papular rash. What was the doctor's most likely diagnosis for this child?","The most likely diagnosis for this child is Roseola, also known as sixth disease, characterized by high fever followed by a rash once the fever subsides.",0.7
202967cf-326a-4d90-8091-3acc72213d96,"A 48-years old woman comes with bilateral progressive weakness of both lower limbs, spasticity and mild impairment of respiratory movements. MRI shows an intradural mid-dorsal midline enhancing lesion. What is the diagnosis?","The symptoms and MRI findings suggest that the patient may have a spinal cord tumor. However, a definitive diagnosis can only be made after further tests and evaluation by a medical professional.",0.5
1e68750a-435d-43b1-87a2-321ebd3afdcc,"A child has recurrent abdominal pain & biliolus vomiting. The condition was diagnosed by barium follow through. Surgical procedures followed - Lad's band division , appendectomy & mesenteric widening, diagnosis is","The diagnosis is Malrotation of the gut, a congenital anomaly which affects normal bowel rotation during fetal development.",1
68aad833-a180-403b-a9b5-2da794eefeb3,The gold standard for diagnosis of pulmonary embolism,The gold standard for the diagnosis of pulmonary embolism is a Computed Tomography Pulmonary Angiogram (CTPA).,0.5
6f7ab13f-2f64-4cbb-85bb-537f87f5f967,"A six-year-old child is admitted to the Paediatric ICU for seizures. He has been on treatment with Tacrolimus and Prednisolone. On investigations, his blood urea is 68 mg.dk Serum Sodium is 136 meq/l likely cause of his seizures -","The likely cause of his seizures could be high blood urea which indicates renal dysfunction, a known side effect of Tacrolimus. It's important to consult with a healthcare provider for an accurate diagnosis.",0.6
5dde2d33-f048-45d0-b5b0-b816b78be088,"A child has microcephaly, blue eyes, fair skin, and mental retardation; ferric chloride test is positive. What is the likely diagnosis?","The likely diagnosis is Phenylketonuria (PKU), a genetic disorder affecting the metabolism of the amino acid phenylalanine.",1
aaa66b01-27a0-4080-9d8e-b92e9bd3a45d,A 9-year-old female child with history of head ache and visual disturbance. What could be your possible diagnosis:,"The symptoms could suggest a neurological condition like migraines, but they may also indicate serious issues such as a brain tumor. However, an accurate diagnosis requires a complete medical evaluation.",0.5
d7e04551-8521-4b7e-9f20-72fbad71fcf3,Kostmann&;s syndrome-treatment is,"Treatment for Kostmann's syndrome includes antibiotics to prevent infections, granulocyte colony-stimulating factor (G-CSF) to increase white blood cell count, and bone marrow transplant in severe cases.
",1
dc91e15c-efbf-486e-8479-3f014b9e5197,"A 72 year old white male complains of difficulty reading fine print and fatigue after prolonged reading. O/E multiple, Confluent soft drusen over the macula are present. Most probable diagnosis?",The most probable diagnosis is Age-related Macular Degeneration (AMD).,1
428aef0e-7e60-4f1b-b6e4-211d92918e86,"A 20 years old female presented to emergency with high grade swinging fever, abdominal tenderness and flank mass. On CT there was collection around kidney. Antibiotics were staed but patient condition didn't improve after 48 hours. What is the next best treatment option?","The next best treatment option would likely be a percutaneous drainage or surgical intervention to address the kidney abscess, as antibiotics alone may not be enough.",0.8
7efe9080-b0da-44c6-a327-ced795f29370,"A 42-year-old Bengali male presents with painless nodules over the face. The face is erythematous, and the surface of some of the large nodules is discolored. He gives history of insect bite in past while he went to the jungle for work. What is the most likely diagnosis?","The most likely diagnosis is Leishmaniasis, as the symptoms suggest a parasitic disease commonly transmitted through the bite of sandflies, which is common in jungle areas.",0.9
d14e7cd2-934d-4671-858e-c9a982eaf34c,A 54 year old smoker man comes with severe hemoptysis weight loss and oligoahritis. Serial skiagram shows fleeting opacities. What is the diagnosis?,"The symptoms point towards a diagnosis of Wegener's Granulomatosis, a rare disease that causes inflammation of the blood vessels.",0
b495f2ce-4022-4c43-b232-7fc500e4d0dd,"A 35 year old lady Malti has unilateral headache, nausea, vomiting and visual blurring. The diagnosis is -","These symptoms might suggest a migraine. However, other conditions such as glaucoma or a brain tumor could also be possible. Malti should consult a healthcare professional for an accurate diagnosis.",0.33
0aef8d53-0899-41e8-9398-a43e999e6e08,A patient with abdominal pain diarrhea and weight loss. He gives a history of taking treatment for pulmonary TB. What does the barium film of the patient show?,"As an AI, I can't view patient-specific data unless it's shared with me. However, these symptoms paired with history of tuberculosis could suggest gastrointestinal TB, which may show an irregular or narrowed area (stricture), ulcers, or polypoid lesions on a barium film. A healthcare professional should interpret the results.",0.5
0e98c3a6-c4dc-430f-8a5c-a9d0c7d8da76,"A 14 year old male was presented to the casualty on a saturday night with left sided upper abdominal pain. Clinical examination revealed massive splenomegaly. He has history of massive hematemesis 2 year back, and was diagnosed to have Extrahepatic Poal Venous Obstruction (EHPVO) and bleeding was controlled by ligation of the esophageal varices. What is the likely diagnosis?","The likely diagnosis is splenic vein thrombosis, as a complication of Extrahepatic Portal Vein Obstruction (EHPVO).",0.5
8e2a7bc1-232d-4aa8-9348-fc933b4ed385,"A patient came with exudative lesions in cubital fossa, popliteal fossa & neck. The diagnosis is","The description suggests a possible diagnosis of atopic dermatitis or eczema, but a definitive diagnosis would need a medical examination and possibly some tests.",0.75
cfa4350b-e6e6-4bbd-ae0e-cd00314d90c3,"An 18-year-old man is admitted to the hospital with acute onset of substernal chest pain that began abruptly 30 minutes ago. He repos the pain radiating to his neck and right arm. He has otherwise been in good health. On physical examination, he is diaphoretic and tachypnoeic. His BP is 102/48 mmHg and hea rate is 112 bpm, regular rhythm but is tachycardiac. A 2/6 holosystolic murmur is heard best at the apex and radiates to the axilla. His lungs have bilateral rales at the bases. The ECG demonstrates 4 mm of ST elevation in the anterior leads. In the past he was hospitalized for some problem with his hea when he was 4 years old. His mother, who accompanies him, repos that he received aspirin and g- globulin as treatment. Since that time, he has required intermittent follow-up with echocardiography. What is the most likely cause of this patient's acute coronary syndrome?","The most likely cause of this patient's acute coronary syndrome is a complication from a previous history of Kawasaki disease, which can lead to coronary artery aneurysms and subsequent myocardial infarction.",0.7
652eb25e-ac84-4447-b086-e0cb4b4a14bb,"A 35 year old athlete has height 184 cm., arm span 194cm., pulse rate 64/min., BP148/64 mm Hg. Chest ausultation reveals long diastolic murmur over right 2nd intercostal space on routine examination. The probable diagnosis is -","The probable diagnosis for these symptoms could be Marfan Syndrome, a genetic disorder that affects the body's connective tissue and may lead to problems in the heart and blood vessels such as aortic dilation or aneurysm.",0.5
1e812663-a401-4688-bacd-e22499f81525,"A 30-year-old male patient came to Medicine OPD for swellings which looks like grapes, he said initially it was small cluster of swelling which later increased in size. He also complained of yellowish pigmentation of creases of palms. His fasting lipid profile was done, both cholesterol and triacylglycerols level was elevated. What is the diagnosis?","The patient is likely suffering from Type III Hyperlipoproteinemia, also known as Dysbetalipoproteinemia or Broad-beta disease, characterized by raised cholesterol and triglyceride levels, xanthomas, and palpable nodules.",0.9
f9f1c0a0-a0c4-4ffb-ab92-ad97081a8349,A patient with hip in adduction and medial rotation and is unable to move probable diagnosis is -,"The patient could potentially have a hip dislocation or hip joint infection. Please consult with a healthcare professional for an accurate diagnosis.
",0.5
47c18b9c-18a6-4bb0-8694-f104bf775cf5,A 55 year old chronic alcoholic male was brought to OPD with tremors and sweating. He is found to have irrelavent talks since 3days. What is the most likely diagnosis?,"The most likely diagnosis is Alcohol Withdrawal Syndrome, possibly with delirium tremens given the symptoms of tremors, heavy sweating, and disoriented speech.",0.75
2c5bec35-c22f-482e-b796-ed291723ff4a,A patient was diagnosed to have single skin lesion of Leprosy without any AFB positive bacteria from the scrapings. What should be the treatment of this patient according to latests guidelines?,"According to the latest guidelines by WHO, the patient with single skin lesion of leprosy without any AFB positive bacteria should be treated with Single Dose Rifampicin, Ofloxacin, and Minocycline (ROM) therapy.",0.5
37cff1b3-14a6-4560-8846-1f8a975d268d,The best diagnostic procedure of M.tuberculosis,"The most definitive diagnostic procedure for Mycobacterium tuberculosis is culture-based testing of a clinical specimen, such as sputum.",1
f2b36175-dd02-49b7-be12-fe83c5725c41,"A CKD patient is having protracted vomiting episodes. pH=7.42, pC02= 40, HCO3= 25, Na= 140mEq, Chloride= 95mEq and HCO3= 25mEq. Comment on the diagnosis.","The patient's blood gas values indicate normal acid-base balance, suggesting that the vomiting may not be causing significant changes in electrolyte or acid-base status. However, chronic kidney disease could cause non-traditional responses. Consult a medical professional for an accurate diagnosis.",0.5
0accc3af-a316-4ebd-a206-613ab3f860d2,45 year old patient presents with acute cholecystitis. Blood investigation showed raised bilirubin. His pain resolved over the period but raised Bilirubin persisted. ERCP showed cholecystocholedochal fistula. What is the  probable diagnosis,"The probable diagnosis is Mirizzi syndrome, which is a rare complication of gallstone disease where a gallstone impacts in the cystic duct or gallbladder causing obstruction of the common hepatic duct leading to cholecystocholedochal fistula.",1
582ed582-6464-4ee4-b524-3fa9c6cafbcf,Ideal imaging method for diagnosis of hydrocephalous in infant is,"The ideal imaging method for diagnosis of hydrocephalus in an infant is an ultrasound scan when the infant's fontanel (soft spot) is still open. After closure, Magnetic Resonance Imaging (MRI) is typically used.",0.7
b896839c-a737-48ae-8df5-de4719112535,'Gold standard' in diagnosis of GERD is,The 'gold standard' in the diagnosis of GERD (Gastroesophageal Reflux Disease) is a 24-hour pH monitoring test.,0.9
054244f1-b78b-42e8-bc34-9d812662cb63,"A 21 yrs old girl with 8 weeks amenorrhoea, now comes in shock. The likely diagnosis is",She is likely suffering from an ectopic pregnancy with ruptured fallopian tube. Immediate medical attention is required.,1
4f682e47-9e23-45ea-ac3c-831811cfd6d8,"A 40-year-man, working in farm, presented with headache, malaise, sense of tightness in chest, dimness of vision. On examination he had pinpoint pupils. Likely diagnosis is","The likely diagnosis is organophosphate poisoning, commonly associated with exposure to pesticides or nerve gases.",1
5ea7e2d9-4885-4857-bc63-e052da9d03da,"A 26 year old engineering student presented to the emergency with pain in the wrist after a fall on an outstretched hand from the motorcycle travelling at a very high speed. Examination shows swelling, diffuse tenderness, deformity, and limited wrist movement. 'Spilled teacup' sign is seen on a PA view X-ray wrist. What is the likely diagnosis?","The likely diagnosis is a lunate dislocation, which is indicated by the 'spilled teacup' sign on the PA view X-ray wrist.",0.5
b2f777c2-8717-4687-95d4-68450e59adc9,A 40 year old male who is being treated for UTI with Oflazacin presents to you with sudden onset of pain in the back of the ankle while running. It is still possible for him to walk but finds it difficult to stand on tiptoe. What is your diagnosis?,"It appears this patient may have a calf strain or potentially an Achilles tendon rupture or injury, given the location and description of the pain. He should seek immediate medical attention.",0.8
100ff550-2733-4a80-aa30-750984133276,An 8 month old female child presented to emergency with a hea rate of 220/minute and features of cogestive hea failure. Her hea rate comes down to normal after administering intravenous adenosine. What is the most likely diagnosis ?,"The most likely diagnosis is Supraventricular Tachycardia (SVT), a condition where the heart beats very rapidly in young children and often responds well to adenosine.",0.8
d7019cd4-5375-42c2-b659-947fd8fcd2af,A female patient presents with diffuse alopecia to you. She had suffered from typhoid fever 4 months back. Most probable diagnosis is-,"The most probable diagnosis could be Telogen Effluvium, a form of temporary hair loss often associated with stress, shock, or a traumatic event such as severe illness like typhoid fever.
",1
421a8ce7-9dd1-4dd7-8650-4c35700269b5,Patient is on autocoids for 1 year complains of severe pain epigasrium relieved iv antacids now complains of pain in right iliac fossa and epigastrium with fever and loss of liver dullness diagnosis -,"The symptoms indicate possible appendicitis, complicated by peritonitis due to the loss of liver dullness which suggests fluid accumulation or a possible abscess. Urgent medical attention is required.",0.4
88ca809d-2bd0-4af6-a9a2-8c517593f96a,A 60 years old man presented with itchy tense blisters on normal looking skin and uicarial rash. Investigation done for the diagnosis:,The man may be suffering from conditions like Bullous Pemphigoid or Dermatitis Herpetiformis. Doctors may likely conduct a skin biopsy or immunofluorescence studies for definitive diagnosis and histopathology.,0.7
6e218e5c-2a3c-4b0e-b164-b0a21756f009,An infant present with bilateral white pupillary reflex. On slit lamp examination a zone of opacity is observed arround the fetal nucleus with spoke like radial opacities. The most likely diagnosis is-,"The most likely diagnosis is Congenital/Infantile Cataracts.
",0.5
cc45ca4a-58dd-4128-aad7-74c2f0e3719b,A 2 year old child with Beckwith-Wiedemann syndrome is brought to you with history of an abdominal mass in the right hypochondrium. It was also associated with thrombocytosis and anemia. A CT showed enlarged pulmonary hilar nodes. What is the most probable diagnosis? Note that viral markers are -ve in this patient.,"The most probable diagnosis is a Wilms' tumor, a common kidney cancer in children, which is often associated with Beckwith-Wiedemann syndrome.",0
6a841e42-39fd-4a5b-9111-d1600c653ae0,"Sheela, a middle aged diabetic female presented with flank pain and fever. On U/S the kidney was irregular and showed fat density lesion with calculi. The diagnosis is most probably -","Sheela is most likely suffering from Xanthogranulomatous Pyelonephritis, a rare and serious complication of chronic kidney infection.
",0.8
a6fa2624-167d-4d43-8271-d005c5c01fa9,"When asked about his impending heart operation, patient recollects the entire procedures in detail. He seems well versed & on asking, says that he has been reading everything he can about it. He discusses the details for hours, but shows no emotional reaction to the operation. The defense mechanism most likely used here?","The defense mechanism most likely used here is intellectualization, where the person deals with emotional, stressful or anxiety-provoking situations by focusing on facts and logic, avoiding the emotional aspects.",1
a27573cc-b861-4320-a0a7-061125f69421,A 48 year old male presents with non-itchy generalised papulo-nodular lesion of three months duration. Physical examination does not show any other abnormaly.Slit smear from a nodule does not show AFB. Blood VDRL is reactive 1:2 dilution.The most likely diagnosis is-,"The most likely diagnosis is secondary syphilis, as indicated by the reactive VDRL (Venereal Disease Research Laboratory) test.",1
b384104a-eeb3-4778-b3c0-ff30dfcbbfbd,"A 27-year-old homosexual male presents with a foreign body in the rectum. During the extraction of the foreign body, a large tear in the sigmoid colon with extensive devitalization and contamination is observed. What is the preferred method of treatment?","The preferred method of treatment is surgery, specifically a sigmoid colectomy, followed by end colostomy and potential Hartmann's procedure due to extensive damage and contamination.",0.5
e645305b-e228-45c1-aa09-6f5b3682067b,"A 30-year-old man presented with this lesion on his right lower eyelid that had grown over 3 days. Two weeks before his presentation, a cyst had ruptured on the same eyelid. What is the diagnosis?","As an AI, I can't visually assess a lesion but based on your description, it could possibly be a case of eyelid abscess or cellulitis following a ruptured cyst. Please consult a healthcare professional for accurate diagnosis.",0.5
96516f8b-aaa5-4e24-ad58-de6cd5a1219d,A 40-year-old man is brought to the doctor by his family for the rapid intellectual decline. Examination shows fast semi-purposive movements in hands. His father and grandfather had a similar illness. What is the diagnosis?,"The diagnosis is likely Huntington's disease, a genetic disorder characterized by rapidly progressive cognitive decline and choreiform movements.",0.95
225d869c-1591-45be-a957-bcd81ff93a4a,25 year old labourer 3 yrs back presented with penile ulcer not treated. Later he presented with neurological symptoms for which he got treated. Test to monitor response to treatment is,"The test typically used to monitor response to treatment in this case could likely be a CSF (Cerebrospinal Fluid) analysis or VDRL (Venereal Disease Research Laboratory) test, depending on the initially diagnosed condition.",0.5
e6315631-071a-44d9-8f4d-963985f7719b,"A 30-year-old male presented with trismus, fever, swelling pushing the tonsils medially and spreading laterally posterior to the middle of sternocleidomastoid. He gives a history of extraction of third molar few days back for dental caries. The diagnosis is:","The described symptoms suggest a diagnosis of Ludwig's Angina, which is a severe bacterial infection of the mouth, often following a tooth extraction.",0.5
8c3ffe54-362a-45ab-8b4d-a4947e674b45,A 61-year-old female patient presents to your clinic due to sudden episodes of left-sided facial pain for the last two days. She states that the pain feels like a 'sharp stabbing ' and is a 9/10 in terms of intensity. The pain lasts about 5-10 seconds and then dissipates rapidly. The pain is often brought on by talking and cold wind. Her past medical history is significant for depression and type 2 DM. What is the diagnosis?,"The patient's symptoms are suggestive of Trigeminal Neuralgia, a condition characterized by intense, sharp, electric shock-like facial pain typically on one side.",1
94dd8214-9ad5-42a1-b869-12bd091c8a92,"A child comes with abdomen pain, arthralgia, hematuria, hypertension diagnosis is-","The symptoms presented suggest Henoch-Schönlein purpura (HSP) or possibly IgA nephropathy. However, further diagnostic tests are necessary. Always consult a healthcare professional.",0.5
b9c6b2c1-99ae-4a8f-b2d4-5f5b2968171e,BAL of a patient shows foamy macrophages with decreased CD4: CD8 ratio. What is the diagnosis?,"The diagnosis is likely Pulmonary Alveolar Proteinosis (PAP), a lung condition characterized by the accumulation of protein-filled granules (lipoproteinaceous material) in alveoli, marked by the presence of foamy macrophages. The decreased CD4: CD8 ratio could indicate an immune response to infection or inflammation.",0
cd282004-153c-43a7-a814-3a61ff4a565f,"A 21-year-old female presents because her urine has turned a brown color. She states that about 2 months ago her urine turned brown 2 days after a cold and stayed brown for about 3 days. At the current time a urinalysis reveals blood with red cells and red cell casts. Fuher laboratory tests include a complete blood count (CBC), serum electrolytes, BUN, creatinine, glucose, antinuclear antibodies (ANAs), and serum complement levels (C3 and C4). All of these tests are within normal limits. Immunofluorescence examination of a renal biopsy from this patient reveals the presence of large, irregular deposits of IgA/C3 in the mesangium. A linear staining pattern is not found. What is the most likely diagnosis for this patient?","The most likely diagnosis for this patient is IgA nephropathy (Berger's disease), characterized by recurrent hematuria and IgA/C3 deposits in the mesangium.",1
c884882f-cd03-4982-bdfc-8421fe8484ac,A 38 year old male presents to the OPD with swelling in the inguinal region. On examination inguinal nodes are enlarged along with multiple discharging sinuses from the enlarged lymphnodes. What is the most probable diagnosis?,"The most probable diagnosis could be lymphogranuloma venereum, a sexually transmitted bacterial infection.",1
365913f7-864b-4fb7-b89b-96735f82c7d4,Comment on the diagnosis of 1-year-old child?,"As an AI, I would need more specific information or symptoms to be able to provide a generalized comment about a 1-year-old child's potential diagnosis.",0
b4c87bf0-f7c4-4766-88ba-fa2ec29ec296,"A 19 yrs old male has a small circumscribed sclerotic swelling over diaphysis of femur, likely diagnosis is:","The likely diagnosis could be Osteoid Osteoma, a benign bone tumor that often occurs in the long bones like the femur, especially in young males.",1
026cfef1-9278-46eb-beb8-61a723e7cfd1,"After suffering a severe bout of pneumonia, a 46-year-old renal transplantation patient develops a lung abscess. She has been receiving immunosuppression therapy since her last kidney transplantation 3 years ago. What is the most appropriate treatment?","The most appropriate treatment typically includes broad-spectrum antibiotics and often involves drainage of the abscess either via bronchoscopy or surgically, depending on the abscess size, location and her overall health status. However, any change in treatment should be closely monitored due to her immunosuppressed state.",0.8
f94dc278-3751-4133-85f7-e7f03b4a8f24,A 20-year-old girl Neelu enjoys wearing male clothes. Wearing male clothes gives her a feeling of more confidence and after these episodes she is an absolutely normal girl. The likely diagnosis is:,"Neelu likely experiences a form of gender expression known as gender non-conforming or genderqueer, which means her gender expression doesn't necessarily align with societal expectations. It doesn't indicate a medical or psychiatric diagnosis.",0.5
e4a003b1-d35e-4de3-a870-2b5c02cbd1b5,A child presented with sho stature and some abnormalities of the hand and pelvis. What is your diagnosis.,"The child may have a condition known as Russell-Silver syndrome. However, an evaluation by a healthcare professional is necessary for an accurate diagnosis.
",0.5
66417d88-0b54-4ae4-b2ca-02b870446420,A child's growth variation is normal but bone development is not acc to the chronological age.What is diagnosis ?,"The child might have a condition called ""developmental delay"" or potentially a specific bone growth disorder. However, a definitive diagnosis should be made by a healthcare professional.",0.5
525309a6-bfd3-4ab2-8605-7a17c0b2e0d2,"A child undergone bilateral adrenalectom, later he developed headache, visual field defect, Hyper pigmentation of skin,what is the most probable diagnosis?","The most probable diagnosis is Nelson's syndrome, a condition characterized by pituitary gland enlargement after bilateral adrenalectomy for Cushing's disease.
",1
b3ab9516-a119-47fc-8724-3b12e841c30d,A child is brought by mother with HO massive hematemesis with HO drug intake previously with NSAIDS and on Rx. Associated with moderate splenomegaly diagnosis is -,"The child is likely suffering from gastric ulcers or gastritis, potentially induced by the use of NSAIDs, leading to the hematemesis. The moderate splenomegaly could suggest a systemic disease, such as a blood disorder. Please seek immediate medical attention.",0.5
a067ba64-a70d-4a96-ac91-37bb729c20e6,"A 20 year old woman presents with fever, severe myalgia and ahralgia, pain behind the eyes and rash for 3 days. Lab repos show thrombocytopenia and leucopenia. What is the most likely diagnosis?","The most likely diagnosis is Dengue Fever, given the symptoms of fever, severe muscle and joint pain, pain behind the eyes, rash, and laboratory findings of low platelet and white blood cell count.",1
eecbf966-911e-41ae-b5ba-92d00917163b,"A 60-year-old male reports for denture adjustment. His
OPG shows 1 cm lytic area in the lower bicuspid region. The most probable diagnosis is","The most probable diagnosis could be a radicular cyst or periapical abscess, but this would require further investigation such as biopsy or additional imaging for definitive diagnosis.",1
981e2dea-46ee-4d4f-bc1b-46b2801069e7,"A patient presented with pain abdomen, X-Ray, AP view shows calcification on right side of abdomen. In lateral view calcification is seen to overlie the spine. What is the most likely diagnosis?",The most likely diagnosis could be a kidney stone in the right kidney.,0.9
7dd61444-b195-4a6b-9934-fc5c9c198d6a,Dahlman's procedure is done for management of:,"Dahlman's procedure, also known as bundle branch block ablation, is performed for the management of certain types of heart rhythm disorders, particularly refractory atrial fibrillation.",0
67381436-dfc3-4c86-b063-960d5f9754e4,"A 6-month-old infant had itchy erythematous papules and exudative lesions on the scalp, face, groins and axillae for one month. She also had vesicular lesions on the palms. The most likely diagnosis is –",The most likely diagnosis for these symptoms is Scabies.,1
51b17007-5f6b-45d7-875a-651574a91478,"A 5 year old child develops non blanching macules, papules and petecheal hemorrhage on lower extremities, mild abdominal pain, and skin biopsy showed IgA deposition along blood vessels and perivascular neutrophilic infiltrate. Most probably diagnosis is","The most probable diagnosis is Henoch-Schonlein Purpura (HSP), a type of vasculitis that primarily affects children.",1
73459d57-9156-49f8-8a57-f8b70eaec495,Stimulant drug is given to child for the treatment of,Stimulant drugs are often given to children for the treatment of Attention Deficit Hyperactivity Disorder (ADHD).,1
6826f0b6-3533-4efc-9646-21c16dfcc60a,Kostmann's syndrome-treatment is,Treatment for Kostmann's Syndrome primarily involves granulocyte colony-stimulating factor (G-CSF) injections to increase white blood cells and prevent infection. Antibiotics may be also used to treat existing infections.,1
6505b2bc-103a-40fb-8e88-6108fbf5ce59,"A 12-month-old infant with a history of recurrent infections, eczema, generalized edema, and easy bruising is diagnosed with an X-linked, recessive, congenital immunodeficiency. The CBC shows thrombocytopenia. What is the most likely diagnosis?",The most likely diagnosis is Wiskott-Aldrich Syndrome.,1
dc3e6664-a961-4c50-848f-8fe60217f995,2 year old baby having testicular lump. Increased AFP diagnosis -,"The increased alpha-fetoprotein (AFP) and the testicular lump in a 2-year-old may suggest a diagnosis of pediatric testicular cancer, possibly a yolk sac tumor. However, a medical evaluation is necessary for accurate diagnosis.",0.9
e7eb4966-860c-4cda-9f09-698e382b6be9,"A patient has small, oval multiple ulcers in oral cavity with red erythematous margins. The diagnosis is ?","The patient may be experiencing Aphthous ulcers, also known as canker sores. However, a definitive diagnosis should be made by a healthcare professional.",0.9
185cd7b8-086f-430e-a628-df4049b03029,Plain radiograph of a patient with chronic abdominal pain is given. What could be the probable diagnosis?,"As an AI, I can't physically examine radiographs. However, chronic abdominal pain could be attributed to numerous conditions such as ulcers, gallstones, or gastrointestinal disorders. A thorough examination by a healthcare professional is essential.",0.5
a9d4afbb-9e61-4b7e-8207-e8b25cfe2756,"27 year old man oh his trip to Hawai consumes an exotic food for the first time . Just after consuming he developed intense pruritis, swelling of face & lips, shoness of breath, vomiting. What could be most likely diagnosis?","The symptoms described suggest a severe allergic reaction, potentially anaphylaxis, likely triggered by the exotic food he consumed.",1
2c4cac73-1967-46ae-a586-185549de5c20,"A thiy five year old female has proximal weakness of muscles, ptosis and easy fatigability. The most sensitive test to suggest the diagnosis is.","The most sensitive test to suggest the diagnosis, which may be Myasthenia Gravis given the symptoms, is the Edrophonium (Tensilon) test.",1
09680419-46c1-44d4-bc80-2091b940bac8,"A 40 year old male with history of RTA with multiple long bones fracture, develops tachypnoea, periumbilical rashes and has urinary fat globules, the most likely diagnosis is","The most likely diagnosis is Fat Embolism Syndrome (FES), a complication commonly associated with long bone fractures.",1
934cc55f-b337-46cf-af29-f670d6143d99,A patient presented to you with vaginal discharge. Whiff test was positive. What is the diagnosis?,"The patient likely has bacterial vaginosis, as a positive whiff test is one of its common indicators.
",1
98bf8c0f-6852-4432-9e33-d73d862d81ac,"A girl has primary amenorrhea with normal ovaries, absent internal genitalia but normal external genitalia. Most probable diagnosis?","The most probable diagnosis is Mayer-Rokitansky-Küster-Hauser (MRKH) syndrome, a condition characterized by congenital absence of the uterus and the upper part of the vagina.",1
c0800fac-c24c-4900-adf0-ffd62156a992,"A 30-year-old woman with family history of hearing loss from mother's side developed hearing problem during pregnancy. Hearing loss is B/L, slowly progressive. Pure tone audiometry shows an apparent bone conduction hearing loss at 2000 Hz. What is the most likely diagnosis:","The most likely diagnosis for this woman is Otosclerosis, a condition often associated with progressive hearing loss and can be exacerbated during pregnancy.",1
bf090474-8b0f-4abe-9cf0-b5a53b5fc21a,"A child finds difficulty to spell and read, otherwise his IQ is normal, interacts well with parents and friends. Vision is normal. Most probable diagnosis of the condition is:","The most probable diagnosis for this child may be dyslexia, a learning disorder affecting reading and spelling abilities.",1
b66f46b8-6757-4e36-850a-6e3778e55ebd,"A 24 year male came to OPD with brownish itchy patches in axilla, blood lamp examination shows ""coral red"" fluroscence. Most likely diagnosis is:","The most likely diagnosis is Erythrasma, a skin condition typically caused by Corynebacterium minutissimum bacteria.",1
abda6ac9-fa74-4a35-b75e-dedeb0c56673,A female patient with a mechanical heart valve who is taking warfarin informs you that she hopes to get pregnant in the near future. What advice do you give her regarding her antithrombotic medication during the anticipated pregnancy?,"She should consult her healthcare provider as warfarin can be harmful during pregnancy, particularly in the first trimester due to its potential to cause birth defects. Alternative anticoagulants may be needed.",0.6
3a74a1d6-6730-46fb-aa69-e49ff050fa89,Best procedure to be done after an injury to leg associated with exposure of underlying bone and skin loss -,"An appropriate procedure might be a surgical debridement to clean the wound, followed by a skin graft or flap surgery to repair the skin loss. Consulting with a specialist such as an orthopedic surgeon or plastic surgeon is advisable.",0.75
29986844-1c38-47d7-8084-0092f8072914,A patient after valve replacement will require follow up treatment with,"Typically, a patient post-valve replacement will require follow-up treatment with anticoagulant medication like warfarin to prevent clotting, regular cardiac check-ups, and potential lifestyle changes.",1
adea7e09-5a75-454d-91df-88d3835167f7,"A 55-year-old female developed ESRD due to poorly controlled diabetes. She underwent dialysis 2-3 times a week. She was advised for kidney transplant which she received from cadaveric donor. She was put on immunosuppressive therapy with azathioprine, cyclosporine, methylprednisolone and anti-thymocyte globulin. Two weeks following the surgery, the patient was discharged on medications. 2 weeks later she presented to emergency with complaints of decreased urine output. On examination, her BP was noted to be 160/95 mm hg. The region of the graft is enlarged and is tender to touch. Lab investigations revealed serum creatinine of 4 mg/dl. Her differential diagnosis includes transplant rejection and drug toxicity. Which drug could be held responsible for the above clinical scenario?","The drug Cyclosporine could potentially be responsible for this clinical scenario, as it can cause nephrotoxicity leading to decreased urine output and increased serum creatinine. Additionally, it could also lead to hypertension, which fits with the patient's elevated blood pressure.",1
994b385e-a9fe-43e8-84c1-e7bbeec0c063,"A 1-day-old infant was born with the vault of the skull undeveloped, leaving the malformed brain exposed. A diagnosis of exencephaly is made. What is the embryologic cause of this condition?",Exencephaly is caused by a failure of the neural tube to close during embryonic development.,0.9
1ff37812-1d88-4fd9-9567-3b0399526985,"A 70 year old male, Babulal was brought to the hospital with the history of third person auditory hallucinations. He has no history of similar problems previously. What is the most likely diagnosis?","Given the age and symptoms, the most likely diagnosis for Babulal could be late-onset schizophrenia or possibly an age-related condition like dementia. However, further evaluation is needed for an accurate diagnosis.",0.5
141bd57d-0246-4944-a422-1e38721133ae,A 12 years old girl with tremors and emotional liability has golden brown discolouration in Descement's membrane. The most likely diagnosis is?,"The most likely diagnosis is Wilson's disease, a rare genetic disorder causing excessive copper accumulation in the body.",1
bc7677bc-b5e6-4bc4-8397-59840c4c6166,A patient presents with claudication in both buttocks and has impotence. The clinical examination reveals bruit over lower abdomen. What is the clinical diagnosis?,"The described symptoms are consistent with Leriche Syndrome, a type of peripheral arterial disease affecting the aortic bifurcation.",0.95
059608e7-4388-4edd-8946-f39715fec464,A Patient presents with recurrent episodes of sharp pain over his right cheek that is precipitated on chewing. Between attacks patient is otherwise normal. The most probable diagnosis is?,"The most probable diagnosis is Trigeminal Neuralgia, a chronic pain condition that affects the trigeminal nerve in the face, often triggered by basic daily activities like chewing.",1
d2130d74-d487-4d73-82c1-ac8fe719224a,"Post administration of antibiotics a patient has developed facial puffiness, rash, hypotension and breathing difficulty. What is the test treatment?","The patient appears to be experiencing an allergic reaction or anaphylaxis. Immediate treatment would involve administering epinephrine, and possible antihistamines or corticosteroids, under medical supervision.",0.7
b720b68a-23e2-4db7-a6ad-0010c345c7ed,The mother of a one and a half year old child gives history of increasing proptosis of left eye for the past 1 month. Examination revels left eye white reflex. On computed tomography scan of the orbit there is left orbital mass with calcification mainly centred within the globe. The most likely diagnosis is?,"The most likely diagnosis is Retinoblastoma, a rare type of eye cancer that typically develops in early childhood.",1
e0992ffc-55b5-4b43-ba6e-e25b3b651b21,"For a child 3-5 months age with H1N1, treatment Oseltamivir dose is","The appropriate Oseltamivir dose for a child aged 3-5 months with H1N1 is typically 3 mg/kg per dose twice daily for 5 days. But the dosage may vary based on the child's weight, so consult with a healthcare provider for precise dosage.",0.6
959c53a8-a215-4063-b3f9-0fcc663b2c35,Gold standard investigation for diagnosis of insulinoma -,The gold standard investigation for diagnosis of insulinoma is Endoscopic Ultrasound (EUS).,0.4
d5f43634-eeb6-4188-860f-6eb78289bc62,An 8 year old has 1st molar in a cusp-to-cusp relation. The treatment is:,"Treatment might involve orthodontic therapy as cusp-to-cusp molar relationship could indicate a malocclusion, but the best course of action should be determined by a dental professional after examination.
",0.5
d4fbec65-3343-461c-8aed-342bf8d6df5f,Child has lesion on buttocks since 2 year spreading peripherally with central scarring non symptomatic diagnosis?,"This could potentially be a case of Lichen Sclerosus or a fungal infection, but you should definitely consult a dermatologist for proper diagnosis.",0.5
42c4734b-6a25-4b2f-8901-8ed15fbb62a4,An 8–month–old female child presented to emergency with a heart rate of 220/minute and features of congestive heart failure. Her heart rate comes down to normal after administering intravenous adenosine. What is the most likely diagnosis ?,"The most likely diagnosis is supraventricular tachycardia, a common heart rhythm disorder in infants.",0.75
7a1aa239-df16-4763-92d9-44c26d81310c,"A 70-year-old man was administered penicillin intravenously. Within 5 minutes, he developed generalized uicaria, swelling of lips, hypotension and bronchospasm. The first choice of treatment is to administer -","The first choice of treatment in this situation, which appears to be anaphylaxis, would be the immediate administration of intramuscular epinephrine.",1
32b01b95-4423-4743-a79d-9a75f966cfd7,"A 28 year old woman was admitted electively to a HDU following C- section. A diagnosis of 'fatty liver of pregnancy' had been made preoperatively. She was commenced on a continuous morphine infusion at 5 mg/hr and received oxygen by mask. This was continued overnight and she was noted to be quite drowsy the next day. Aerial blood gases were- pH 7.16, pCO2- 61.9 mmHg, pO2- 115 mmHg and HCO3- 21.2 mmol/l?","This patient's blood gas analysis indicates respiratory acidosis, likely due to heavy sedation from the continuous morphine infusion, which may cause hypoventilation, leading to retention of carbon dioxide (CO2).",0.5
872e09c2-0d8a-47f5-9a31-747849eb1bf4,"A 18-year-old female develops breathlessness with perioral tingling, similar 2 episodes in the past; what is your diagnosis?","This may potentially be a panic attack or hyperventilation syndrome, but a medical evaluation is necessary to confirm.",0.5
aa0ad540-978b-4705-a27c-1b33d31abbaf,A 56 year old woman has not passed stools for the last 14 days. Xray shows no air fluid levels. Probable diagnosis is ?,The probable diagnosis could be fecal impaction or severe constipation.,0.5
7189be9f-0388-4423-97a8-a957e6e60a97,A 72-year-old woman presented with skin changes over her left breast. She had a history of breast cancer 5 years earlier and was treated with a lumpectomy and radiation therapy. What is the diagnosis?,"As an AI, I can't diagnose, but the described symptoms may suggest a recurrence of breast cancer or possibly radiation dermatitis. It's crucial to see a healthcare professional for proper evaluation and diagnosis.",0.25
1708113f-5c00-463a-bf34-6c0fe1cd69a2,"A patient was undergoing surgical procedure under general anaethesia. Suddenly he developed tachycardia, sweating, hypeension and tachypnea. What is the best immediate step to manage the situation-","The symptoms suggest malignant hyperthermia. The best immediate step is to stop the surgery, administer dantrolene, and provide supportive care such as oxygen and cooling.",0.5
922e998c-86f3-4fa4-b869-ba7d7adb703d,A newborn had bluish swelling over upper eyelid. There was no lid edema or eye involvement and the swelling regressed spontaneously at about one year of age. What is the diagnosis:,"The diagnosis could be a condition called capillary hemangioma, also known as ""strawberry mark,"" which typically regresses over time.",0
62785789-2e68-432a-8137-73d5d64567ba,"G1 P0 patient presents with blood pressure of 160 / 102 mmHg, 3+ proteinuria, and right upper quadrant discomfort at 36 weeks gestation. Following induction of labor, she delivers vaginally. She had blood loss 1500mL. Her serum creatinine rises from 0.98mg / dL predelivery to  1.42  mg / dL diagnosis","The patient shows signs of postpartum hemorrhage due to the blood loss and possible preeclampsia given the elevated blood pressure, proteinuria, and discomfort prior to delivery. The rise in serum creatinine indicates a reduction in kidney function.",0.5
c6cbeac5-bddf-4f44-8855-c1424ab6e900,A 45 year old hypertensive male patient presented in the casualty with two hours history of sudden onset of severe headache associated with nausea and vomiting on clinical examination the patient had necks stiffness and right sided ptosis. Rest of the neurological examination was normal. What is the clinical diagnosis :,"The clinical diagnosis for this patient could be a Subarachnoid Hemorrhage, possibly from a ruptured cerebral aneurysm.",0.9
a0edd0e3-c4c2-4e54-bb77-4f52012c674a,A child with fever presents with multiple tender erythematous skin lesions. n microscopic examination the skin lesions are seen to have neutrophilic infiltration in the dermis. What is the diagnosis -,"The diagnosis could potentially be Sweet's syndrome, also known as acute febrile neutrophilic dermatosis, given the described symptoms and findings.
",1
76aa3482-4d40-4961-8073-428fffa59af8,"Lalita, a female pt. presents with pigmentation of the lips and oral mucosa and intestinal polyps. Her sister also gives the same history. Most probable diagnosis","The most probable diagnosis is Peutz-Jeghers syndrome, a genetic disorder characterized by the development of polyps in the gastrointestinal tract and pigmented spots on the skin and mucous membranes.",1
4102d4a4-3279-4ed7-9b6c-046f28ede7c4,A child with schizophrenia was on medications. Suddenly he developed neck stiffness 8t spasm. What is most probable cause?,"The child may be experiencing a side effect of his schizophrenia medication called dystonia, which can cause muscle spasms and stiffness, often in the neck.",0.9
d4841ba2-af27-47e0-8d5c-b8e39741cc94,A 21-year-old man presents with scrotal swelling and pain. What is the MOST likely diagnosis?,The most likely diagnosis for a 21-year-old man presenting with scrotal swelling and pain is testicular torsion.,0.9
b5536d8b-f83d-41d4-a74b-d03a627311c4,A young male presents with elevated bilirubin levels. Examination of urine shows presence of bilirubin while urobilonogen is absent. Likely diagnosis is:,"The likely diagnosis is obstructive jaundice, potentially caused by conditions such as gallstones, pancreatic cancer, or bile duct cancer.",1
afa1a50f-e4ab-43fe-be97-2b8487f7ef37,"A child presents with hypovolemic shock, anuria and respiratory acidosis, treatment is:","The treatment primarily includes restoring the blood volume through intravenous fluids, addressing acidosis with bicarbonate, providing respiratory support (like ventilation in severe cases), and management of kidney function, potentially using a treatment like dialysis, all under professional medical supervision.",0.75
591b6f72-cd42-4163-bcd3-186916023582,"In a patient of 8 years having history of trauma at the age of 5 years. The TMJ gets ankylosed, what should be treatment","The treatment of temporomandibular joint (TMJ) ankylosis in an 8-year-old would likely involve surgical intervention, specifically joint release surgery, and postoperative physiotherapy for optimal recovery.",0.7
159aea13-07ae-44f0-b5a3-363a899c0671,Fick's operation and Cody Tack's procedure is for ?,"Fick's operation is a surgical procedure for strabismus, a condition where the eyes do not align properly. Cody Tack's procedure is not a recognized medical procedure; there may be a misunderstanding or typo in the name.",0
e88b12ed-7758-4203-a380-bb80f5a55641,A 45 year old male has multiple grouped vesicular lesions present on the T10 segment dermatome associated with pain. The most likely diagnosis is,The most likely diagnosis is Herpes Zoster or Shingles.,1
ad019d16-1b04-42ec-a6c5-63fcb1d7d89e,In a A patient sustained trauma to left side of chest and abdomen. Fluid in the peritoneum & sign of hypotension was found on physical examination. Most probable diagnosis is?,"The most probable diagnosis is a hemorrhagic shock, possibly due to internal injuries or bleeding from the trauma.",0.5
7005ea41-c8fa-48f8-8f50-9c6cd1296b96,"A 30-year-old lady complains of sudden onset breathlessness, anxiety, palpitations and feeling of impending doom. Physical examination is normal. What is the diagnosis","The symptoms described could potentially suggest a panic attack. However, always consult a healthcare professional for an accurate diagnosis.",0.9
a396c72e-15a5-4825-80b9-11149bf76bd8,"A 50-year-old man presents to the emergency in a wheelchair complaining of weakness that has developed over the past 2 days. He first noticed that he had generalized fatigue and felt like he was having a hard time moving his feet. Over the past 24 hours, the weakness has progressed to the point that he can barely stand with assistance. He is beginning to feel that it is difficult to lift his arms. He also complains of a sharp pain in his shoulders and along his spine. Both his hands and feet are tingling. On physical examination, his initial blood pressure is 140/80 mmHg. On repeat 1 hour later, it is 90/50 mmHg. His hea rate is 106 bpm, respiratory rate is 25 breaths/min, temperature is 37.0degC, and SaO2 is 96% on room air. Deep tendon reflexes are absent at the knee, ankle, and wrist. The brachioradialis reflex is 1+. Strength throughout the lower extremities is diminished as the patient is unable to lift either leg against gravity. What is the appropriate diagnosis?","The appropriate diagnosis is Guillain-Barré syndrome, a condition in which the body's immune system attacks the nerves, leading to weakness and tingling in the extremities.",1
f364f784-252d-46cd-9f15-9996617fc45c,"A 36-yr-old male worker presented with itchy, annular, scaly diffuse plaques in both the groins. Application of coicosteroid ointment relieved the symptoms temporarily but the plaques continued to spread at the periphery. The most likely diagnosis would be?","The most likely diagnosis is Tinea Cruris, also known as jock itch.",0.5
b4a39d87-7beb-406f-993b-573496c46acf,Saliva produced during stimulation by eating or by mechanical manipulation during dental procedures arises principally from the:,Saliva produced during stimulation by eating or dental procedures arises principally from the parotid and submandibular glands.,0.75
4f393747-2214-41a5-8095-ec9f845661b4,"A patient presents with malena, hyperpigmentation over lips, oral mucosa and skin; and his sister is also having similar complaints. The diagnosis is :","The diagnosis could be Peutz-Jeghers syndrome, a genetic disorder characterized by gastrointestinal hamartomas and mucocutaneous hyperpigmentation.
",1
78a63b2b-d498-46cc-b321-e0eeb4e7b647,"A 35-year-old lady complains of dysphagia, Raynaud's phenomenon and her hands show the following appearance. Investigations show positive ANA. The likely diagnosis is","The likely diagnosis is Systemic Sclerosis (Scleroderma), a chronic connective tissue disease.",1
771e0d93-33f4-473c-900d-c2a78b1c03b6,A teenage girl presented in OPD with moderate acne and history of irregular menses. What treatment will you give?,"As an AI, I don't prescribe treatments, but healthcare professionals might consider hormonal therapies like birth control, along with topical acne treatments. It's also important to investigate Polycystic Ovary Syndrome (PCOS) which may cause these symptoms.
",0.7
fbf0c12f-28f7-4d9e-be1d-e7ed5d69d0d2,A newborn infant was referred with intermittent cyanosis which improved on crying but worsened when quiet. What is the most likely diagnosis?,"The infant may have a condition called Congenital Central Hypoventilation Syndrome (CCHS), also known as ""Ondine's Curse,"" which causes breathing difficulties especially during sleep or quiet states.",0
e93921ae-f3a8-4ab1-bb8b-27373d1c5f56,"A male child with coarse facies, macroglossia, thick lips with hepatosplenomegaly presents with copious mucus discharge from nose. Probable underlying diagnosis is:","The probable underlying diagnosis is Hurler syndrome, a type of mucopolysaccharidosis.",0.9
7a424bf8-55f6-43fd-b7af-348e711ee860,"A patient after a trip to Bangkok has developed fever and perioral vesicles, diagnosis is:","The symptoms might suggest Hand, Foot, and Mouth disease, a common viral infection in Southeast Asia. However, a complete examination and diagnosis should be made by a healthcare professional.",0.5
f64b7dad-743e-42db-8b07-8299c210e803,A 10 year old child develops hematuria after 2 days of diarhoea. Blood film shows fragmented RBCs & thrombocytopenia. Ultrasound shows marked enlargement of both kidneys. The likely diagnosis is:,"The likely diagnosis is Hemolytic Uremic Syndrome (HUS), which is characterized by hemolytic anemia, acute kidney injury, and thrombocytopenia.",0.5
bbd93241-9f60-4ca9-8bd0-d6ff0c7f077e,"A healthy appearing, 8-year-old boy is evaluated for an abdominal mass, felt by his mother during a bath. What is the most likely diagnosis?","The most likely diagnosis could be Wilms' tumor (nephroblastoma), which is a common abdominal mass in children. However, it requires proper clinical examination and diagnostic tests to confirm.",1
c96e7781-c280-4050-920b-0c139dba7b0b,2 years old child was brought to the emergency department. He was having convulsions. On a rapid general physical examination kyphoscoliosis was discovered X-ray showed swollen lower end of radius. What is the likely diagnosis?,"The child might be suffering from Rickets, which is often characterized by skeletal deformities such as kyphoscoliosis and bone swelling.",1
01519bac-b973-4fa0-8b72-cfafe15f95cd,"A 14 year old boy present with headache, fever and cought for 2 days. Sputum is scant and non-purulent and gram stain reveals many whit cells but no organisms. The treatment should be initiated with:","Since the symptoms suggest a viral infection (such as the flu or COVID-19), the initial treatment would typically include rest, hydration, and over-the-counter medication for fever and pain management. Antibiotics are generally not needed since no bacterial organisms were identified on the gram stain. Always consult with a healthcare provider for appropriate treatment.",0.5
99185d11-a011-411c-87dd-5211182e8908,"A 36-year-old factory worker developed itchy,annular scaly plaques in both groins. Application of a coicosteroid ointment led to temporary relief but the plaques continued to extend at the periphery.The most likely diagnosis is","The most likely diagnosis is Tinea Cruris, commonly known as jock itch.",0
4a61194f-3941-402a-a833-9e6f7108e04c,A 45-years-old multipara presents with dysmenorrhea and menorrhagia. Uterus is symmetrically enlarged upto 14 weeks. What is the probable diagnosis?,The probable diagnosis is adenomyosis.,1
ac3d2d00-73df-45ef-82d3-163e2f14897a,A newborn child presents with inverted foot and the dorsum of the foot cannot touch the anterior tibia. The most probable diagnosis is -,"The most probable diagnosis is clubfoot, medically known as congenital talipes equinovarus (CTEV).",1
a97f9982-865c-44a3-82c2-7360244cb025,"A 50 years old male presents with severe refractory hypeension, weakness, muscle cramps and hypokalemia, the most likely diagnosis is","The most likely diagnosis is primary hyperaldosteronism, also known as Conn's syndrome.
",0
68e63a43-122d-4f4d-9988-221ca575bf38,Very commonly used suture material in oral surgical procedures,Silk and Vicryl are very commonly used suture materials in oral surgical procedures.,0.5
9ceb61f6-225f-42ce-9ec9-71d6cd7c05d5,"Male staed drinking alcohol at age of 20 years, presently taking 3 quaers daily over 30 years, complains that now he gets the kick in 1 quaer. Probable diagnosis is:","The probable diagnosis could be alcohol tolerance, which means the individual needs to consume more alcohol to achieve the same effects as before.",0.5
4b920efb-33ed-4766-9c10-ee254bee7c8d,"A six-year-old child is admitted to the Paediatric ICU for seizures. He has been on treatment with Tacrolimus and Prednisolone. On investigations his blood urea is 68 mg/dl, Serum Sodium is 136 meq/l likely cause of his seizures –","The likely cause of the child's seizures could be high blood urea levels, also known as uremia, which is a sign of kidney dysfunction often seen in patients on long-term immunosuppressive therapies like Tacrolimus and Prednisolone.",0.5
867016d7-45a5-4e60-8970-24d586382b32,A patient appears awake and is not talking. No voluntary movements. He can signal with vertical eye movements. The CT scan shows infarction of ventral pons. The diagnosis is,The diagnosis is Locked-in syndrome.,0.9
a7667a44-3de5-4f3f-8018-e13e8caa91a1,"A child presented with seizures. On examination an Oval hypopigmented macules noted on the trunk, Low IQ and angiofibroma on face. What is the most probable diagnosis","The most probable diagnosis is Tuberous Sclerosis, a genetic disorder characterized by the growth of numerous noncancerous (benign) tumors in many parts of the body.",1
71887682-8009-45d2-b038-49e48e00a108,A 9 year old boy with elevation in both PT and A PTT. What is the diagnosis?,"This may suggest a coagulation disorder, but a specific diagnosis can't be determined without further testing. Please consult with a healthcare professional for accurate diagnosis and treatment.",0.5
e56698c6-98e2-449b-9306-58d1e2bf72b6,The active search for unrecognized disease or defect in apparently health people using rapidly applied tests or procedures is-,This is known as screening.,1
0d9ba8b0-b18c-4b1d-ae1a-6421a38bacb0,"A six-year-old girl has brief, irregular contractions in her feet; symptoms are suspected to be a result of an untreated strep infection. What is the diagnosis?","The diagnosis could potentially be Sydenham's Chorea, a neurological disorder related to untreated strep infection.
",1
0ddacd64-db54-452a-8dff-454cb4477ba0,"A patient on anti-psychotic drugs develops temperature of 104°C, BP about 150/100 and abnormal behavior.What is the likely diagnosis?","The patient may be experiencing Neuroleptic Malignant Syndrome, a serious condition associated with antipsychotic drugs.",1
fb9ef57c-0bb2-4e7d-b02b-4cfda7082f26,"A patient presented with scarring alopecia, thinned nails, hypopigmented macular lesions over the trunk and oral mucosa. The diagnosis is –","The diagnosis for this patient would likely be Lichen Planus, a non-infectious, itchy rash that can affect many areas of the body.",1
6d0d7da8-9746-402c-8008-ffed9773d68d,"A 36-year-old female with symptoms of hyperparathyroidism, tumor in the pancreas, adrenal cortical hyperplasia, pituitary adenomas, islet cell tumor with cutaneous angiofibroinas. What is the diagnosis?",The diagnosis for these symptoms could be Multiple Endocrine Neoplasia type 1 (MEN 1).,1
617290c2-88d3-4421-8900-b0959cbfba19,"A boy 10-year-old, fractured his central incisor 1 ½ year
back. His pulp test is negative. What is the treatment:","Treatment may involve root canal therapy if pulp necrosis is suspected, followed by a dental crown to restore the structure of the tooth, given the child's age and growth considerations. Always consult with a dental professional for accurate diagnosis and treatment.
",0.5
f7f138b8-e167-47a0-a8ca-284148aea2d9,"The mother of a 4-year-old child notes blood when laundering his underwear. Physical examination reveals a rectal mass. On proctoscopy, there is a smooth-surfaced, pedunculated, 1.5-cm polyp. It is excised and microscopically shows cystically dilated crypts filled with mucin and inflammatory debris, but no dysplasia. What is the most likely diagnosis?",The most likely diagnosis for this 4-year-old child is juvenile (retention) polyp.,0.9
55e0d7e2-caed-48fa-a104-b5e4fdd6ccb1,"A female with symptoms mimicking heart disease with normal ECG & X-ray, the diagnosis is -","This could be a case of angina, anxiety disorders, or gastrointestinal issues. However, correct diagnosis requires further tests and a detailed physical examination by a healthcare professional.",0.5
05a64e1c-537d-437a-9803-cbf812f88a4f,"A 30 year old male, Kallu, with a history of sexual exposure comes with a painless indurated ulcer over the penis with everted margins. The diagnosis is :","The symptoms suggest that Kallu may have syphilis, a sexually transmitted infection. However, a clinical diagnosis from a healthcare professional is needed for confirmation.",0.9
c3962a1d-92f1-46bc-aa14-9a72d18b6f7a,"A patient is diagnosed with TB meningitis and is started on antituberculosis treatment. Because the facial weakness persists despite starting on ATT, the physician decides to administer high dose steroids. Within one week of introducing prednisolone, the patient develops pain radiating down the back of his right leg and difficulty dorsiflexing the right foot. This is due to","This is likely due to a condition called ""foot drop,"" which could be caused by the compression or damage to the peroneal nerve, possibly as a side effect of steroid use.",0
3f8cf208-8617-45bc-bf33-75791766c078,"An elderly female presents with the features of fever, headache, diplopia. Biopsy of the aery revealed panaeritis. What is the most probable diagnosis",The most probable diagnosis is Giant Cell Arteritis (GCA) or Temporal Arteritis.,0.9
f0829ed3-23ff-4eef-ab1d-b1733ca0752a,In a RTA patient sustained trauma to left side of chest and abdomen. Fluid in the peritoneum & sign of hypotension was found on physical examination. Most probable diagnosis is?,"The most probable diagnosis is Hemoperitoneum, likely due to Blunt Abdominal Trauma.",0.5
da86a7bf-47f0-4b0b-a090-23b3030836db,Direct procedure for fabrication of provisional restoration has a prime disadvantage of,The prime disadvantage of the direct procedure for fabrication of provisional restoration is that it can cause trauma to the prepared tooth or tissues due to its potential for inaccuracies and improper fit.,1
112f7694-aca1-44b6-a43b-6ce1a8206be7,Make the diagnosis of a 26 day old infant presenting with recurrent nonbilious vomiting with costipation and loss of wt-,"The symptoms suggest a condition called Infant Pyloric Stenosis, which involves a blockage of the pylorus due to thickening of the muscle leading out of the stomach. Please consult a pediatrician to confirm the diagnosis.",0.95
ec39a8df-eeb9-4217-848b-057aa975a569,A 23-year old young boy with schizophrenia is well maintained on risperidone for the last 2 months. He has no family historv of the disease. For how long medication should be continued in this patient?,"The duration of medication for schizophrenia is typically lifelong, but it should ideally be under the supervision of a psychiatrist to monitor symptoms and manage potential side effects.",0.5
f90b95d9-e701-4fbe-b28a-26a68e0fe47c,A 2 year child presented with low grade fever and stridor. What is the likely diagnosis?,"The child may have croup, a common illness in young children that causes a distinctive barking cough and stridor.",0.5
5d3acee6-94c3-4dbf-8084-84aa52b338c6,"A 35 year old male came with jaundice, palpable mass in the right hypochondrium not associated with pain. The probable diagnosis is -",The symptoms could suggest a potential diagnosis of Hepatocellular Carcinoma or other liver diseases. Please consult a healthcare professional for a definitive diagnosis.,0.5
01da52da-4def-4d88-9d75-694686a35f68,A 56-year-old man has suffered from intermittent claudication for 5 years. He has recently developed cramping abdominal pain that is made worse by eating. He has a history of a 15-lb weight loss. What is the most likely diagnosis?,"The most likely diagnosis for this patient is Chronic Mesenteric Ischemia, also known as intestinal angina, a condition where the blood flow to the intestines is reduced, typically due to atherosclerosis.",1
e7494353-e2dd-4bd1-8efe-d0d5226b0c82,"A 65-year-old woman with a history of chronic constipation is transferred from a nursing home because of abdominal pain and marked abdominal distention. On examination, her abdomen is found to be distended and tender in the LLQ. What is the most likely diagnosis?",The most likely diagnosis is diverticulitis.,0.5
59dc01ea-488a-40fe-bb86-395eb5e60bc5,"A 71/2 months old child with cough, mild stridor is staed on oral antibiotics. The child showed initial improvement but later developed wheeze, productive cough, and mild fever. X-ray shows hyperlucency and PFT shows an obstructive curve. The most probable diagnosis is,","The most probable diagnosis is Bronchiolitis Obliterans, which is a type of chronic obstructive lung disease.",1
936cb9cc-644e-4c87-b40e-8d6965f467de,A six-year-old male baby presents to a hospital with recurrent gross hematuria for 2 years. There is no h/o burning micturition or pyuria. Urine routine examination demonstrated no pus cells and urine culture was sterile. Serum C3 levels were normal.What is the most probable diagnosis?,"The most probable diagnosis could be an IgA nephropathy (Berger's disease), a kidney disease that causes blood in the urine.",1
dc6316d9-f4cd-4db8-8b1f-d7a808b64dae,"A 56-year-old woman has noticed an enlarging lump on the right side of her neck for the past 7 months. On physical examination, there is a 3-cm nodule in the right upper neck, medial to the sternocleidomastoid muscle and lateral to the trachea at the angle of the mandible. CT scan shows a circumscribed, solid mass adjacent to the carotid bifurcation. Microscopic examination of the excised mass shows nests of round cells with pink, granular cytoplasm. Tests for immunohistochemical markers chromogranin and S-100 are positive. Electron microscopy shows neurosecretory granules in the tumor cell cytoplasm. The tumor recurs 1 year later and is again excised. What is the most likely diagnosis?","The most likely diagnosis is a paraganglioma, also known as a carotid body tumor. This is supported by the tumor's location, the patient's age and sex, and the positive chromogranin and S-100 stains, which are markers for neuroendocrine and neural crest-derived cells, respectively.",1
aa9806b8-3583-4fc8-ad74-4f3e5e9ceba4,A 40 year old patient it comes with right upper quadrant pain from last 48 hours. Ultrasound reveals calculous cholecystitis. What is the preferred treatment,"The preferred treatment for calculous cholecystitis often involves antibiotics to treat the inflammation and surgical removal of the gallbladder, termed cholecystectomy.",1
ea94e744-18d9-4710-bece-910526acb39e,"A child of 1 year presents with muscle wasting, loss of subcutaneous fat with no signs of edema and weight below 60% of WHO standard. The mother gives history of not giving enough proteins and other nutrients to the child after six months of age. The likely diagnosis is","The likely diagnosis is Marasmus, a severe form of malnutrition caused by a deficiency in proteins and calories.",0.9
bc938929-be2c-4f6e-8dd7-2d6a0ea745ae,The procedure done in cases of clinical suspicion of amyloidosis is,"A biopsy, typically of the fat pad, kidney, liver, or bone marrow, is usually performed in cases of clinical suspicion of amyloidosis.",0.5
67787c9d-8765-4e51-9461-8e1316689899,"A patient with the complaint of sore throat, dysphagia, and ulcers over the palate since 1 week, comes to OPD. On examination, you found vesicles over the soft palate and tonsillar pillar. The ulcers have a gray base and inﬂamed periphery. What could be the possible diagnosis?","The symptoms suggest Herpangina, typically caused by a group of viruses known as enteroviruses.",1
101b1441-b74c-4b36-a375-fa14cdf94589,"A 62-year-old farmer presented with a way plaque on the sole of the right foot since a year. Examination revealed a large, way, hyperpigmented plaque on the sole of the involved foot. What is the probable diagnosis?","The probable diagnosis could be Plantar melanoma, a type of skin cancer, due to the presence of a large, wavy, hyperpigmented plaque on the foot sole.
",0
3defb11c-20a3-4cf7-ae26-6fa9f020723e,A 67-year-old woman with a prosthetic aoic valve develops progressive anemia. Examination of a peripheral blood smear reveals reticulocytosis and schistocytes. What is the appropriate diagnosis?,"The appropriate diagnosis is hemolytic anemia, specifically prosthetic valve-induced hemolysis.",0.5
9d61bd68-e3e0-4db0-a702-52053e8ba60f,"A young couple has been unsuccessful in conceiving a child over a 4-month period. The 28-year-old wife had been extensively investigated by a female reproductive specialist, and no abnormalities were detected. The husband, who initially refused to undergo semen analysis now agreed to this investigation, which revealed a low volume and azotemia. Follicle-stimulating hormone (FSH) level is normal. What is the most likely diagnosis?","The husband likely has male factor infertility, specifically oligospermia or possibly azoospermia, indicated by a low semen volume and high levels of nitrogen compounds (azotemia).",0.0
c465fac7-b2ff-4d4c-a1f3-a9246e9b1592,Most common mode of treatment of a 1 year old child with asthma is:,"The most common treatment for a 1-year-old child with asthma typically involves the use of inhaled corticosteroids or other long-term control medications prescribed by a doctor, along with a rescue inhaler for symptoms.",0.5
9e1de97b-a389-490b-890f-f66a8d245ed3,"Nine days following splenectomy, a 13-year- old patient presents with fever and leukocytosis. The chest x-ray shows free air under the diaphragm. What is the most likely diagnosis?",The most likely diagnosis is postoperative subpharyngeal abscess or septicemia due to infection.,0
3a637895-5adf-4aa5-ae52-2ebc2bbfd0fd,In Jorgensen technique on IV sedation for dental procedure drugs used are,The Jorgensen technique typically involves the use of sedatives like midazolam and analgesics such as fentanyl for IV sedation during dental procedures.,1
6d955b8f-73f9-4289-960e-fb310139e9be,"Kamla, a 48-years-old lady underwent a hysterectomy. On the seventh day, she developed fever, burning micturition and continuous urinary dribbling. She can also pass urine voluntarily. The diagnosis is:","Kamla might be suffering from a urinary tract infection (UTI) and vesicovaginal fistula, a complication of hysterectomy.",0.5
89306bef-ee71-4d12-96f5-4a95e4190b29,A 45-year-old man presented with regurgitated food paicles eaten several days earlier. He has foul smelling breath and occasional dysphagia for solid food. What is the probable diagnosis,"The probable diagnosis could be Zenker's Diverticulum, a condition where a small pouch develops in the throat causing problems with swallowing and potentially leading to regurgitation and bad breath.
",0.95
f432e379-ff09-4384-b042-758d3f0ffaba,"An 18-year-old woman presents with a fever and headache. She also complains of vaginal itching and dysuria. When asked, she says that she recently became sexually active. Physical examination reveals tender inguinal lymphadenopathy and red, pustular, painful vesicles on her labia majora. What is the most likely diagnosis?","The most likely diagnosis is genital herpes, a sexually transmitted infection often characterized by painful vesicles and ulcers in the genital area.",0.9
77a5df11-139c-4077-b102-aea20f2b561a,"In a patient with renal cell carcinoma with a thrombus in IVC renal vein, which is the best investigation for diagnosis?",The best diagnostic investigation for Renal Cell Carcinoma with thrombus in the inferior vena cava (IVC) and renal vein is usually a combination of contrast-enhanced computed tomography (CT scan) and magnetic resonance imaging (MRI).,0.9
c82b8fc4-9011-4fa1-bc69-84e3221cb127,"A 65 year old  smokes presents with right Inguinal mass, He complains of recent difficulty with micturation and nocturia. The swelling which does not extend to the scrotum,reduce when resting.what is the likely diagnosis.",The symptoms suggest that the patient may have an inguinal hernia with bladder involvement.,0.7
4a23a7b2-c800-4837-a558-c9d8898a3c06,Y.V plasty procedure is used for,"Y-V plasty procedure is typically used in plastic surgery to lengthen or reorient tissues and reduce skin tension, particularly for scar revision or in conditions like syndactyly (webbed fingers or toes).",0.3
9c421d14-3c22-4f6f-92b2-7b021dfa9923,"A 30-year-old man who was recenlty started on haloperidol 30 mg/day developed hyperpyrexia, muscle rigidity, akinesia, mutism, sweating, tachycardia and increased blood pressure. The investigations showed increased WBC count, increased creatinine phophokinase. This is no history of any other drug intake or any signs of infection. The most likely diagnosis is:","The most likely diagnosis is Neuroleptic Malignant Syndrome (NMS), a rare but potentially life-threatening reaction to antipsychotic drugs such as haloperidol.",1
1faf4aac-df26-42f5-9618-0c6c03201170,A patient presented with complaints of diplopia. O/E pupils were dilated. Both direct and consensual light reflexes were lost. The diagnosis is :,"The symptoms suggest a possible damage to cranial nerves, particularly the oculomotor nerve (CN III). The specific condition could be Adie's (tonic) pupil or a third cranial nerve palsy. However, further investigations are required for a definitive diagnosis.",0.7
deaa03ff-05cb-4d51-98bb-954e5a8af469,"A diabetic female at 40 wks of gestation delivered a baby by elective cesarean section. Soon after birth, the baby developed respiratory distress. The diagnosis is -","The baby could likely be suffering from Transient Tachypnea of the Newborn (TTN), a common condition where a newborn breathes rapidly due to excess fluid in the lungs. However, a definitive diagnosis should be made by a healthcare professional.",0.9
bbcf58a8-c361-438c-924a-b8db2bdf8287,"Sheela, a middle aged diabetic female presented with flank pain and fever. On U/S the kidney was irregular and showed fat density with calculi. The diagnosis is most probably:","Sheela is most likely suffering from Xanthogranulomatous Pyelonephritis, a severe kidney infection often associated with stones (calculi).",0.8
9178a07e-3cb8-4397-830d-97a75ae98557,"A 13 year girl with fatigue and weakness was found to be having reduced hemoglobin. Her MCV 70FC, MCH22pg and RDW 28. What is her likely diagnosis","Given the reduced hemoglobin, low MCV (mean corpuscular volume), and MCH (mean corpuscular hemoglobin), along with high RDW (red cell distribution width), the likely diagnosis is Iron Deficiency Anemia.",1
47c0359c-faf5-4e2b-b746-f8a67b0f04a9,"A female presented with loss of vision in both eyes and on examination has normal pupillary responses and normal fundus, Her visually evoked response (VER) examination shows extinguished responses.The most likely diagnosis is -","The most likely diagnosis could be Retrobulbar optic neuritis, a condition characterized by inflammation of the optic nerve behind the eyeball. Two defining features of its presentation are a normal fundus and extinguished visually evoked responses. However, a healthcare professional should make a definitive diagnosis.",0.5
196e2b31-7af5-44c2-8b05-f3c89b90863e,"A young male with gallbladder stones shows the following test results; serum bilirubin 2.5, Hb 6; urine test positive for urobilinogen; diagnosis is:",The diagnosis is likely gallstone-induced hemolytic anemia.,0.5
3f3d386e-dcba-42b7-b2a4-a3b908dc1a2d,"A 6 year old child from Tamil Nadu presents with a solitary nonanaesthetic patch on face, the possible diagnosis is –","The possible diagnosis could be Hansen's disease, also known as leprosy, a condition that could present with a single, numb skin patch.",0.5
f2778e0b-7e9e-477e-bf2f-19b0b69166c6,"A 54-year-old obese man was diagnosed with NIDDM 1 year earlier. He was started on glipizide and metformin. His other medications are propranolol and nifedipine for hypertension, and naproxen, which he began 2 weeks ago for severe osteoarthritis. His BP is 154/92. His BUN is 29 mg/dL and a creatinine of 1.8 mg/dL; both had been normal 1 year earlier. Which medications is most likely responsible for the increase in BUN and creatinine?","Naproxen is most likely responsible for the increase in BUN and creatinine as it is a non-steroidal anti-inflammatory drug (NSAID) that can impair renal function, especially in older individuals and those with pre-existing kidney disease.
",1
ac44751d-b56e-4c54-a4cd-bc64abc2262f,Duval procedure in case of chronic pancreatitis involves,The Duval procedure in case of chronic pancreatitis involves the removal of the body and tail of the pancreas to alleviate pain and manage the condition. It's also known as a distal pancreatectomy.,0.5
820378fb-7dda-4afb-8d7b-691b6f3104ea,"35 years male presents with a swelling in scrotum that is non tender and seperate from testes and on transillumination, chinese lantern pattern is seen diagnosis","The patient is likely suffering from a hydrocele, as suggested by the separate, non-tender scrotal swelling and the positive transillumination, or ""Chinese lantern,"" sign.",0.5
292e79bb-2c88-4169-8f39-8fa08a8278f2,"A 44 year old male presents to the OPD with a swelling on the palate. On intraoral examination, marked swelling is seen in the region of palatine papilla, situated mesial to the roots of 11 & 21. These teeth respond normally to vitality test. IOPA is given below. What is the most probable diagnosis?","As an AI, I can't visually examine given images or radiographs. However, the symptoms mentioned could indicate a periapical or periodontal abscess. Please consult a dental professional to confirm the condition.",0.5
d36d0bd1-4055-4ee9-a1b4-9e463214e39b,The position adopted for tonsillectomy is also adopted for this procedure.  -,The position adopted for tonsillectomy is also used for adenoidectomy.,0.5
b18afa5e-1de4-4ed6-b52e-50ecbf8abda9,A 41 year old obese female patient comes with acute abdominal pain in the right hypogastrium. USG examination shows a stone in the common bile duct. Which is the treatment of choice for stone in CBD?,"The treatment of choice for a stone in the common bile duct (CBD) is endoscopic retrograde cholangiopancreatography (ERCP), followed by sphincterotomy and stone extraction.",0.9
d636ae37-ce3d-4f67-aa76-59c2f2036dea,"A patient presented with peripheral field loss and fundus examination shows waxy exudates & pale disc with pigmentation around retinal vessels, diagnosis is","The patient has Retinitis Pigmentosa, a genetic disorder that causes loss of vision.",1
381bc8f7-722c-4303-8f15-fb59660fc84d,"38 year old male with pain and tenderness in dorsolumbar junction. Radiograph shows destruction of 12th dorsal vertebra with loss of disc space between D12 and L1, most probable diagnosis","The most probable diagnosis would be a condition known as Pott's Disease or spinal tuberculosis, which is a bacterial infection in the spine that can cause these symptoms and radiographic findings.",1
15d2a5ae-cc38-4d27-9f5c-48419f3c20fe,"A 35-year-old male develops involvements of PIP, DIP and metacarpophalangeal joints with sparing of the wrist and carpometacarpal joints. The probable diagnosis is -","The probable diagnosis could be Rheumatoid arthritis. Though it's unusual that the wrist and carpometacarpal joints are spared, as they are usually involved in this disease.
",0.1
de199236-369f-4bf9-a78f-1fc0236c4a46,One month old baby is referred for failure to thrive. On examination there are features of congestive cardiac failure. Femoral pulses are feeble compared to brachial pulses. The likely diagnosis is,The likely diagnosis is Coarctation of the Aorta.,1
9b1532fe-85c1-4a99-87d4-ef4707e7f84d,"A 30-year-old man who was recently staed on haloperidol 30mg/day developed hyperpyrexia, muscle rigidity, akinesia, mutism, sweating, tachycardia and increased blood pressure. The investigations showed increased VVBC count, increased creatinine phosphokinase. There is no history of any other drug intake or any signs of infection. The most likely diagnosis is:","The most likely diagnosis for this 30-year-old man is Neuroleptic Malignant Syndrome, a rare but serious reaction to antipsychotic medications such as haloperidol.
",1
072855bc-5876-4c6f-811c-35259b9d55e9,The most sensitive test for the diagnosis of herpes simplex (HSV) meningitis in a newborn infant is,The Polymerase Chain Reaction (PCR) test on cerebrospinal fluid (CSF).,1
de00ead6-545f-4c86-9b69-97d33f48c9e7,A young lady presented with white lacy lesions in oral cavity and her proximal nail fold has extended onto the nail bed. What is the likely diagnosis –,The likely diagnosis for the symptoms described is Lichen Planus.,1
a8f94c80-04ea-4319-bb88-c28d33a26269,"A young patient has a midline, tender swelling in neck occurring after an attack of sore throat. The diagnosis is -",The diagnosis is likely a peritonsillar abscess or cervical lymphadenitis. Both conditions can follow a sore throat.,0.2
2ff44281-1ac2-434e-a082-a262f5e9a1e6,A 30-year-old male evaluated for loss of erection is found to have low testosterone and high prolactin level in blood. What is the most likely diagnosis?,"The most likely diagnosis is a prolactinoma, which is a type of benign tumor in the pituitary gland that overproduces the hormone prolactin and can lead to low testosterone levels and erectile dysfunction.",0.8
4eeadd01-3c6f-4be7-a3d2-526dab3df298,A 40 year old patient has undergone an open chlecystectomy. The procedure was reported as uneventful by the operating surgeon. She has 100 ml of bile output from the drain kept in the gallbladder bed on the first post operative day. On examination she is afebrile and anicteric. The abdomen is soft and bowel sounds are normally heard. As an attending physician. What should be your best possible advice?,"The patient's symptoms seem normal for a post-cholecystectomy condition. It's best to continue monitoring the patient's bile output and overall recovery, ensuring that there are no infections or complications. Normal diet can also be slowly reintroduced.",1
be8950e6-2178-4f3c-888b-b671512ecca2,A 13 years boy presented with swelling in the cheek with recurrent epistaxis. Most likely diagnosis is,"The most likely diagnosis could be juvenile angiofibroma, a benign tumor often associated with these symptoms in adolescent boys.",0.9
0b05e7b2-2a2e-4195-95d6-626ed75d96f7,40 yrs old diabetic patient presents with round lesions for 2 weeks on abdomen. HPE shows palisading granuloma. What is the diagnosis?,"The diagnosis is likely Granuloma Annulare, a condition often associated with diabetes.",1
33d0bce1-5d8b-43d4-8ec7-c6a14d5b691c,"This patient was a former smoker and was being treated for essential hypertension, hypercholesterolemia, and hyperuricemia. Oral examination during the three follow up visits are being shown What is the most likely diagnosis of the tongue involvement?","Without specific details about the tongue involvement, such as appearance, texture, or symptoms, it's impossible to provide a likely diagnosis. The provided information is not sufficient.",0
ad09bb60-71ef-47e4-b42f-53f1f29feb1f,Gold standard for diagnosis of osteoporosis -,"The gold standard for diagnosing osteoporosis is a bone mineral density test (BMD), specifically a dual-energy X-ray absorptiometry (DEXA) scan.",1
bc302924-c9e8-43b7-9460-9ea24ebed0ab,"After 8 weeks of visit to female sex worker male patient develops painless ulcer over penis that bleeds on touch without any lymphadenopathy, diagnosis is?","The symptoms described could indicate Primary Syphilis, but a medical examination and testing are necessary for accurate diagnosis.",0.5
de068135-f6e9-457e-ab0f-fad45f476e45,This technetium-99m sulfur colloid scan was performed after the patient presented with abdominal pain. Howell-Jolly bodies were present on a peripheral-blood smear. What is the diagnosis?,The presence of Howell-Jolly bodies suggests asplenia or functional hyposplenia. The patient likely has a condition causing decreased or non-functional spleen activity.,0.5
f55c62b7-58f4-42ad-95b5-0b6dc6febe60,A 50-year-old female complains of dry mouth and foreign body sensation in her eyes. It is difficult for her to speak for more than a few minutes. There is no history of diabetes mellitus or neurological disease. The patient is on no medications. During clinical examination the buccal mucosa appears dry and the salivary glands are enlarged bilaterally. The next step in evaluation would be?,"The symptoms mentioned suggest Sjögren's syndrome. The next step in evaluation would be serological tests for anti-Ro (SSA) and anti-La (SSB) antibodies, as well as, a Schirmer test to measure tear production.",0.9
fd1e42c0-2f58-4b3e-aec3-22cd2a4819d8,"10 years old child with 10 days continuous fever with soft, enlarged spleen, diagnosis is –","The symptoms suggest the child may have Mononucleosis, but a medical evaluation is needed for an accurate diagnosis.",0.4
a9e9e2d9-33de-4813-851d-daf0c7b1102f,"A 34 year old lady, Ruchi, with a diagnosis of borderline personality disorder was admitted to the medicine casualty with claims of consumption of some form of poison following an argument with her husband. She was reluctant to disclose the nature of the consumed substance. She was initially treated with stomach wash and IV fluids. She developed jaundice followed by ascites and encephalopathy after 1 week. What is the likely poison that is responsible for acute liver failure?","The likely poison that caused acute liver failure in Ruchi is Paracetamol (also known as Acetaminophen), an over-the-counter medicine often involved in deliberate self-poisoning cases and can lead to acute liver failure if taken in high doses.
",0
6a680ad4-ba92-4be5-9959-5e79c900234d,Latest drug used for treatment of MDR TB patients is -,The latest drug for treatment of MDR TB (multidrug-resistant tuberculosis) is Bedaquiline.,1
8131e115-a303-4b86-ae1e-53c80dd47fe8,"A 3-year-old child presented with progressive anaemia, jaundice & failure to thrive. 0/E: Pallor, splenomegaly are seen. Peripheral smear showed normoblasts and small round intensely stained red cells. The likely diagnosis is",The likely diagnosis is Hereditary Spherocytosis.,1
3c621a20-423a-48e1-ba8f-bf4d4759fce5,"An infant has papulovesicular lesions on palms, soles, face and trunk. The diagnosis would he","The infant likely has Hand, Foot, and Mouth Disease (HFMD), a common viral illness usually caused by coxsackievirus A16.",0
d5210d12-6dda-4a4c-b9c2-cd2d934a4118,A 20 year old patient presents with syncope. His current ECG is shown below. His elder brother had died suddenly while watching television. The patient was given Cardioversion and subsequent cardiac MRI revealed fibro-fatty changes in RV myocardium. What is the diagnosis of this patient?,The patient's symptoms suggest a diagnosis of Arrhythmogenic Right Ventricular Cardiomyopathy (ARVC).,0.9
506ed80f-1da0-4cea-8049-a58bdc371400,A 58-year-old postmenopausal woman on estrogen replacement complains of recent onset of spotting. A bimanual pelvic examination is unremarkable. Most likely diagnosis?,The most likely diagnosis is endometrial hyperplasia due to estrogen replacement therapy.,0.85
4da94c06-23ef-48cc-89ff-4d90acd1a09c,"A patient presented with splenomegaly, anemia & shows reticulocytosis with increased bone marrow cellularity. The diagnosis is:","The symptoms may suggest a condition such as hemolytic anemia, in which the spleen enlarges due to its excessive activity in destroying red blood cells. Please consult with a healthcare provider for an accurate diagnosis.",0.75
1f9df3c1-6fff-40ce-8054-bab5a4284d88,"A 9-years-old female child presented with polyuria, polydipsia and metabolic acidosis. On slit lamp examination crystal deposits are seen in cornea. What is the diagnosis?","The diagnosis is likely Cystinosis, a rare inherited metabolic disorder characterized by the accumulation of the amino acid cystine.",1
f07ecd3f-33ac-440c-9ccf-90842b2c5ba4,"A 30-year-old woman complains of headache, visual disturbances, deepening of the voice, and generalized weakness. She reports amenorrhea for the past year and states that she recently required a larger shoe size. Laboratory studies show impaired glucose tolerance. What other procedure would be useful for establishing your diagnosis?","A MRI scan of the brain would be useful to check for a pituitary tumor, as these symptoms suggest Acromegaly, a hormonal disorder that develops when the pituitary gland produces too much growth hormone.",0.95
cf708ea8-d49f-4324-bb12-ddd31dc94e77,"A 27 year old patient presented with left sided abdominal pain to the emergency room, 6 hours after an A. He was hemodynamically stable and FAST positive. Contrast Enhanced CT (CECT) scan showed grade III splenic laceration. What will be the most appropriate treatment?","The most appropriate treatment for a hemodynamically stable patient with a grade III splenic laceration would typically be non-operative management under careful monitoring. However, if symptoms worsen, surgical intervention may be required.",1
a744f407-feaf-4249-b18b-47fa452cc10a,Patient a known case off alcohol dependence after 12 to 18 hrs of last drink develops seizure for the first time in his life.possible diagnosis is rum fits. treatment for the above patient,"The patient may be experiencing Alcohol Withdrawal Syndrome, which could explain the seizures (rum fits). Treatment typically involves benzodiazepines such as diazepam or lorazepam under medical supervision, with consideration for alcohol rehabilitation programs.",1
b8ea2eb5-d55c-44d3-acc8-3c4cc333a537,"A 32-year-old patient has decreased pain and temperature sensation in the upper extremities, atrophy of the intrinsic muscles of his hand, and brisk deep tendon reflexes in the upper extremity. Your diagnosis?","The symptoms suggest a condition known as Syringomyelia, which involves a fluid-filled cyst in the spinal cord.",1
9c8369fc-14e1-45f9-a3a5-25709a9cf714,"A 9-year-old boy is brought with history of decreased urine output, cola colored urine and swelling of the face & hands of 2 days duration. He is hypeensive, has a puffy face and pitting edema of the lower limbs. He has history of skin lesions 4 weeks earlier. A diagnosis of post streptococcal glomerulonephritis is made. C3 levels are likely to return to normal in?","C3 levels in post streptococcal glomerulonephritis are likely to return to normal in approximately 6 to 8 weeks after the onset of the illness.
",0.9
e0d7c92d-7e34-406c-9f0d-cf61f9cf5d89,"Pain in left hypochondrium vomiting, diarrhea, malena, weight loss diagnosis","These symptoms could indicate a gastrointestinal condition like a peptic ulcer, gastritis, or even gastrointestinal cancer. Consult a healthcare provider immediately.",0.5
86012788-6f8c-4ccb-8f75-fbc4dc7902c0,"A 55-year-old man complains of pain in his back, fatigue and occasional confusion. He admits to polyuria and polydipsia. An X-ray examination reveals numerous lytic lesions in the lumbar veebral bodies. Laboratory studies disclose hypoalbuminemia, mild anemia, and thrombocytopenia. A monoclonal IgG peak is demonstrated by serum electrophoresis. Urinalysis shows 4+ proteinuria. A bone marrow biopsy discloses foci of plasma cells, which account for 18% of all hematopoietic cells. What is the appropriate diagnosis?","The appropriate diagnosis is Multiple Myeloma, a cancer of plasma cells that causes various symptoms including bone pain, anemia, and kidney dysfunction.",1
fb1109b3-6119-4c6f-b479-4a5be4408e0b,"20 year old patient presents with hypokalemia, alkalosis with normal blood pressure and no edema. the diagnosis is","The diagnosis could be Gitelman Syndrome, a kidney disorder that affects electrolyte balance.",0.5
96716f22-0f35-4fed-9a4b-9868742d19c8,"A patient presented with history of recurrent attacks of optic neuritis, an episode of transverse myelitis with no white mater lesions on mri brain. Aquaporin 4 antibody testing was positive. What is the most likely diagnosis?","The most likely diagnosis is Neuromyelitis Optica Spectrum Disorder (NMOSD), also known as Devic's disease.",0
f1156838-0cdb-4583-b8bf-39448a505f39,A young patient presents with enlargement of costocondral junction and with the white line of fraenkel at the metaphysis. The diagnosis is-,"The mentioned symptoms suggest the diagnosis of Rickets, a disease characterized by the softening and weakening of bones in children due to prolonged vitamin D deficiency.
",0
009c43cf-5ce9-4e6f-9dc6-130d19eeed65,"A 54-year-old woman presents with prominent scattered erythematous papules on the right side of her forehead. She had ""burning"" pain and hypersensitivity in that area for the past 2 days. Her pain is localized to the right supraorbital area and the right aspect of the dorsum of her nose. She denies headaches, mental status changes, or recent infections. What is the most plausible diagnosis?","The most plausible diagnosis is herpes zoster, also known as shingles, affecting the ophthalmic branch of the trigeminal nerve.",0.8
b28001b1-1308-464d-a018-ba0b9dd88ef6,Gold standard test for diagnosis of laryngopharyngeal reflux is -,The gold standard test for diagnosing laryngopharyngeal reflux is 24-hour dual probe pH monitoring.,1
bcb88621-6e51-495d-b7ee-3b5decc1fd7e,A 60-year man had undergone cardiac bypass surgery 2 days back. Now he staed forgetting things and was not able to recall names and phone numbers of his relatives. What is the probable diagnosis?,"The man could be experiencing postoperative cognitive dysfunction (POCD), a condition often associated with memory loss and cognitive issues following surgery, particularly in older patients.",0.9
ccb0fa34-a5f0-4130-a90e-5ad3b9e86baa,Most common Complication of TIPSS procedure,"The most common complication of TIPSS (Transjugular Intrahepatic Portosystemic Shunt) procedure is hepatic encephalopathy, a condition characterized by confusion and altered level of consciousness due to the liver's inability to remove toxins from the blood.",1
63171850-88da-4d16-ad44-4419876674c0,"A young 25 year old man following A presented with proptosis (pulsatile in nature) ,chemosis and pain in right eye after 4 days. On Examination there was bruit on forehead and right eye. The probable diagnosis is","The probable diagnosis is Carotid-Cavernous Fistula, a vascular abnormality causing increased blood flow to the structures in the eye and face.",1
1eb901dd-422a-458b-ab13-f684e54ffb7d,A female is admitted in the ICU with the symptoms of GBS. She is getting these symptoms for the third time during few weeks. Nerve biopsy reveals onion-bulb appearance. What can be the MOST probable diagnosis?,"The most probable diagnosis would be Chronic Inflammatory Demyelinating Polyneuropathy (CIDP), a chronic variant of Guillain Barre Syndrome, which frequently shows onion-bulb appearance in nerve biopsy.",1
82cb9f1e-8ca8-4609-8c02-208fba5e70a4,A 22 year old female presents with diy way papules in the seborrheic areas especially in the summer. Her father also gives a h/o similar lesions. What is the most probable diagnosis?,"The most probable diagnosis is Darier's disease, which is a genetic skin disorder known to present with warty papules and plaques in seborrheic areas and worsen during summer.
",1
103c7053-4cb6-43a7-88cb-e44cff6062b3,"A patient on treatment for leukemia, develops chest pain, pulmonary infiltrates and pleural effusion. The likely cause is :","The likely cause could be a condition like leukemic infiltration of the lungs or a possible infection, but full medical evaluation is necessary.",0.2
4c26706a-35d8-46d7-a836-ceeefb5fe066,"A 27-yrs-old librarian has been worried that the small lymph nodes she can palpate in her groin are a sign of lymphoma. She also worries about developing laryngeal cancer due to the second-hand smoke she is exposed to at home. For a diagnosis of hypochondriasis, her symptoms should have been present for at least what period of time?","For a diagnosis of hypochondriasis, now more commonly referred to as Illness Anxiety Disorder, the individual should have been excessively worried about having a serious illness for at least 6 months.",1
517ed9a4-788e-43f7-985c-1412a8fcb3bc,This patient presented with chest pain. What is the diagnosis?,"As an AI, I'm unable to diagnose a patient, but chest pain could be symptomatic of various conditions such as heart disease, lung conditions, gastrointestinal issues, or anxiety. It's critical this patient seeks immediate medical evaluation.",0.5
a80bf51b-6b81-413a-af79-3c17f89836ce,"A 67 year old lady is brought in by her 6 children saying that she has gone senile. Six months after her husband's death she has become more religious, spiritual and gives lots of money in donation. She is occupied in too many activities and sleeps less. She now believes that she has a goal to change the society. She does not like being brought to the hospital and is argumentative on being questioned on her doings. The diagnosis is:-","The woman appears to be exhibiting symptoms of a manic episode, potentially indicative of Bipolar Disorder, but a comprehensive psychiatric evaluation is necessary to make an accurate diagnosis.",0.8
a0a269b2-39d3-4952-ac4a-b94612a51731,"A 10 years boy presented with sensory neural deafness not benefited with hearing aid, Next treatment is","The next treatment option could be cochlear implants, a medical device that bypasses the damaged part of the inner ear and helps provide the sense of sound. It's important to consult with an ENT specialist or an audiologist.",1
84c6ab92-006a-40fd-8ec5-cef733fb56f0,"A 15-year-old boy complains of right-sided weakness and gait impairment. A CT scan shows a large, non-enhancing cyst in the posterior cranial fossa, with an enhancing tumor nodule in the left cerebellum. What is the most likely diagnosis?","The most likely diagnosis is Medulloblastoma, a common cerebellar tumor in children, often presenting as a cyst with an enhancing tumor nodule in the cerebellum.",0.4
71f44cd9-e1a7-4614-a954-e78a73e718e1,A patient presented with vomiting and ataxia. There were oxalate crystals in the urine. The patient was given ethanol and 4 methyl pyrazole for treatment. The likely diagnosis of the patient was?,The likely diagnosis for the patient was ethylene glycol poisoning.,1
bd8e2393-f07d-493e-8a47-04a0548ccfe5,"A woman has a bilateral headache that worsens with emotional stress; she has two children, both doing badly in school; diagnosis is","The woman might be experiencing tension headaches, possibly related to stress and anxiety due to her children's academic performance.",0.9
a14b3941-8e39-4751-a11d-bd6902347986,Best treatment of old fracture is,"The best treatment for an old fracture can vary based on the severity of the fracture and any complications, but it might involve physical therapy, pain management, and in some instances, surgery to realign the bones or remove any bone fragments.",0.5
