id,question,answer,score
2490c0e2-5e57-46de-a276-0163f4b35337,"A female child with virilization, hypertension with low plasma renin diagnosis is :","Congenital adrenal hyperplasia due to 11β-hydroxylase (CYP11B1) deficiency. Excess deoxycorticosterone causes low-renin hypertension, and excess androgens cause virilization.",1
012fcc39-b037-46f3-8a0e-1dfe556a6165,A six year old male baby presents to a hospital with recurrent gross hematuria for 2 years. There is no h/o burning micturition or pyuria. Urine routine examination demonstrated no pus cells and urine culture was sterile. Serum C3 levels were normal. What is the most probable diagnosis-,"IgA nephropathy (Berger disease), which classically causes recurrent gross hematuria with normal complement levels.",0
805f167d-13ad-4949-9267-1ebce3a48a9f,A 26 years old G2P1L1 at 10 weeks complains of pain abdomen and bleeding per vaginum. On examination products of conception are seen paially extruding through the cervix. What is your diagnosis?,Incomplete abortion — pain and bleeding at 10 weeks with an open cervix and products of conception partially extruding through the os.,1
2c676972-bd4f-4a3c-b082-2af34b86c74c,"A 30 year old female patient complains of painless hard anterior neck mass. FNAC was inconclusive. Open thyroid biopsy was performed which revealed the  ﬁbrous nature of the mass, woody, non tender thyroid, mimicking carcinoma is  observed.  The diagnosis points towards","Riedel’s thyroiditis (invasive fibrous thyroiditis).  
It presents as a “woody,” rock-hard, painless thyroid that mimics carcinoma due to extensive fibrosis.",1
6ced785b-413c-4df8-8ce8-aa579c6d9521,What is the treatment of threshold ROP?,"Urgent ablation of the avascular peripheral retina—preferably diode laser photocoagulation within 48–72 hours (cryotherapy if laser isn’t feasible). Intravitreal anti‑VEGF (e.g., bevacizumab/ranibizumab) is considered especially for Zone I or aggressive posterior ROP, with close follow‑up for recurrence.",1
94a3ee08-9f21-42c0-81ce-6168af594e82,"A 47-year-old woman is admitted to the hospital with signs of cavernous sinus thrombosis. Radiographic examination reveals a pituitary tumor involving the cavernous sinus, confirming the initial diagnosis. During physical examination it is suspected that the right abducens nerve of the patient has been damaged by the tumor. In which direction will the physician most likely ask the patient to turn her right eye to confirm the abducens nerve damage, assuming she is unable to perform this task?","Ask her to abduct the right eye—i.e., look to the right (temporal/lateral gaze). Inability to do so confirms CN VI (abducens) palsy.",0.5
56bd9fb1-3392-4ec9-839c-0c1263e9aa88,"A patient repoed with a history of fall on an outstretched hand, complains of pain in the anatomical snuffbox and clinically no deformities visible. The diagnosis is:","Scaphoid (carpal navicular) fracture—classically presents with snuffbox tenderness after a fall on an outstretched hand, often without visible deformity.",1
eeebfc32-6319-4485-9c8a-fe4c50d02283,"A young patient presented with sudden painless loss of vision with systolic murmur over chest, ocular examination reveals - cherry red spot in macula with clear AC, with perception of light, diagnosis:","Central retinal artery occlusion (CRAO), likely embolic from a cardiac source given the systolic murmur.",0.95
7333d4bc-9de9-4a9d-84d9-c1ee69b5e2b8,"Eleven years after undergoing right modified radical mastectomy, a 61-year-old woman develops raised red and purple nodules over the right arm. What is the most likely diagnosis?",Lymphangiosarcoma (Stewart–Treves syndrome) arising in chronic lymphedema of the arm after mastectomy/axillary dissection.,1
b1633061-085e-49ae-9488-12e39b81c05b,"40 year old male with sputum AFB +ve,complains of Hoarseness of voice and painful swallowing on examination vocal cord shows mamillated adenoids and hyperaemia the most likely diagnosis is",Laryngeal tuberculosis (tuberculous laryngitis).,0.9
0658ba44-7b65-4e71-b439-95653608ddd2,What is the probable diagnosis in a patient with a dilated pupil not responsive to 1% pilocarpine,"Pharmacologic mydriasis due to anticholinergic blockade (e.g., atropine/scopolamine exposure), as it won’t constrict even with 1% pilocarpine.",0.9
4fd5e89b-9ec7-4917-9c75-e46af0336940,An 18 yr old male presents with massive hematemesis; he has history of fever for the past 14 days for which he was managed with drugs; moderate splenomegaly is present; diagnosis is:,"Bleeding esophageal varices from portal hypertension, most likely due to extrahepatic portal vein obstruction (EHPVO) in a young patient with splenomegaly.",0.8
1ef63795-7bef-4c88-8824-9d6ea36b147c,"A patient developed breathlessness and chest pain, on second postoperative day after a total hip replacement. Echo-cardiography showed right ventricular dilatation and tricuspid regurgitation. What is the most likely diagnosis?",Massive pulmonary embolism causing acute right ventricular strain (acute cor pulmonale).,0.9
a29bb139-1b53-463c-b01d-8c6404f7f06d,"30 year old patient with pain in right hypochondrium for 5 days with soft and tender liver and intercostal tenderness. He complains of catch in breath on inspiration and has a non productive cough. On examination the lung fields are clear, patient looks pale and emaciated. Probable diagnosis is","Amoebic liver abscess (Entamoeba histolytica), causing tender hepatomegaly with intercostal tenderness and pleuritic, nonproductive cough despite clear lung fields.",1
adbbdcc1-24c8-4e6c-9f6f-00a7c65a9ca7,A patients complains of occasional vomiting of food paicles eaten a few days ago. His wife repos that his breath smells foul. The most likely diagnosis is ?,Zenker’s (pharyngoesophageal) diverticulum. It causes regurgitation of undigested food days later and foul breath (halitosis).,0.5
dbdd7db5-6c9e-4978-8de8-2fc2b07fcbd7,"A young girl presents with primary amenorrhoea, grade V thelarche, grade II pubarche and no axillary hair. The most probable diagnosis is",Androgen insensitivity syndrome (testicular feminization). Fully developed breasts with scant pubic/absent axillary hair and primary amenorrhea are classic for AIS due to peripheral androgen resistance.,1
080139cb-a495-44a8-908e-26689b910af6,"After a leisure trip, a patient comes with gritty pain in eye, and joint pain following an episode of urinary infection. What is the most probable diagnosis?","Reactive arthritis (Reiter’s syndrome). It classically follows a genitourinary infection and presents with the triad of urethritis, conjunctivitis (gritty eye), and arthritis.",1
2a8e61f3-085c-4603-b331-de0078d6e5f9,"A 12-year-old boy had a gradually progressive plaque on a buttock for the last 3 years. The plaque was 15 cm in diameter, annular in shape, with crusting and induration at the periphery and scarring at the centre. The most likely diagnosis –","Lupus vulgaris (cutaneous tuberculosis) is most likely, given the slowly enlarging annular plaque with an indurated/crusted active edge and central scarring.",1
912a667d-7314-4e2a-8c61-254829eae221,What is the most probable diagnosis for on the x-ray of a 20 year old female who came with knee swelling,"I can’t determine this without seeing the x-ray—please upload it or describe the key features. In a 20-year-old with knee swelling, typical radiographic considerations include giant cell tumor (epiphyseal lytic “soap-bubble”), osteosarcoma (sunburst/Codman triangle), or Ewing sarcoma (onion-skin periosteal reaction).",0.5
de231299-c4b5-4980-88ca-3dd828085789,A patient with primary Sjogren syndrome treated with tear replacement for symptomatic relief notes continued parotid swelling for the last 3 months. She also has enlarged posterior cervical lymph nodes. Evaluation shows leukopenia and low C4 complement levels. What is the most likely diagnosis?,"Extranodal marginal zone B-cell (MALT) lymphoma of the salivary/parotid gland, a non-Hodgkin lymphoma complicating Sjögren syndrome. Persistent parotid enlargement, lymphadenopathy, leukopenia, and low C4 are classic red flags for lymphoma in Sjögren’s.",1
eb216a2d-ec98-4e03-8ac8-de3c93bc6d1b,A 66 year old female is posted for subtotal gastrectomy for adenocarcinoma. The important procedure related complication:,"An anastomotic leak is the most important procedure-related complication after subtotal gastrectomy, potentially leading to peritonitis and sepsis.",0.5
9638270b-74f0-400b-b3e8-dcc8612cf736,"A 2 day old newborn baby presented with microcephaly, macroglossia, visceromegaly and a blood glucose level of 20 mg/dl. What is the most likely diagnosis","Beckwith–Wiedemann syndrome, characterized by macroglossia, visceromegaly, and severe neonatal hypoglycemia due to hyperinsulinism.",1
d8c67c14-63a4-4fb2-b360-b301b0e803ab,"Recurrent aboion occurs in a woman, USG abdomen shows a non-echoic region in the central pa of the uterus. What is the probable diagnosis",Septate uterus (uterine septum). It’s the commonest uterine anomaly linked to recurrent miscarriages and can appear as a central non-echoic band on ultrasound.,1
c79ceb7e-0bc4-465d-99d4-dec847224acb,"A 22 year old woman developed small itchy wheals after physical exeion, walking in the sun, eating hot spicy food and when she was angry. The most likely diagnosis is:","Cholinergic urticaria (heat/sweat-induced urticaria) triggered by increased core temperature from exercise, hot foods, sun exposure, and emotional stress.",0.95
fbe5853c-1451-4c8b-a6ab-f5b573f17e50,"A 35 yr old male female singer presents with complains of hoarseness, vocal fatigue & pain in neck on prolonged phonation. Direct laryngoscopy shows bilateral pin head size swelling on Ant.1/3 & post 2/3 junction of vocal cord. What could be the probable diagnosis ?",Bilateral vocal cord nodules (singer’s nodules) at the junction of the anterior one-third and posterior two-thirds of the cords.,1
fb7347a0-1f01-462e-965d-5d8cb34eafed,"A 42 yearold female has palpable purpura with rash over buttocks, pain in abdomen, and ahropathy diagnosis is -","IgA vasculitis (Henoch–Schönlein purpura). The triad of palpable purpura (often on buttocks/legs), abdominal pain, and arthralgia is classic.",1
b8364251-5fbb-46d0-85ee-9c0a869f2e54,"A 8.5-year-old child with missing 11 reported to your clinic. 21 erupted at 6.5 years of age. The child had trauma to 21, 4 months back and got it endodontically treated for that. What is your further treatment about missing teeth?","Obtain imaging (maxillary occlusal/periapicals or CBCT) to locate 11 and rule out obstruction or dilaceration; if present, remove the obstacle and allow spontaneous eruption or proceed with surgical exposure and orthodontic traction to align it. If 11 is absent or non-restorable, provide an esthetic space maintainer/bonded pontic now and plan definitive replacement later (consider autotransplantation in mixed dentition, implant/bridge after growth completion).",0.75
60566198-b289-4c99-a6e8-e44d12f1512b,"A 3-year-old girl has normal developmental milestones except the delay in speech. She has difficulty in concentration, communication and relating to others and does not make friends but plays with herself. Likely diagnosis is","Autism spectrum disorder (childhood autism), given the speech delay with marked social and communication deficits and solitary play.",1
c3dd9e0b-0333-4c4a-b8af-b9b462ad44ca,Diagnostic procedure for basal cell Ca -,"Basal cell carcinoma is diagnosed clinically (often with dermoscopy) and confirmed by skin biopsy—typically shave or punch, with histopathology as the gold standard. Imaging (e.g., MRI/CT) is reserved for suspected deep/perineural invasion or advanced disease; noninvasive adjuncts like reflectance confocal microscopy can help in select cases.",0.7
0616c548-a40e-4ad3-952d-a1f3a9d67ecf,"A patient presented in casualty with a history of sudden onset palpitation, sensation of impending doom and constriction in his chest. This lasted for about 10-15 minutes after which he became all right. What is the MOST likely diagnosis?",Panic attack (acute anxiety episode) is most likely.,1
20d211b9-a4b1-4b39-8fc4-163bb59cccd6,An 18-year-old presents with a well- circumscribed 2 cm mass in her right breast. The mass is painless and has a rubbery consistency and discrete borders. It appears to move freely through the breast tissue. What is the likeliest diagnosis?,"Fibroadenoma of the breast. This is a common benign, rubbery, well-circumscribed, freely mobile mass in young women.",1
9c545cc6-5217-4737-a1c9-c6e31942ca2b,A child comes with cyanotic spells and chest X-ray was as shown below; What is the most probable diagnosis?,Tetralogy of Fallot—suggested by cyanotic (tet) spells and a “boot-shaped” heart with decreased pulmonary vascular markings on chest X-ray.,1
5c5ad07d-9c1c-4f0b-b60a-967182ae19a4,"A patient presented with abdominal pain, jaundice and melena. The diagnosis is","Hemobilia. This is Quincke’s triad: abdominal pain, jaundice, and gastrointestinal bleeding (melena).",1
ab508393-9d3a-442e-970c-c11dc84088ec,A 85 yr old female developed multiple blisters on trunk and thighs. Nikolsky&;s sign is negative. The lesions came on and off. The most probable diagnosis is,"Bullous pemphigoid — an autoimmune blistering disorder of the elderly characterized by tense, recurrent bullae on the trunk and limbs with a negative Nikolsky sign.",1
1f44c028-cadc-44ce-a4d2-a0bbedf914fa,A Hand radiograph of a child given suggests the diagnosis of?,"I can’t determine the diagnosis without seeing the radiograph. Please upload the image or describe key findings (e.g., metaphyseal cupping/fraying and widened growth plates suggesting rickets, or dense metaphyseal lines/Pelkan spurs suggesting scurvy).",0.5
09ea0c6f-f9a6-4f8f-ba26-ada2bf04f236,"A patient presents with mental confusion, visual and auditory hallucinations, perceived changes of body shape, swelling of the tongue and a fear of impending death after he was treated for primary chancre of syphilis with an intramuscular injection. What is the likely diagnosis?",Hoigné’s syndrome (acute procaine penicillin reaction) due to inadvertent intravascular injection of procaine penicillin used for syphilis.,1
cea76f00-c75d-498c-baf5-b24a22f45b6b,A child presents with massive hemetemesis and systemic hypotension. He has no fever or other significant history. Examination reveal massive splenomegaly but no hepatomegaly. Likely diagnosis is,Extrahepatic portal vein obstruction causing non-cirrhotic portal hypertension with esophageal variceal bleed.,0.5
a8402ace-41cf-4dd8-b465-84bb2417f75c,A 45 year old male has multiple grouped vesicular lesions present on the TN segment dermatome associated with pain. The most likely diagnosis is,"Herpes zoster (shingles), i.e., dermatomal varicella‑zoster reactivation causing painful grouped vesicles.",1
e87dcbbc-8435-454a-9146-7fdf8e7e071e,"A 68-year-old male musician presents to the emergency department with a sudden onset of colicky abdominal pain and massive vomiting of 4-hour duration. Examination shows an elevated WBC of 13,200 with a HCT of 45%. Electrolytes and blood urea nitrogen (BUN) are normal. An erect film of the abdomen reveals dilatation of the stomach with distended loops of bowel. What is his clinical diagnosis?","Acute mechanical small-bowel obstruction (high/proximal), evidenced by colicky pain, profuse vomiting, leukocytosis, and gastric/small-bowel dilation on erect abdominal film. This is most consistent with a high SBO rather than colonic or purely gastric outlet obstruction.",0.9
cf2e8f9c-d451-4cfc-95dd-6200aaf03ac8,A patient with Hypeension presents with Hypokalemia. Aldosterone levels and Renin levels are both elevated. The most likely diagnosis is,"Secondary hyperaldosteronism, most commonly due to renovascular hypertension (renal artery stenosis).",0.5
a942906f-ed09-4b02-a88e-d246f207d122,"29 year old female with history of Sjogren's syndrome presents with a 2 day episode of watery diarrhea 2 days ago. Physical examination is unremarkable. Because of her history, the physician decides to check her urine electrolytes. Urine chemistry: K = 31, Na = 100, Cl = 105. Her current diagnosis is?","Distal (type 1) renal tubular acidosis due to Sjögren’s syndrome. The positive urine anion gap (Na + K − Cl = 26) indicates impaired NH4+ excretion, distinguishing it from diarrhea-related acidosis (which would have a negative UAG).",0.85
78057260-857c-478a-9027-bc6c60bf6163,"A 30 years old male presented with silvery scales on elbow and knee, that bleed on removal. The probable diagnosis is –","Psoriasis vulgaris (chronic plaque psoriasis), suggested by silvery scales on extensor surfaces with pinpoint bleeding on removal (Auspitz sign).",0.95
7a574efa-6ad2-461e-aa8c-56606a9e2541,"A homosexual person feels that ""he is a woman trapped in a man's body"" and has persistent discomfo with his sex. Most likely diagnosis is:",Gender dysphoria (formerly called gender identity disorder/transsexualism).,0.9
77bdb7cc-11c1-4571-9405-86e0674b6c83,"10 year old boy complaints of pain in right arm near the shoulder, x-ray shows expansile lytic lesion in upper third of humerus, what is the likely diagnosis.",Unicameral (simple) bone cyst of the proximal humerus. This is common in children and presents as a metaphyseal expansile lytic lesion.,0.95
ae5665ad-f852-4797-82ed-a43d2cc87561,"An infant presented with failure to thrive, stridor, otitis media and esophagitis. What is the most probable diagnosis?","Gastroesophageal reflux disease with laryngopharyngeal reflux (infant GERD), which can cause failure to thrive, stridor, recurrent otitis media, and esophagitis.",1
512ce60e-6c09-417d-91b3-e1d2f0d539b6,"A patient presents in the causality with history of abdominal pain. On examination the person is in shock, with severe abdominal tenderness and guarding. There was also one episode of bloody diarrhoea. He gives a history of recurrent abdominal pain soon after taking food which persists for about 3 hours after food. He also has a history of MI about 5 years back. What is your diagnosis?",Acute mesenteric ischemia with bowel infarction—most likely superior mesenteric artery thrombosis on a background of chronic mesenteric ischemia (“intestinal angina”) given post‑prandial pain and atherosclerotic history.,0.9
b211a7fe-1a8f-48a5-9951-b2558963e2c6,"Ramu age 10 years, present with itching in his eye, foreign body sensation and ropy discharge since several months. These symptoms are more prominent in summer. Most probable diagnosis is -",Vernal keratoconjunctivitis (spring catarrh) — a seasonal allergic conjunctivitis in children with intense itching and ropy/stringy mucous discharge.,0.85
543b414e-7103-4b2b-91cc-5545926a9b7d,"A 35-year patient recalls episodes where he smells a pungent odor, becomes sweaty and loses consciousness. His family member says while unconscious he was having facial twitching with lip-smacking movements. What is the most probable diagnosis?",Temporal lobe epilepsy (focal impaired-awareness/complex partial seizures) with an olfactory aura (uncinate fits) and automatisms like lip smacking.,0.85
d15f7cba-283c-4014-96b5-cdb6a4e53f55,A patient came to casualty for acute bronchial asthma after treatment for glaucoma. The probable drug may be,Timolol eye drops (a nonselective beta-blocker) used for glaucoma can precipitate bronchospasm and trigger acute asthma.,1
52218ca8-bf46-407e-973b-94989c5e7fc9,A 27 year old sexually active male develops a vesicobullous lesion on the glans soon after taking tab paracetamol for fever. The lesion healed with hyper pigmentation. The most likely diagnosis is:,"Fixed drug eruption (likely paracetamol-induced), classically on the glans with vesicobullous lesions that recur on re-exposure and heal with hyperpigmentation.",1
897920f2-ed35-4fbb-a5fc-bda825e39195,"A child presented to the emergency depament with seizures. On examination oval hypopigmented macules were noted on the trunk, along with sub-normal IQ. What is the probable diagnosis?","Tuberous sclerosis complex (Bourneville disease). The combination of seizures, subnormal IQ, and oval hypopigmented “ash leaf” macules is characteristic.",1
21766122-395b-426f-9408-64c57c145ed0,"A HIV positive patient presents with cough for 10 days. Sputum culture by SDA reveals broad budding yeast, diagnosis:",Pulmonary blastomycosis due to Blastomyces dermatitidis (broad-based budding yeast).,0.9
e334bea4-d412-459f-8c01-d8b391102dc9,A young woman presents with delayed cycles and abnormal growth of hair on face. On USG ovaries are normal. What is the most probable diagnosis?,"Nonclassic (late‑onset) congenital adrenal hyperplasia due to 21‑hydroxylase deficiency causing adrenal hyperandrogenism.  
Hirsutism with oligomenorrhea and normal ovarian US favors an adrenal source; check early‑morning 17‑hydroxyprogesterone.",0.5
b2dbe8ac-5af8-4362-9f0f-a9cf94bfedba,"A patient with microcytic hypochromic anemia. Hb-9 g%, serum iron-20 microg/dl, ferritin level-800 ng/ml, transferrin percentage saturation is 64%. What is possible diagnosis?","Sideroblastic anemia (iron overload state) is most likely, given the very high ferritin and transferrin saturation despite microcytosis; this pattern is not consistent with iron deficiency or classic anemia of chronic disease. Consider causes such as lead toxicity, alcohol, B6 deficiency, or myelodysplasia.",0.5
1147973b-6b69-4447-ad7a-23ac66cfd08d,"A 25 yr old female presented with malaise and generalized weakness since 6 months. Her appetite is reduced and she has giddiness and palpitations on and off. There was no organomegaly. Laboratory study showed normochromic to hypochromic anaemia, RDW=60, and MCV=50. What is the diagnosis ?","Iron deficiency anemia (severe microcytic, hypochromic type); the very low MCV with markedly elevated RDW favors IDA over thalassemia trait.",1
33fbdee5-585d-42f9-9e9a-6478cb853b32,"A 30-year-old male, Kallu, with a history of sexual exposure comes with a painless indurated ulcer over the penis with everted margins. The diagnosis is",Primary syphilis (hard chancre) due to Treponema pallidum.,0.9
bc50d685-8468-4b36-86a5-dbf5f45a3b65,A patient with peptic ulcer disease undergone billroth 2  gastrectomy. Later the patient presented with postprandial pain. On endoscopy oedematous and inflamed gastric mucosa has been found. What is the  preferred diagnosis,"Alkaline (bile) reflux gastritis.  
Post-Billroth II duodenogastric reflux leads to postprandial pain with edematous, inflamed gastric mucosa on endoscopy.",1
e875d41c-f9a2-4fb0-bd6a-308b7dc01472,"A patient has Hb 6 gm% folic acid 82g/ml, vitamin B12 60 pg/ml, serum iron 180g/dl, and MCV-104.The diagnosis is -","Megaloblastic (macrocytic) anemia due to vitamin B12 deficiency.  
Folate is normal/high and MCV is elevated, pointing to B12 deficiency—likely pernicious anemia.",0.9
18221aab-d0e9-4194-98aa-3aad32aef0a0,A 21 year old student is found to have hyperthyroidism. She is counselled on treatment options including radioactive iodine and antithyroid medications. Carbimazole acts on which part of the thyroid hormone synthesis pathway?,"Carbimazole (converted to methimazole) inhibits thyroid peroxidase, blocking iodide organification and the coupling of MIT and DIT on thyroglobulin to form T3 and T4.",0.8
85a88804-96b9-42ec-93b8-a13c0b2daaf1,"A child presented with a history of unilateral purulent nasal discharge with occasional bloody discharge from the same side, The diagnosis is -","Nasal foreign body causing unilateral purulent, sometimes bloody, discharge.",1
78e4e592-fc6f-48a0-98f9-e69be5954971,"For a patient undergoing anticoagulant therapy, who requires unavoidable dental surgical treatment, the dental surgeon should:","Do not stop anticoagulation routinely; liaise with the physician and check INR if on warfarin (proceed if ≤3–3.5) or time/withhold a single DOAC dose if needed, then perform the procedure with meticulous local hemostasis (atraumatic technique, sutures, hemostatic agents, tranexamic mouthwash). Avoid NSAIDs for analgesia (use acetaminophen) and plan early-day, staged treatment if extensive.",0.9
b9321602-1020-4daa-9653-4b91bee1122c,"A 10 year old male child presents with pallor and h/o blood transfusion 2 months back. On investigation, Hb-4.5 gms, Total count-60,000,Platelet count-2 lakhs and CD 10+ve, CD 19+ve, CD 117 +ve, MPO +ve and CD 33 -ve. What is the most probable diagnosis?","Mixed phenotype acute leukemia (MPAL), B/myeloid type (biphenotypic), given CD19/CD10 positivity with MPO positivity.",0.8
28f7a6eb-c4c9-4b80-80e2-b0a93ab65941,"A female patient after injury comes to casualty. Her ABG shows low pH, pCO2 high, bicarbonate normal. The diagnosis is:","Acute respiratory acidosis (uncompensated), due to hypoventilation—low pH with elevated pCO2 and normal bicarbonate indicates no renal compensation yet.",1
b7819b96-5708-4994-b4c8-1827e9f29baf,A 36 years old factory worker developed itchy annular scaly plaques in both groins. Application of a caicosteroid ointment led to temporarY relief but the plaques continued to extend at the periphery. The most likely diagnosis is -,"Tinea cruris (dermatophyte “jock itch”), likely steroid‑modified (tinea incognito).",1
e827df10-5b3b-4869-8ec5-0c52abbe8819,"A 3 year male presented with progressive anemia, hepatosplenomegaly and osteomyelitis of jaw with pathological fracture, x-ray shows chalky white deposits on bone, probable diagnosis is",Osteopetrosis (marble bone disease/Albers-Schönberg disease).,1
d549d61f-9475-485e-a92e-8e05b9372ac0,Imiquimod used in treatment of anogenital warts acts manly as –,An immunomodulator—primarily a Toll‑like receptor 7 agonist that induces interferon‑α and other cytokines to enhance cell‑mediated immunity.,0.75
638f0292-d878-4116-b7bf-e3a92889ec1d,Name the procedure shown here in ureter:,"I can’t see the image—please upload it or describe the key features (e.g., pigtail stent, contrast outlining ureter, scope/stone extraction) so I can name the procedure.",0
52efd5db-a990-4e5e-ad4b-8b459cc506a6,"A 9 yr old child came to the dental clinic with spacing in
anterior teeth. The line of treatment is","Reassure and observe—this is usually the physiologic “ugly duckling stage” that closes as permanent canines erupt. Investigate and treat only if there’s a cause (e.g., mesiodens, abnormal frenum) or if a diastema >2 mm persists after canine eruption.",0.8
4ca5937d-a090-4222-a0bc-91b32c4a7c9f,A 65 yr. old man developed severe acute onset breathlessness within few hours of an aortic valve replacement. X-Ray diagnosis is?,Acute pulmonary edema (flash pulmonary edema) due to postoperative left ventricular failure—CXR shows bilateral perihilar “bat-wing” alveolar opacities.,0
20442569-e3fd-409b-93f9-d92923cd6b15,First line treatment of T315I mutation in CML management is?,Ponatinib is the TKI of choice for T315I-mutated CML; consider early referral for allogeneic stem cell transplant if eligible.,1
b2a9a600-a583-4d2b-967c-759dcd1e4f7c,"A 28-year-old man is evaluated in the primary care office for new onset rash on both legs for 1 week. He is a healthy person with no past medical illness and is not taking any medications. There is no history of recent fever but he has noticed occasional gum bleeding and one episode of nosebleed 4 days ago. He does not smoke, drinks alcohol only socially, and does not use any recreational drug. On physical examination, he is a healthy appearing man with no lymphadenopathy or hepatosplenomegaly. Laboratory studies reveal hemoglobin 14.8 gm/dL, hematocrit 42, MCV 86 fL, leukocyte count 6,000/mL, and platelet 22,000/mL. Liver function and renal function studies are normal. Peripheral smear reveals decrease in platelet count and no red cell abnormalities. What is the most probable diagnosis?","Immune thrombocytopenic purpura (ITP), given isolated severe thrombocytopenia with mucocutaneous bleeding, normal other cell lines, and no organomegaly or systemic illness.",1
055dbeb3-89c2-4aaf-b196-b0a836199ffb,"A 3 year old girl with normal developmental milestones except that she staed speaking by the age of four. She does not play with other children and wants to eat, play and sleep in her own way. She often has temper tantrums related to any new changes. What is the likely diagnosis?","Autism spectrum disorder (childhood autism) is most likely, given delayed speech, poor social interaction, and distress with changes/rigid routines.",1
001b679a-383e-4fa3-87b6-ffcc0fb63dc7,Baby born to patient suspected of chlamydial infection sample to be taken for diagnosis?,"Collect a conjunctival swab (or scraping) from the newborn for C. trachomatis NAAT/PCR; if there are respiratory symptoms, also send a nasopharyngeal swab/aspirate for NAAT.",0.75
d3d5ad61-ae30-4a0f-b346-03d130cad2e3,"A 30 year old male came with complains of unilateral blurred vision with floaters since 15 days. On examination, AC flare and cells were seen with 'headlight in fog' appearance on indirect ophthalmoscopy. Also, a single inflammatory focus of fluffy retinochoroiditis lesion is seen. What is the diagnosis?",Ocular toxoplasmosis (Toxoplasma retinochoroiditis) presenting with the classic “headlight in the fog” appearance.,0.95
54fc510d-e37c-4bab-b731-f60058bef85d,A 9 months old child is brought to you in the emergency with complaints of cough and coryza since last 2 days. Since last 1 day child is having noisy breathing which increases on crying. On examination you find a stridor which the mother was explaining as noisy breathing. What is your diagnosis?,Viral croup (acute laryngotracheobronchitis) — the typical cause of inspiratory stridor that worsens with crying following a URI in this age group.,1
9d8f095e-62de-4abd-acc7-f6946beeb989,"A patient presenting with history of diarrhoea for several years with recent onset pruritus and raised alkaline phosphatase, normal SGOT/PT and USG shows no gallstones and biliary tract abnormality, the diagnosis is","Primary sclerosing cholangitis (PSC), likely in association with long-standing inflammatory bowel disease (e.g., ulcerative colitis), given cholestatic pruritus with raised ALP and a normal ultrasound.",0.95
08f1557d-a1ac-4424-9b0b-0d5928fd5905,"A 20-year-old woman presents with bilateral conductive deafness, palpable purpura on the legs and hemoptysis. Radiograph of the chest shows a thin-walled cavity in left lower zone. Investigations reveal total leukocyte count 12,000/mm red cell casts in the urine and 12,000/mm serum creatinine 3 ing/dL. What is the most probable diagnosis ?",Granulomatosis with polyangiitis (Wegener’s) — a c‑ANCA–associated small‑vessel vasculitis causing pulmonary‑renal syndrome with ENT involvement and cavitary lung lesions.,1
e62924b6-baaa-4f0e-924e-5d8a64114e32,"After a leisure trip, a patient comes with gritty pain in eye, and joint pain. What is the most probable diagnosis?","Reactive arthritis (Reiter’s syndrome) — conjunctivitis causing a gritty eye sensation with joint pain, often triggered by a recent GI/GU infection after travel.",1
86ba5921-fef1-4edc-8aa4-13878099ffae,"A 74 yr old male patient was brought to the OPD by his daughter complaining of urinary incontinence and ataxia, also he has difficulty in calculating simple arithemetics and memory loss. What is the probable diagnosis","Normal pressure hydrocephalus (NPH), characterized by the triad of gait disturbance/ataxia, urinary incontinence, and cognitive decline.",1
98095171-2883-40ae-a76e-a4f498a52ee3,A 45-year-old male with history of recurrent ureteric calculi presented with fever. Right-sided nephrectomy was performed. Gross view and histology have been provided. What is your diagnosis?,Xanthogranulomatous pyelonephritis. This chronic destructive infection is classically associated with obstructing calculi and shows yellow nodules grossly with sheets of foamy histiocytes on histology.,0.5
8d205524-0254-4768-9a29-6fff52e5482e,12 years male came with swelling of lower end tibia which is surrounded by rim of reactive bone. What is most likely diagnosis?,Brodie’s abscess (subacute osteomyelitis with a lytic lesion surrounded by a sclerotic reactive rim).,1
91a601bc-050f-4287-aad7-7f2a2a4c5b49,"A young female presents with history of dyspnoea on exeion. On examination, she has wide, fixed split S2 with ejection systolic murmur (IIINI) in left second intercostal space. Her ECG shows left axis detion. The most probable diagnosis is ?","Ostium primum atrial septal defect (partial AV canal).  
The fixed wide split S2 with an ejection murmur and left axis deviation on ECG is classic for primum ASD (as opposed to secundum ASD, which usually has right axis).",1
4088a7e1-ae95-47b4-a20f-9183f4c300c5,What is the most common surgical complication following whipple procedure ?,"Delayed gastric emptying (DGE) is the most common complication after a Whipple procedure, often occurring in 20–40% of patients.",0.5
a7838452-37fb-492a-87bd-93b72fb2b693,A 6 year old boy presenting with palpable abdominal mass in the epigastrium. The clinical diagnosis is (There is no bile in vomitus)-,Infantile hypertrophic pyloric stenosis (pyloric “olive”) causing non‑bilious vomiting.,0.7
daea0b5f-6755-4d65-8e47-4312cbb29729,"In addition to the effects of weight loss, the resolution of type 2 diabetes mellitus after the gastric sleeve procedure and RYGB is thought to be contributed to by ?",Enhanced incretin signaling from altered gut physiology—especially increased GLP-1 and PYY and reduced ghrelin—improves insulin secretion and sensitivity independent of weight loss. Additional contributors include altered bile acid signaling and changes in the gut microbiota.,1
021d259d-7309-4213-a626-997613439732,"20 years old female from Bihar with erythematous lesion on cheek with central crusting, likely diagnosis:","Cutaneous leishmaniasis (oriental sore), suggested by the endemic region (Bihar) and a nodulo-ulcerative “volcano” lesion with central crusting.",1
6c9d5ab6-0b9b-4d2c-98ed-3d9ca1f55036,"After repeated infections manifested by cough, fever, and consolidation in lungs, the diagnosis of intralobar sequestration was established for a child. Sequestration of lung is seen MOST commonly in?",Left lower lobe—particularly the posterior basal segment—is the most common site of pulmonary (intralobar) sequestration.,1
9f08fb1f-67fb-46fa-8d12-7c97213fe2c1,"A 20-year-old female presents with excess facial hair and oligomenorrhea, increased levels of free testosterone, and normal ovaries on USG. Most likely diagnosis is:","Polycystic ovary syndrome (PCOS) — she meets Rotterdam criteria with oligomenorrhea and biochemical hyperandrogenism, even if the ovarian ultrasound is normal.",0.5
d20181aa-c211-4260-8bf2-94421a4ba74f,A 17 years male presented with swelling in the cheek with recurrent epistaxis. Most likely diagnosis is,"Juvenile nasopharyngeal angiofibroma (JNA) — a benign but highly vascular tumor seen in adolescent males, presenting with recurrent epistaxis and facial/cheek swelling.",1
81f94fe0-576f-491a-945b-35c2fc9008de,What is the ideal treatment for a 55 yr female with Simple Hyperplasia of endometrium with Atypia?,"Total hysterectomy with bilateral salpingo-oophorectomy is the preferred treatment for atypical endometrial hyperplasia in a 55-year-old. If surgery is contraindicated, use high-dose progestin therapy (e.g., LNG-IUS) with close surveillance.",0.75
f6dea44b-fd89-4db3-84c2-d2500a2a59b0,A child presents with sho episodes of vacant stare several times a day. The vacant episode begins abruptly and the child remains unresponsive during the episode. There is no associated history of aura or postictal confusion and the child is otherwise normal. The likely diagnosis is,"Typical absence seizures (childhood absence epilepsy/petit mal). They are brief staring spells with abrupt onset/offset, no aura or postictal confusion; EEG shows 3‑Hz spike-and-wave and hyperventilation can provoke them.",1
798102be-d1e1-46d8-ad78-6f36250b545e,"A young, tall, thin male with arachnodactyly has ectopia lentis in both eyes. The most likely diagnosis is","Marfan syndrome. It’s an autosomal dominant fibrillin-1 (FBN1) disorder classically causing tall, thin habitus with arachnodactyly and bilateral ectopia lentis (often superotemporal lens subluxation).",1
8e17ad95-a764-4105-ba2b-0d1b804ace27,"A 70 year old alcoholic presents with abdominal pain, lump in the RUQ and weight loss. No history of upper or lower Gl symptoms. USG shows 10 x 10 cm mass in the right lobe of liver. Which serum marker will be helpful in diagnosis?",Serum alpha-fetoprotein (AFP) — elevated levels support the diagnosis of hepatocellular carcinoma in this setting.,1
794cd01b-d91f-47b9-9302-3daf81d48770,"A 40 year old diabetic presents with blackish nasal discharge and a mass in the nose, likely diagnosis is:","Rhinocerebral (rhino-orbito-cerebral) mucormycosis—an angioinvasive fungal infection seen in diabetics, often causing black nasal discharge and eschar.",0.9
e0ca5a07-a1ad-499c-a92d-719a7ff1af01,"A mother brings her child to clinic with short stature. On examination following physical findings are seen. Doctor advises for the below investigations. Calcium - Normal, Phosphorous - Increased, PTH - Increased, Alvaline Phosphatase - Increased. What is the most probable diagnosis","Renal rickets (renal osteodystrophy) due to chronic kidney disease with secondary hyperparathyroidism.  
Normal calcium with elevated phosphate, PTH, and alkaline phosphatase fits CKD-related rickets rather than nutritional/Vit D–dependent forms.",0.8
3831c897-090e-48df-b5cb-fb5fde4010e8,"A patient presents in emergency in shock, with a history off fleshy mass protruding from vagina with heavy bleeding PV. She had history of delivery at home 1 hour back by a health worker with a history of difficulty in placental removal and 'Uterine handling'. Most probable diagnosis is?","Acute puerperal uterine inversion.  
The history of difficult placental removal/uterine handling with shock and a fleshy mass protruding per vaginam is classic.",1
591ef581-1e5e-4a97-b6b6-8d445ee08064,A patient with hypeension presents with following skin lesions. What is the diagnosis?,"I can’t tell without seeing the lesions—please upload the image or describe them. In hypertensive patients on meds, violaceous, flat‑topped itchy papules would suggest lichen planus/lichenoid drug eruption.",0.5
1dd90da6-8ea2-4190-91a2-6df219267ddb,A 4 year boy complaining of pain around elbow which is held in pronation with extension and normal X ray. What is the probable diagnosis?,"Nursemaid’s elbow (radial head subluxation due to annular ligament entrapment), which typically has a normal X‑ray.",1
dccc20a4-6f29-4123-b06a-034b801eda63,A 8 year old boy presents with recurrent pneumonia since birth. The boy had a history of delayed passage of Meconium at  birth. Probable diagnosis is,Cystic fibrosis. The delayed passage of meconium (meconium ileus) and recurrent sinopulmonary infections are classic for CF.,1
81bfe945-a8e2-4515-8d5f-f4f7651f2594,"A 17 year old girl was brought to the psychiatrist by her mother with history that she was repeatedly found vomiting in the bathroom after taking meals, and that her meal size was extremely small. On examination the BMI of patient was 15 kg/m2 and her knuckles showed callous formation. What is the likely diagnosis?","Anorexia nervosa, binge/purge subtype. The low BMI (15) with self-induced vomiting and Russell’s sign distinguishes it from bulimia nervosa.",1
ef0def21-ff48-43cf-8707-78bc7d95725f,Laproscopic procedure patient develops shoulder pain due to -,"Referred shoulder-tip pain from diaphragmatic/peritoneal irritation by insufflated CO₂ (pneumoperitoneum), mediated via the phrenic nerve (C3–C5).",0.5
9f82d569-602a-40a7-9728-da34eac4a2b3,"A middle-aged man presents with a lower jaw swelling. Clinically, there is expansion of the left ramus and the X-ray mandible shows soap bubble appearance. What is the clinical - diagnosis?","Ameloblastoma (adamantinoma) of the mandible.  
The multilocular “soap-bubble” radiolucency with expansion of the posterior mandible/ramus is classic.",1
266bed38-35b3-4ebb-9378-98dd0f5d807f,Dohlman's procedure is used in,Dohlman’s procedure is used to treat a pharyngeal pouch (Zenker’s diverticulum) by endoscopic division of the common wall/cricopharyngeal bar.,1
ce0f2596-99d0-4ef5-9903-e4c2a9e7ec04,The number of days required for diagnosis of hypomania is:-,At least 4 consecutive days.,1
e531716e-a225-4bda-95f0-0ab6a8b7de42,30 year old young male came with sudden onset visual loss with no h/o trauma and the fundus details cant be appreciated with no significant systemic history. The other eye has evidence of sheathing of vessels in periphery. A diagnosis of Eale's disease is made. The most common presenting symptom of this disease is,"Painless, sudden visual loss with floaters due to recurrent vitreous hemorrhage is the most common presenting symptom.",0.9
221657a0-71b8-4e1d-980b-9f70539e7295,"A young female came to surgery OPD with bilateral breast mass. On examination, mass was firm and mobile. What is the diagnosis on the basis of findings","Fibroadenoma of the breast (“breast mouse”)—a benign, firm, well-circumscribed, highly mobile mass common in young women and often bilateral.",1
763705cb-d475-4eb1-a5b8-30849890680c,In serial extraction procedure if maxillary 1st premolar is extracted then maxillary canine erupts in direction,"Downward and distally (backward), erupting into the extraction space created by the first premolar.",0.9
3f8df8a1-2624-4149-996f-8b25e655a6b6,A 14 year old boy present with headache fever and cough for 2 days. Sputum is scant and non purulent and gram stain reveals many white cells but no organisms. The treatment should be initiated with,Start a macrolide for suspected atypical (Mycoplasma) pneumonia—azithromycin is preferred (erythromycin is an alternative).,0.5
97cac6f1-7b82-4089-ab2c-c676730e79fd,"A  60-year-old  woman  complained  of  weakness,  lethargy  and  easy  fatigability.  Investigation showed that she had iron deficiency anaemia (Hb. 8 g/dl). She was prescribed cap. ferrous fumarate 300 mg twice daily. She returned after one month with no improvement in symptoms. Her Hb. level  was  unchanged.  On  enquiry  she  revealed  that  she  felt  epigastric  distress  after  taking  the iron  capsules,  and  had  started  taking  antacid  tablets  along  with  the  capsules. What could be the possible reason for her failure to respond to the oral iron medication?","She took antacids with the iron, which neutralize gastric acid and form insoluble complexes with ferrous iron, markedly reducing its absorption and preventing a rise in hemoglobin.",0.7
e652bd26-b1c8-49ba-80c9-e8901d1918ef,"A 4 years child presents with a history of chronic left lower lobe pneumonitis. On contrast bronchography, the area involved with the pneumonitis does not fill whereas the area around it does fill. The most likely diagnosis –","Pulmonary sequestration (intralobar), most often in the left lower lobe—non-filling on bronchography reflects lack of bronchial communication.",1
ceddf762-e410-4835-85f8-5319a40af431,"A 24 year old underweight woman presents to you with progressive abdominal discomfo, dyspnoea, nausea and vomiting. Abdominal examination revealed cystic enlargement of ovaries. Relevant investigations results are as follows: Hematocrit - 57% Total count - 25000 /mm3 RFT -Impaired LFT - Mildly impaired USG - Massive ascites Serum peak oestradiol- 9000 pg/ ml X ray chest - shows pulmonary oedema History revealed that she had polycystic ovarian disease (PCOD) and was on treatment for infeility. She had received an injection last week from her infeility specialist. What is your diagnosis?","Severe (critical) ovarian hyperstimulation syndrome (OHSS) following gonadotropin/hCG therapy for infertility, evidenced by hemoconcentration, massive ascites, pulmonary edema, and renal impairment.",1
aff16eab-f4f4-4767-ac14-f16ab8dcdafb,"A 27-year old primigravida presented to the OPD with pregnancy induced hypeension at 32 weeks of gestation. She had no other complications. On examination she had a blood pressure of 150/100 mm of Hg. Her blood pressure was later controlled with treatment. lf there are no complications, the pregnancy should be terminated at?","At 37 completed weeks of gestation, assuming no severe features or complications develop. Earlier delivery is indicated if maternal or fetal status worsens.",1
4a9ce7e9-2bb8-4963-888d-5df043a436ac,"A 45 year male presents with delirium, increased body temperature, dryness, dilated pupils and HR 130/min. Possible diagnosis:","Anticholinergic toxidrome (e.g., atropine or antihistamine poisoning). The hot, dry skin, mydriasis, delirium, and tachycardia fit this better than a sympathomimetic state (which is usually sweaty).",0.9
ed7da8c0-e8fc-408c-92e1-a1ea68bbcc5a,"A 32 weeks pregnant woman presented with intermittent abdominal pain and vaginal discharge, on analysis of the cervicovaginal discharge showed fibronectin. What is the probable diagnosis?",Threatened preterm labor. A positive fetal fibronectin at 32 weeks with uterine cramps indicates a high risk of preterm birth in the near term.,0.9
e85f2b59-5d0e-4e90-a0c3-6d4f5d8060a0,A patient who has been wearing denture for quite long time reported with flabby tissue behind the ridge. What will be the most likely diagnosis?,Epulis fissuratum (denture-induced inflammatory fibrous hyperplasia).,1
9b433520-5a70-4cbf-ba38-83eb19b653ab,A middle-aged woman is revealed to have subepithelial bullae with granular IgA deposits on basement membrane and she has some degree of gluten sensitivity. What is the diagnosis?,"Dermatitis herpetiformis (Duhring disease), associated with gluten sensitivity/celiac disease, showing granular IgA at the dermal papillae and subepidermal blisters.",1
5927edc3-37df-4db1-91de-c774689a0cf9,"1.The 68 year old Chandu is a diabetic and presented with black,foul smelling discharge from the nose.Examination revealed blackish discoloration of the inferior turbinate.The diagnosis is:","Invasive fungal sinusitis due to mucormycosis (rhinocerebral mucormycosis), classically seen in diabetics with black necrotic eschar in the nasal cavity.",1
3177f3fd-871d-4dc5-85e3-034b78cc7fbb,A 19 years old patient came to the out patient department with complaints of primary amenorrhea. She had well- developed breast and pubic hair. However there was absence of vagina and uterus but normal ovaries. Likely diagnosis is:,Müllerian agenesis (Mayer–Rokitansky–Küster–Hauser syndrome).,1
50694e90-1df2-46b1-a176-b11a01660688,"A 10-year old child with Valvular hea disease on hea failure treatment, has the following ECG tracing. What is the diagnosis?",Digitalis toxicity—showing atrial tachycardia with AV block (classically 2:1) in a child on heart failure therapy.,0
00551c4a-ca11-479d-a951-8ad48ec7ccd7,"A female developed brown macule on the cheek, forehead and nose after exposure to light following delivery of a baby, the diagnosis is -","Melasma (chloasma, “mask of pregnancy”). It presents as brown macules on sun‑exposed facial areas postpartum and is triggered by hormonal changes and UV light.",0.5
d560d60b-f2ae-4d77-8e9b-9f3ffde845b2,Golden period for treatment of open wounds is .....hours -,"About 6 hours (the classic “golden period” for primary closure); in highly vascular areas like the face, closure may be acceptable up to 12–24 hours.",0.5
eae94154-fe5e-4206-bbd5-f15f8c93a580,"A 25-year-old woman has a 3-year history of arthralgias. Physical examination shows no joint deformity, but she appears pale. Laboratory studies show a total RBC count of 4.7 million/ mm3, hemoglobin of 12.5 g/dL, hematocrit of 37.1%, platelet count of 217,000/ mm3, and WBC count of 5890/ mm3. The peripheral blood smear shows hypochromic and microcytic RBCs. Total serum iron and ferritin levels are normal. Hemoglobin electrophoresis shows 93% hemoglobin A1 with elevated hemoglobin A2 level of 5.8% and hemoglobin F level of 1.2%. What is the most likely diagnosis?","Beta-thalassemia minor (trait), as indicated by microcytosis with normal iron stores and an elevated HbA2 (with slight HbF increase) on electrophoresis.",1
abdf0e47-7ea3-41d7-b435-5dd8b3c69047,The immediate treatment of 10 kg weight infants presented with tetany -,"10% calcium gluconate 1–2 mL/kg IV slowly with cardiac monitoring (for 10 kg: 10–20 mL over 10–20 minutes), with repeat doses as needed and correction of hypomagnesemia if present.",1
52843bd4-4b19-426e-a200-855c97b46be6,"A 14 year old boy complains of pain during reading. On examination, his both eyes are normal and vision with Snellen's reading is 6/5. He still complains of pain on occluding one eye. The diagnosis is :","Accommodative asthenopia (eye strain), likely from latent hypermetropia, since symptoms persist even with one eye occluded.",0.5
5b48523f-cccd-4cfe-aa31-0603426d9c5b,Bone marrow examination of a 2 year old child with massive splenomegaly and pancytopenia showed cells with wrinkled paper appearance of cytoplasm. What could be the possible diagnosis?,Gaucher disease due to β-glucocerebrosidase deficiency. The “Gaucher cells” (macrophages with wrinkled tissue-paper cytoplasm) cause massive splenomegaly and pancytopenia.,1
863ffc62-397e-4a42-aa00-169a3a43cd47,Dohlmans procedure is used for -,Zenker’s diverticulum (pharyngeal pouch) — it’s an endoscopic septal division/cricopharyngeal myotomy.,1
a3e05fc6-51d1-4a7f-ad17-ad51507a2e5e,"A child presents with gelastic seizures, precious puberty. MRI shows small pedunculated mass attached to tuber cinerum. What is the diagnosis?","Hypothalamic hamartoma (hamartoma of the tuber cinereum), classically causing gelastic seizures and precocious puberty.",1
82baf972-d31c-46c5-8d4c-5141d7ac5f19,"A 20 year old woman presents with hemoptysis, bilateral conductive deafness and palpable purpura on the legs. X ray chest shows a thin walled cavity in left lower zone. Investigations shows a leukocyte count of 12000/mm3, red cell casts in the urine and serum creatinine 3mg/dL. What is the most probable diagnosis?","Granulomatosis with polyangiitis (Wegener’s) — an ANCA-associated small-vessel vasculitis causing cavitary lung lesions, ENT disease with conductive hearing loss, palpable purpura, and rapidly progressive glomerulonephritis (RBC casts, elevated creatinine). Check c-ANCA (PR3) for confirmation.",1
6b688a90-b485-4993-befb-fd875a81c4d1,A patient diagnosed with schizophrenia came with acute exacerbation of symptoms. Inj.Haloperidol was administered in the casuality and suddenly the patient had deviation of eye balls and torticollis. What is the diagnosis?,"Acute dystonic reaction (oculogyric crisis with torticollis), an extrapyramidal side effect of haloperidol.",0.8
f41763ea-5537-4825-92c6-51756b6cc5bd,"A 20-year-old man presents with repeated episodes of haematemesis. There is no history of jaundice or liver decompensation. On examination, the significant findings include moderate splenomegaly and presence of oesophagal varices. There is no ascites or peptic ulceration. The liver function tests are normal. What is the most likely diagnosis","Non-cirrhotic portal hypertension—most likely extrahepatic portal vein obstruction—given variceal bleeding with splenomegaly, no ascites, and normal liver function tests.",0.8
3954eed1-0c1b-4fed-a5d9-4d2f92c28221,A 35 year old man feels that he is about to die because he is suffering from gastric cancer. All his radiological investigations prove the contrary. Which is the most probable diagnosis?,"Illness anxiety disorder (hypochondriasis) — a persistent, unfounded fear of having a serious illness despite normal investigations and reassurance.",1
8efb4444-77d1-43df-b394-481f2bc60bae,"A patient presents with upper abdominal pain and vomiting.
His pulse rate is 100/min and BP is 70/40 mm Hg. A diagnosis of
pancreatitis is made. What is the next appropriate
management?","Immediate aggressive IV fluid resuscitation with isotonic crystalloid—preferably lactated Ringer’s—to treat shock. Provide oxygen and close hemodynamic/urine output monitoring, adding vasopressors only if hypotension persists after adequate fluids.",1
8c3b4f59-43e9-460b-b887-80ef591126dd,A 70 years old female is on treatment withAlendronate for 7 years for osteoporosis. Now she complains of pain in right thigh'at is the next investigation to be performed?,"Obtain plain radiographs (AP and lateral) of the entire femur—ideally bilateral—to evaluate for an atypical femoral fracture. If X‑rays are negative but suspicion remains, proceed to MRI (or bone scan).",1
da527ab2-0e61-40ec-83cc-0f1d38302e46,"A patient presented with a platelet count of 700 x 109/L with abnormalities in size, shape and granularity of platelets. WBC count of 8 x109 L, hemoglobin of 12 g/dl and the absence of the Philadelphia chromosome. The most likely diagnosis would be?","Essential thrombocythemia (primary thrombocythemia), a Ph-negative myeloproliferative neoplasm. Consider confirming with JAK2, CALR, or MPL mutation testing.",0.9
367ee286-9591-42a2-89eb-7bedf3a8fa2e,"A 30 years old male presented with silvery scales on elbow and knee, that bleed on removal. The probable diagnosis is:","Psoriasis vulgaris (chronic plaque psoriasis), suggested by silvery scales on extensor surfaces and pinpoint bleeding on removal (Auspitz sign).",1
895cabe5-1b29-4a4e-951b-89218db88268,"In a young patient presenting with recurrent vitreous hemorrhage, diagnosis is –",Eales disease—idiopathic peripheral retinal periphlebitis/vasculitis in young adults causing recurrent vitreous hemorrhages.,1
835f95b8-526b-427e-88b4-b9107db9a861,"A patient developed breathlessness and chest pain, on second postoperative day after a total hip replacement. Echo-cardiography showed right ventricular dilatation and tricuspid regurgitation. What is the most likely diagnosis-",Acute pulmonary thromboembolism causing right-heart strain (RV dilatation with tricuspid regurgitation) is the most likely diagnosis.,1
b8d3de2c-18ed-47c5-b25c-85a56d439281,"A man having multiple, painful, indurated, undermined, sloughed edged glans which occurred 5 days after exposures; most likely diagnosis is –",Chancroid (soft chancre) due to Haemophilus ducreyi.,1
f6b11ea4-116f-41d7-8e13-2f902bc3f0fe,A 7 year old boy presented with double medial malleolus. X-Ray was performed . What is the treatment?,"Likely an accessory navicular (“double medial malleolus”); treat conservatively with shoe modification/padding, arch support, activity modification/NSAIDs (short immobilization if very painful), and reserve surgical excision (Kidner) only for persistent, refractory symptoms.",0
c2aa737b-cc3e-4d91-b99d-bcfc6c5a9992,The following is an X-ray of a 13year old child presenting with difficulty in breathing and gradually developing respiratory compromise. What is the diagnosis?,"I can’t see the X‑ray in your message—please upload it or describe the key findings. For example, a hyperlucent hemithorax with mediastinal shift suggests tension pneumothorax, while an opaque hemithorax with shift suggests massive pleural effusion.",0
fbbec906-3875-4615-ba02-f4d70c50750a,A 24 year old male presented with retroperitoneal left necrotic mass near the hilum of kidney which showed heterogenous contrast enhancement on CECT. What is the probable diagnosis?,Extra-adrenal pheochromocytoma (paraganglioma) at the renal hilum.,0
43f862d2-424f-4377-9361-e0b3d8cb93a1,The preferred bypass procedure in case of non resectable carcinoma of head of pancreas is,Double bypass: a biliary-enteric bypass (preferably hepaticojejunostomy/choledochojejunostomy) combined with a gastrojejunostomy.,0.5
cacf155f-9ebe-413f-8cbc-4cc692d44e38,"A 40-year-old woman presents with a long history of vague upper abdominal pain and frequent indigestion with abdominal tenderness. Serum bilirubin is elevated (4.2 mg/dL). There is a mild increase in serum AST and ALT (62 and 57 U/L, respectively) and a moderate increase in alkaline phosphatase (325 U/L). Markers for viral hepatitis are negative. Abdominal ultrasound examination shows echogenic stone-like material within the gallbladder and thickening of the gallbladder wall. An intrahepatic mass is also visualized adjacent to the gallbladder. A cholecystectomy is performed. Histologic examination shows dense fibrosis and glandular structures in the wall of the gallbladder. What is the most likely diagnosis?","Gallbladder adenocarcinoma arising in the setting of chronic cholecystitis from gallstones, with invasion into adjacent liver.",0.9
5defd6ce-ce17-476b-acc5-86a429859f77,"A girl with normal milestones spend her time seeing her own hand, do not interact with others, what is the diagnosis ?",Autism spectrum disorder—characterized by poor social interaction and self-stimulatory behaviors like persistent hand regard.,0.9
c139f386-7593-40d3-b4ca-4d707b85e077,"A 4-year child presented with fever for 6 days, generalized rash and cervical lymphadenopathy with strawberry tongue. What could be the diagnosis?",Kawasaki disease (mucocutaneous lymph node syndrome). Prompt evaluation and treatment with IVIG and aspirin are needed to reduce the risk of coronary artery complications.,1
6d5b5791-cd0f-4f65-a730-9db5a6b4aef4,A 60-year-old woman with a history of chronic cystitis is referred to a urologist because of hematuria. Cystoscopy reveals a mass in the dome of the bladder. Biopsy shows tumor cells arranged as gland-like structures. Special stains demonstrate mucin in the cytoplasm of the tumor cells. What is the appropriate diagnosis?,"Adenocarcinoma of the urinary bladder, most consistent with urachal adenocarcinoma arising from the dome (mucin-producing glandular tumor).",1
76670103-a2a9-4a03-809b-4d177225c5ca,"46 year old female presented to OPD with complaints of breathlessness, purulent copious cough for 6 weeks. She lost 6 kg in 1.5 months. She was put on Clarithromycin and prednisolone for 2 weeks but there was no improvement in her condition . Chest Xray demonstrated persistent consolidation in the left lower lobe. What is the probable diagnosis of this patient?",Most likely bronchioloalveolar (mucinous adenocarcinoma) lung cancer presenting as non‑resolving pneumonia with bronchorrhea. Persistent lobar consolidation and weight loss despite antibiotics/steroids strongly suggest malignancy—CT chest and bronchoscopy are indicated.,0.7
5c0d9ea8-b9b0-4533-9251-c29e73f4abc4,"A cystic, transilluminant, painless scrotal swelling presented with testes separately palpable. The procedure to be done is","Spermatocelectomy (excision of the epididymal cyst), since the testis is separately palpable.",0.5
4a9efb5e-e141-4772-9bcb-5d27e0f5bf55,Dohlman's procedure is used in -,Zenker’s diverticulum (pharyngeal pouch). It’s an endoscopic diverticulotomy/cricopharyngeal myotomy.,1
80b8b973-c0c3-483b-a700-3e9b47510269,"Sagittal split osteotomy is a procedure done in the
mandibular:",Ramus of the mandible (bilateral sagittal split osteotomy of the mandibular ramus).,1
27390be2-540c-4d25-9219-beede0bb8e13,"A 55 year old male, who is a known case of severe persistent asthma since 14 years of age presents with acute exacerbation of asthma. The disease was well controlled upto 54 years with high dose inhaled corticosteroids. For the past 12 months the disease was not in good control. He complains of nocturnal cough, limitation of daily activities in spite of good compliance with medications. Spirometry was suggestive of bronchial asthma with partial irreversibility of airway obstruction. What is the cause for poor disease control?","Likely fixed airflow limitation from long-standing airway remodeling (asthma with partial irreversibility), leading to reduced responsiveness to inhaled corticosteroids and persistent symptoms despite good compliance.",1
a44c93ae-13df-4926-819b-655b2f513a16,"An infant has hepatorenomegaly, hypoglycemia, hyperlipidemia, acidosis and normal structured glycogen deposition in liver. What is the diagnosis ?","Von Gierke disease (Glycogen Storage Disease type I), due to glucose-6-phosphatase (or G6P translocase) deficiency. It causes hepatorenomegaly with severe fasting hypoglycemia, lactic acidosis, and hyperlipidemia, with normal-structured glycogen accumulation.",1
f77a7c28-528e-40a2-ab55-e52ac51b65c9,A young patient presents with enlargement of the costochondral junction and with the white line of Fraenkel at the metaphysis. The diagnosis is -,Scurvy (vitamin C deficiency). The white line of Fraenkel with a scorbutic rosary at the costochondral junction is characteristic.,0.9
4c4a1ba9-c0c0-41fb-9e49-3049a0627987,What is the diagnosis in this infant who presents with recurrent fractures & multiple bony deformities?,Osteogenesis imperfecta (brittle bone disease) due to a type I collagen (COL1A1/2) defect.,1
9253ccec-1ce6-46a5-b05e-0a3de5db801a,A 2 year old child is brought by parents with history of seizures and developmental delay. He has multiple hypopigmented macules over the back. What is the most probable diagnosis -,"Tuberous sclerosis complex. The combination of seizures, developmental delay, and multiple hypopigmented (ash-leaf) macules is classic for TSC.",1
70e4a6c2-42fb-43c7-91f6-91bc8934a4fa,A 7 year old child is has a hypo pigmented anesthetic patch on his face. What is the most probable diagnosis?,"Hansen disease (tuberculoid leprosy) is most likely, as a hypopigmented patch with sensory loss is characteristic; other causes of facial hypopigmentation (e.g., pityriasis alba) are not anesthetic.",0.5
64a320b6-a5ae-4d7a-8755-eccd74b33e36,What will be the diagnosis of the child with pulsatile swelling on medial side of the nose -,"Frontoethmoidal (nasoethmoidal) meningoencephalocele.  
A pulsatile, compressible swelling at the medial side of the nose that may enlarge with crying/straining (positive Furstenberg sign) is characteristic.",0.5
cbfe43ce-9879-4504-a5cc-89828a373d47,Dohlmann&;s procedure is done in,Zenker’s (pharyngoesophageal) diverticulum—endoscopic division of the cricopharyngeal septum.,0.8
5c244584-04f3-4234-aee8-69b0830949f7,Drug treatment is given for how many days in pneumococcal meningitis,"Typically 10–14 days of IV antibiotics; many treat 10 days if uncomplicated, extending to 14 days for severe/complicated cases or slow clinical response.",0.9
ed056289-9326-4952-aae3-13c869f79243,"A 2 year old child presents with a history of accidental ingestation of kerosene. He has cough, dyspnea, high fever, and his chest radiograph shows ill-defined patchy opacities. What is the most probable diagnosis ?",Acute chemical (aspiration) pneumonitis due to kerosene (hydrocarbon) aspiration.,0.5
fa03a678-c496-4d88-9a52-db89de7ee613,A child after consuming food in a party complains of vomiting and diarrhoea within 1-5 hours. The diagnosis is,"Staphylococcal food poisoning due to preformed enterotoxin (Staphylococcus aureus), which typically causes abrupt vomiting ± diarrhea within 1–6 hours after eating.",1
354b2017-e0d3-4c9f-9234-6f0cc5b827ce,A patient of borderline tuberculoid leprosy on treatment develops reaction. What will be the best next line of management -,"Continue MDT and start systemic corticosteroids for a Type 1 (reversal) reaction—e.g., prednisolone ~1 mg/kg/day (40–60 mg) with a gradual taper; NSAIDs only if very mild.",0.9
b54201cf-3da2-4130-9305-3c9555e4303f,A 12-year-old boy presents to the Outpatient depament with history of progressively increasing difficulty in walking and frequent falls. Physical examination reveals an ataxic gait and nystagmus. All deep tendon reflexes were observed to be absent while the plantar response was 'Extensor'. What is the most likely diagnosis?,"Friedreich ataxia.  
The adolescent-onset progressive gait ataxia with nystagmus, absent deep tendon reflexes and extensor plantar responses is classic for this hereditary spinocerebellar degeneration.",1
d6ad8a8e-4a7d-4804-8e87-394adbf3d31b,"A patient present to emergency with pinpoint Pupil,salivation, lacrimation, tremors and red tears. Plasma chlolinesterase level was 30% of normal. Most probable diagnosis is",Acute organophosphate (cholinesterase inhibitor) poisoning.,1
d85e0d4d-a3de-4c14-9f98-7822a03b0bed,A man with very high fever shows strongly positive agglutination test with OXK antigen. The most likely diagnosis is-,Scrub typhus (tsutsugamushi fever) due to Orientia tsutsugamushi.,0.75
03c49a9c-b98f-4dbe-9cd1-fd1feeeca434,"During a workup for infertility, a 34-year-old man is noted to have a solid tumor in the anterior aspect of his right testis. What is the most likely diagnosis?","Classical seminoma (a germ cell tumor). It’s the most common solid testicular tumor in men 15–35 and presents as a painless, homogeneous anterior testicular mass.",0.8
6e0d38b1-bb0a-40bc-bbe2-6be5d8dda73f,"A patient presents for routine postpaum examination 2 weeks after a normal vaginal delivery with complains of foul smelling vaginal discharge with fever. On abdominal examination, a tender 14 weeks uterus is palpable, breast examination is normal and episiotomy is healthy. What could be the possible diagnosis?","Postpartum endometritis (puerperal sepsis) with uterine subinvolution. The fever, foul-smelling lochia, and tender, enlarged 14‑week–size uterus at 2 weeks postpartum are characteristic.",0.5
0a95277f-b208-46c9-b9ee-a941da903564,"A female suffering from psychosis, taking phenothiazine's now complains of sudden onset of high grade fever, muscle rigidity and altered sensorium. The diagnosis is :","Neuroleptic malignant syndrome.  
An acute, life-threatening reaction to antipsychotics characterized by hyperthermia, severe rigidity, and altered mental status.",1
da57991e-51a7-4f49-8517-b96366a18958,For the treatment of a patient with after cataract which laser is used?,Nd:YAG laser is used to treat after-cataract (posterior capsule opacification) by performing a posterior capsulotomy.,1
b04ff4ed-e124-4793-bc15-ff7379450a27,"A 39-year-old male presents with bloody diarrhea. Multiple stool examinations fail to reveal any ova or parasites. A barium examination of the patient's colon reveals a characteristic ""string sign."" A colonoscopy reveals the rectum and sigmoid poions of the colon to be unremarkable. A biopsy from the terminal ileum reveals numerous acute and chronic inflammatory cells within the lamina propria. Worsening of the patient's symptoms results in emergency resection of the distal small intestines. Gross examination of this resected bowel reveals deep, long mucosal fissures extending deep into the muscle wall. Several transmural fistulas are also found. What is the best diagnosis for this patient?","Crohn disease (regional enteritis) of the terminal ileum—evidenced by rectal sparing, “string sign” on barium, transmural inflammation with fissures and fistulas, and acute/chronic inflammatory infiltrates.",1
4e3ac395-31e3-4b9e-9f3f-b78f5ebc055f,"A 60 year old man is brought to a psychiatrist with a 10 year history, that he suspects his neighbors and he feels that whenever he passes by they sneeze and plan against him behind his back. He feels that his wife has been replaced by a double and calls police for help. He is quite well- groomed, ale, occasionally consumes alcohol, likely diagnosis is:-",Persistent delusional disorder (persecutory/paranoid type) with Capgras syndrome (delusion that his wife has been replaced by a double).,0.5
e2bf9c90-8258-4f95-b34a-22062d9da8f2,"A young boy presented to OPD with multiple shiny pinhead size white papules over dorsum of hand, forearm and penis. What would be the diagnosis?","Lichen nitidus — tiny, shiny, pinhead-sized, flat-topped papules classically seen on the dorsum of hands, forearms, and genitalia in children.",1
8d5d14d3-29cf-4b9f-9910-aa2895124ab9,"A 30 - year - old lady complains of sudden onset breathlessness, anxiety, palpitations and feeling of impending doom. Physical examination is normal. What is the diagnosis?","Panic attack (acute panic disorder), often with hyperventilation. The sudden dyspnea, palpitations, intense anxiety, and feeling of impending doom with a normal exam are classic.",1
86e7b47a-9a47-4886-81c7-13bb7b38b3ba,A young patient present with significant loss of central vision and a normal ERG. There is no obvious family history of similar presentation. The most likely diagnosis:,"Stargardt disease (juvenile macular dystrophy), which often causes early central vision loss with a normal full-field ERG and has autosomal recessive inheritance, so family history may be absent.",1
f8c3b69c-a747-43b4-a259-6f274372220a,"A 25 year old primigravida at 10 weeks pregnancy presents with abdominal pain and bleeding per vaginum. BP is 118/74 mm Hg & on speculum examination, bleeding is found to come from Os. On Per Vaginum, uterus is of 10 weeks size, soft and Os is open 1.5cms. diagnosis?","Inevitable abortion (inevitable miscarriage) — bleeding with cramping and an open cervical os at 10 weeks, uterus size consistent with gestation.",1
9129d80a-93bc-4490-81b6-17c8a28f0420,"An infant has hepatosplenomegaly, hypoglycemia, hyperlipidemia, acidosis and normal structured glycogen deposition in liver. What is the diagnosis?","Glycogen storage disease type I (von Gierke disease) due to glucose‑6‑phosphatase deficiency. The normal-structured but excessive hepatic glycogen with severe fasting hypoglycemia, lactic acidosis, and hyperlipidemia is classic.",1
30e528c9-ce8a-47aa-9584-68cf5c77e2fa,"A 42-year-old company executive presents with sudden upper GI bleed (5 litres) of bright red blood, with no significant previous history. The diagnosis is-","Dieulafoy’s lesion of the stomach (ruptured caliber‑persistent artery), which classically causes sudden massive bright‑red hematemesis in a previously healthy person.",0
2f954edd-ea01-40c9-ae03-21615bea9720,"A young patient presented with sudden painless loss of vision with systolic murmur over chest, ocular examination reveals – cherry red spot in macula with clear AC, with perception of light, diagnosis –",Central retinal artery occlusion (CRAO). The systolic murmur suggests an embolic source from cardiac valvular disease.,1
66666316-318b-4233-9bfe-b018e18939ef,A patient presented with a 1 X 1.5 cms growth on the lateral border of the tongue. The treatment indicated would be,"Wide local excision (partial glossectomy) with at least 1 cm margins, plus management of the neck—elective ipsilateral selective neck dissection (levels I–III) or sentinel node biopsy if clinically N0.",0.5
f170a0fe-529d-4ec6-8fb4-274f09fb47e6,"A 26 year old female after her delivery develops features of headache, nausea, visual complaints, fatigue. What is the most probable diagnosis?","Postpartum lymphocytic hypophysitis (autoimmune pituitary inflammation) is most likely, presenting after delivery with headache, visual symptoms, nausea, and fatigue from pituitary enlargement and hypopituitarism.",0.5
a69da404-49d9-4011-b0d3-c119023bd010,"A patient had a spontaneous abortion, then she came with amenorrhea and FSH 6 IU/mL. What the most probably diagnosis?","Asherman syndrome (intrauterine adhesions causing secondary amenorrhea), suggested by amenorrhea after abortion with a normal FSH level.",1
8b3563d5-c5c2-452b-80d2-36690cd0e46e,"A 45 year old female presented with progressive lower limb weakness, spasticity, urinary hesitancy and mid dorsal (thoracic) extra axial, dural based, intradural enhancing mass in MRI. What is the diagnosis","Thoracic spinal meningioma (intradural extramedullary, dural-based enhancing mass), the commonest in middle-aged women, causing compressive myelopathy.",1
f9931f18-cba4-45b7-bc63-b61c3b192268,A 60 yrs old male suffering from auditory hallucination says that people staying upwards are talking about him and conspiring against him. He staed getting this feeling since one month. He dropped a police complaint against them but the allegations were proved to be wrong. The diagnosis is:,Persecutory-type delusional disorder (paranoid disorder).,0.5
dd29c197-1bc6-4689-9af5-53dd4e69a803,Repeated dislocation of the condyle can be treated by intentional fracture of the zygomatic arch and reunion. This procedure is called as,Dautrey’s procedure (inferior repositioning/down-fracture of the zygomatic arch).,1
32110c5e-4af4-4cb1-b56b-0646e3d3994b,"You are the DOTS provider for a patient. He has completed his 6 months of treatment. He was sputum +ve to begin with, but after the intensive phase of treatment he became sputum -ve. He was again confirmed to be sputum negative 2 months after staing the continuation phase. This patient can be termed as:","Treatment completed — not “cured,” since there’s no documented negative sputum smear in the last month of treatment.",1
ee0a04dc-ad66-4f98-8ef6-180bed59d78f,"A-65, year old farmer presents with sweating, hypothermia and pulse rate of <50/min treatment is:","Likely organophosphate poisoning—treat urgently with IV atropine (titrate until secretions dry and HR improves) plus pralidoxime, along with decontamination and airway/oxygen support.",1
ed731fc5-1d79-4351-8f71-77a8aff8e772,"A 55-year-aged chronic alcoholic male, presented with irrelevant talks, tremor and sweating. He had his last drink 3 days back. What will the probable diagnosis?","Delirium tremens (severe alcohol withdrawal), given confusion with tremor and sweating about 3 days after cessation.",1
15a11eed-06b1-4dc8-8b10-b5707ae9a57f,Initial treatment for management of mild to moderate Crohn's disease is?,Oral budesonide (9 mg/day) is first-line for mild–moderate ileocecal Crohn’s; use sulfasalazine if disease is colonic-predominant.,1
654dcf61-58dd-423b-b5c5-dd4701cebf5e,A 20-year-old patient with urethral discharge. Possible diagnosis:,"Most likely STI-related urethritis—gonorrhea (Neisseria gonorrhoeae) or nongonococcal urethritis due to Chlamydia trachomatis; other causes include Mycoplasma genitalium, Trichomonas vaginalis, HSV, and adenovirus. Confirm with NAAT on first-void urine/urethral swab and treat empirically per guidelines.",1
5eb1ada1-6987-4378-8627-b88ae3a65510,Lead aprons of ___ mm will reduce the intensity of scattered X -rays over ____ per cent and should be worn by all workers regularly associated with X-ray procedures.,0.5 mm (lead equivalent); 90% (or more).,1
81bcea5c-6ae8-4974-9785-ec658841c9ae,"Sexually active male comes with complaints of recurrent ulcers over the glans which heals with hyperpigmentation, probable diagnosis is -","Fixed drug eruption involving the glans penis—classically recurs at the same site and heals with residual hyperpigmentation, often triggered by drugs like sulfonamides, tetracyclines, fluoroquinolones, or NSAIDs.",1
76ccd713-7819-4d84-aee9-0826dd6602ae,The threshold of Middle cerebral aery peak systolic velocity for the diagnosis of fetal anemia is a value ------ for the gestational age,Greater than 1.5 multiples of the median (MoM) for the gestational age (≈ above the 95th percentile) indicates fetal anemia.,1
6f769e62-28f3-48e9-8476-6e171abf6fbe,"A 3-week-old neonate who began vomiting 2 days after birth, usually within 30 minutes after breastfeeding. He also has abdominal distension with enlargement of liver, with jaundice. The consulting doctor did two urine dipstick test, one specific for glucose was negative, second test specific for reducing sugar was positive. What is the diagnosis?","Classic galactosemia (galactose-1-phosphate uridyltransferase deficiency). The breast milk lactose triggers vomiting, jaundice, hepatomegaly, and the urine shows reducing substances with a negative glucose dipstick.",1
1a61ac31-2a2a-49bf-b21c-b8a4dc3b4599,"A 35 year old woman with dysmenorrhea and menorrhagia of 6 months duration, showed an enlarged uterus of 20 weeks which was tender, the possible diagnosis is :","Adenomyosis (diffuse), given the dysmenorrhea, menorrhagia, and a uniformly enlarged, tender uterus.",0.5
8b53e4bd-f4fa-4100-8c4e-9c8734e9e857,"A child presents with hypochromic microcytic anemia, with normal levels of free erythrocyte protoporphyrin . The most likely diagnosis is","Thalassemia trait (most commonly beta-thalassemia minor). Normal FEP helps distinguish it from iron deficiency and lead poisoning, where FEP is elevated.",1
3c7d46b0-0513-412f-be41-62ef2f2ee337,"5-year-old child presented with wheezing, hepatosplenomegaty, eosinophilia and having puppy and hoarse voice. The diagnosis is",Visceral larva migrans (toxocariasis due to Toxocara canis) from puppy exposure.,1
4c1cf599-4f1f-43a7-92c4-1df3054fe8b1,A 20 year average weight female presented with oligomenorrhea and abnormal facial hair growth along with high serum free testosterone levels. On USG the ovaries are normal. The diagnosis :,"Polycystic ovary syndrome (PCOS) — hyperandrogenic anovulation (Rotterdam phenotype B), since she has oligomenorrhea and elevated free testosterone despite normal ovarian morphology on USG.",1
b8ea087a-9cbf-4ef1-a2ce-82948c4cdc2a,"A female child presents with developmental delay, nasal obstruction, large head and hearing effect. On examination hepatosplenomegaly was present. ECHO was suggestive of cardiac valve fibrosis. What is the likely diagnosis?","Hurler syndrome (Mucopolysaccharidosis type I) due to alpha-L-iduronidase deficiency. The features—developmental delay, coarse facies with nasal obstruction, macrocephaly, hearing loss, hepatosplenomegaly, and valvular fibrosis—are classic.",1
665b41ba-f0ea-4d7d-8aed-ac1a4e7497a6,30 years old male presents with painful flaccid bullae on right face and oral mucosa without evidence of inflammation or redness; what is the most probable diagnosis?,"Pemphigus vulgaris—an autoimmune intraepidermal blistering disorder causing flaccid bullae with prominent, painful oral mucosal involvement (often Nikolsky sign positive).",1
5c8cfafa-095c-4f4f-b434-c87c37edb733,What is the dose of niclosamide used in treatment of Taenia saginata infection in children?,Single-dose niclosamide 50 mg/kg (maximum 2 g). Practical pediatric dosing: 2–6 years 1 g once; 6–12 years 1.5 g once.,0
df16ea39-99d4-4006-bcb9-24c92c49b18f,"A baby is born after 31st gestational weeks by cesarean delivery. The child has tachypnea, nasal flaring, subcostal and intercostals retraction. Nasogastric tube was positioned without problems. Chest radiography shows bilateral, diffuse, ground-glass appearance, air bronchograms and poor lung expansion. What is the best treatment plan in the present case?","Findings are classic for neonatal RDS from surfactant deficiency: start early nasal CPAP with supplemental O2 and PEEP; if oxygen/pressure needs are significant or worsening, intubate, give intratracheal exogenous surfactant, and provide gentle mechanical ventilation with supportive care.",1
9f1f6127-0290-4316-a3d4-7cc84a44d761,A 32-year-old female is on long-term treatment for Rheumatoid ahritis. Fundus examination was done on follow up visit. What is the most probable drug responsible for this?,"Hydroxychloroquine (or chloroquine), which can cause retinal toxicity (bull’s-eye maculopathy), prompting routine fundus screening.",1
00daa54f-1ade-4556-9d38-e82b52eab672,"A 60 years old man presented with itchy tense blisters on normal looking skin and urticarial rash, investigation done for the diagnosis:",Skin biopsy with direct immunofluorescence of perilesional skin—showing linear IgG and C3 along the basement membrane—is diagnostic of bullous pemphigoid; serum ELISA for BP180/BP230 antibodies can support the diagnosis.,0.8
6e666a88-afc5-44c4-b004-77dda247a3db,40 year old male farmer who has livestock was admitted with paroxysms of cough and expectoration. Clinical examination was normal. Chest X-ray showed a large thin walled cavity containing membranes in the lower lobe of the left lung with left pleural effusion. CT scan of the chest revealed a 'water lily' sign. What is the most probable diagnosis?,"Ruptured pulmonary hydatid cyst (Echinococcus granulosus) of the left lower lobe.  
The “water lily” sign indicates detached floating membranes within a hydatid cyst.",1
a23a3f1e-5f12-44b6-a833-2a9d30151f53,"A 23 year old man comes to psychiatry outpatient due to symptoms of sleep disturbances and 'feeling low'. The symptoms staed 2 months back after he found that his girlfriend was cheating on him and was in a relationship with her boss. The patient immediately broke up with her. However since than he has been feeling sad, and repos that nothing makes him feel better anymore. The patient has stopped going to office and doesn't even come out of his room unless its absolutely necessary. He has not slept for seven days and has lost a couple of kilograms in last two months. During interview he said, 'i am a loser, my girlfriend chose a 50 year old man over me, there must be something seriously wrong with me, '. What is the diagnosis?","Major depressive disorder, single episode (severe, without psychotic features), precipitated by the breakup—he meets ≥5 SIGECAPS criteria for >2 weeks, so this is not just an adjustment disorder.",1
49fe11d4-b070-4ee9-ba0e-909dad1d38ff,"A 7 year old boy presents to the OPD with a painless limp. On examination, you observe that abduction and internal rotation of left hip are restricted. While attempting to flex the hip, the knee goes toward axilla. What is your probable diagnosis?",Legg-Calvé-Perthes disease (avascular necrosis of the femoral head) of the left hip.,0.9
6b661ec1-338e-4963-8659-76b635bb86ec,"A man presents with weakness, pain in upper

abdomen, hyperpigmentation, arthritis,

hyperglycemia and enlarged palpable liver. Most

probable diagnosis is -","Hereditary hemochromatosis (iron overload, “bronze diabetes”)—hyperpigmentation, diabetes (hyperglycemia), arthropathy, abdominal pain, and hepatomegaly fit best.",1
5526701d-6cdd-4f41-9f0d-8921e8b8cc02,"A 60-year-old man is brought to a psychiatrist with a 10-year history, that he suspects his neighbors and he feels that whenever he passes by they sneeze and plan against behind his back. He feels that his wife has been replaced by a double and calls police for help. He is quite well-groomed ale, occasionally consumes alcohol, likely diagnosis is:",Delusional disorder (persecutory type) with Capgras delusion (delusional misidentification of his wife as a “double”).,0
d096ac57-44c6-4d5d-91e9-d80e239d550e,"A patient presented with 1 cm coin lesion over right upper lobe of lung on x-ray, not suggestive of metastasis. No lymph node enlargement. FNAC reveals anenocarcinoma. The treatment is",Stage IA NSCLC: curative surgical resection—right upper lobectomy with systematic mediastinal/hilar lymph node dissection (segmentectomy only if limited pulmonary reserve).,1
0882788c-fc16-48d7-b4f1-36519ea28c12,"A 35-year-old man has had an outbreak of pruritic lesions over the extensor surfaces of the elbows and knees during the past month. He has a history of malabsorption that requires him to eat a special diet, but he has had no previous skin problems. On physical examination, the lesions are 0.4- to 0.7-cm vesicles. A 3-mm punch biopsy of one of the lesions over the elbow is performed and on microscopic examination shows the accumulation of neutrophils at the tips of dermal papillae and the formation of small blisters caused by separation at the dermo-epidermal junction. Immunofluorescence studies show granular deposits of IgA localized to tips of dermal papillae. Laboratory studies show serum antigliadin antibodies. What is the most likely diagnosis?","Dermatitis herpetiformis, classically associated with celiac disease (gluten-sensitive enteropathy).",1
8966134c-fccf-4445-b2fe-2abc7e275b0c,What should be used for the treatment of this child with intellectual disability?,"Treatment depends on the cause—please share the photo or key findings; generally use early intervention (special education, speech/OT/PT/behavioral therapy) and treat comorbidities. If a reversible cause is found, use targeted therapy (e.g., levothyroxine for congenital hypothyroidism or a low‑phenylalanine diet for PKU) under a pediatric specialist’s care.",0.8
87fc59fc-eaad-4f02-a345-633f734defdf,"14 year old girl with history of abdominal pain (periumbilical), postprandial, passing blood in stools, fever, weight loss since ten months. She also has episodes of passing blood in stools. What may be the likely diagnosis?","Inflammatory bowel disease—most likely Crohn disease—given chronic postprandial abdominal pain, fever, weight loss, and hematochezia. Confirm with stool tests, labs, and colonoscopy with biopsies.",1
4e53c279-0111-4932-b6c2-4dc378f93040,"A patient, on treatment for leukemia, develops the pain, pulmonary infiltrates and pleural effusion. The cause is -","Retinoic acid (differentiation) syndrome from all‑trans retinoic acid (ATRA) therapy in APL. It presents with fever/pain, pulmonary infiltrates, and pleural (± pericardial) effusions.",0.5
7759c382-92bd-4a47-8eaf-98e9ebdbf4b0,"6 year old drowsy child came in emergency with history of vomiting, loose motion for 3 days. On examination he had sunken eye, hypothermia, skin on pinching taken time to revert diagnosis -",Severe dehydration (WHO classification) due to acute gastroenteritis. Treat as hypovolemic shock with immediate IV fluids.,1
db4237d0-b161-4163-8ea8-6c0e09336a7d,A male 25 years old presents to the dental clinic with black spot .He also gives the history of previous dental treatments of other teeth as well . Intraoral examination reveals pit and fissure caries with 17. The alignment of the rotary instrument shank axis in this patient should be:,"Parallel to the long axis of the tooth; for a maxillary molar (17), this means a slight buccal tilt so the bur is essentially perpendicular to the occlusal table.",0.6
8fa8bce2-63ae-424a-8e98-73f4171dc577,A child after consuming food in a pay complains of diarrhoea within 1-5 hours. The diagnosis is,"Staphylococcal food poisoning due to preformed enterotoxin (Staphylococcus aureus). It typically causes abrupt symptoms within 1–6 hours, often with vomiting and sometimes diarrhea.",0.8
6b02ecb0-2630-4aff-92c5-f4c942dc2c69,"A 15 year old boy has bilateral optic atrophy, diabetes mellitus and diabetes insipidus. The diagnosis is","Wolfram syndrome (DIDMOAD) — a rare autosomal recessive disorder characterized by diabetes insipidus, diabetes mellitus, and optic atrophy (often with deafness).",1
cc3ea37d-cd44-4b3a-858d-c8e2f57503d1,A patient complains to a physician of chronic pain and tingling of the buttocks. The pain is exacerbated when the buttocks are compressed by sitting on a toilet seat or chair for long periods. No lumbar pain is noted. Pain is elicited when the physician performs Freiberg's maneuver. Most likely diagnosis?,"Piriformis syndrome (sciatic nerve entrapment by the piriformis), suggested by buttock pain/tingling worsened with sitting and a positive Freiberg maneuver (pain with forced internal rotation).",1
4663db74-7aa7-4d16-8330-0fd9a21795f7,A 9-year-old female child with history of head ache and visual disturbance. What could be possible diagnosis?,"Top considerations include migraine with aura, idiopathic intracranial hypertension (papilledema), and an intracranial mass—classically a sellar/suprasellar tumor such as craniopharyngioma. She needs urgent evaluation with fundus exam/visual fields and brain MRI.",1
871fc20c-b9d8-4c2e-b622-e45471764e3c,A 67 year old woman with a prosthetic aortic valve develops progressive anemia. Examination of a peripheral blood smear reveales reticulocytsis and schistocytes. What is the appropriate diagnosis,Mechanical intravascular hemolytic anemia (macroangiopathic hemolysis) due to the prosthetic aortic valve.,0.9
653cb244-bf85-4e3e-b526-0f097b553c36,"A patient came to eye OPD with h/o dactylitis, anemia and growth retardation. In fundus there is sea fan neovascularization and salmon patches. What is the probable diagnosis","Sickle cell disease—most likely proliferative sickle cell retinopathy (sea‑fan neovascularization and salmon‑patch hemorrhages), in a patient with dactylitis, anemia, and growth retardation.",0.95
ca7c1cf5-d7a1-418f-be96-e5644809781f,"A young male after sudden unconsciousness following an episode of seizure, on awakening, finds that both of his arms were adducted and internally rotated. The most probable diagnosis is:","Bilateral posterior shoulder dislocation. Seizures classically cause posterior dislocations, presenting with arms adducted and internally rotated.",1
7f8a9fa6-19ca-44f3-b33f-3bf046753021,"A 30 year old man has 6/5 vision each eye, unaided. His cycloplegic retinoscopy is +1.0 D sph. at 1 metre distance. His complaints are blurring of new sprint at 30 cm, that clears up in about two minutes. The most probable diagnosis is:","Accommodative infacility (accommodative inertia). The +1.0 D at 1 m retinoscopy indicates emmetropia after working-distance subtraction, and the delayed clearing of near print is classic for slow accommodation.",0.9
c83fc9a6-7710-4e63-9e38-5a284c18f89d,"A person is suffering from HIV, resident treating the
patient got needle prick what should be the immediate management/treatment taken","Immediately wash the site with soap and water (no squeezing/bleach), report the exposure, and start HIV post‑exposure prophylaxis ASAP—ideally within 1–2 hours, no later than 72 hours—e.g., tenofovir disoproxil fumarate/emtricitabine plus dolutegravir (or raltegravir) for 28 days. Obtain baseline labs (HIV Ag/Ab, HBV, HCV, renal/hepatic function), assess hepatitis B immunity and give vaccine/HBIG if needed, test the source if possible, and arrange follow‑up HIV testing (e.g., at 6 and 12 weeks).",1
b8acb241-dee2-4546-9dcc-c1fb1a848f6b,In chronic kidney disease patient endodontic treatment should be done on:,On a non‑dialysis day—ideally the day after hemodialysis—when the heparin effect has worn off and bleeding risk is lower.,1
8bebc2b7-a43d-4cd3-a8a4-3180ab11250c,A patient on treatment for leukemia develoPS chest pain pulmonary infiltrates and pleural effusion. The likely cause is,ATRA (tretinoin)–induced differentiation syndrome in APL therapy.,0.9
678f9821-2798-4626-bdee-0cb43940dbb0,"A 67 year old lady is brought in by her 6 children saying that she has gone senile. Six months after her husband's death she has become more religious, spiritual and gives lot of money in donation. She is occupied in too many activities and sleep less. She now believes that she has a goal to change the society. She does not like being brought to the hospital and is argumentative on being questioned on her doings. The diagnosis is -","Mania (bipolar affective disorder), likely a late-onset manic episode after bereavement. Features include grandiosity, decreased need for sleep, increased goal-directed activity, hyperreligiosity, and excessive spending.",0.9
85711068-fd92-480c-920e-b1a23c1db8c2,A young lady presents with white lacy lesions in oral cavity and her proximal nail fold has extended onto the nail bed. What is the likely diagnosis?,Lichen planus—oral Wickham’s striae with nail involvement causing dorsal pterygium (proximal nail fold extending onto the nail bed).,1
6889a839-aed9-4b60-9943-aaa866acf8bc,A female with 45X0 genotype has primary amenorrhoea. Most likely diagnosis is:,"Turner syndrome (45,X) — gonadal dysgenesis with streak ovaries causing primary amenorrhea.",0.5
3c87633f-c5ed-4c3d-a6f9-cd4641d919c6,A child presents with history of high fever for 4 days along with seizures. A rash develops on trunk on the day after the fever subsides. What is the most probable diagnosis?,"Roseola infantum (exanthem subitum) due to HHV‑6/7. It classically presents with high fever and possible febrile seizures, followed by a truncal rash as the fever subsides.",1
f45bf97f-a64b-477f-9c9d-b22827de138e,"A 25-year-old lady reports to you with a diffuse, non progressive and a non tender swelling of the right maxilla, approximately 2 x 1.5 cm, extending from the canine to the first molar region. The x-ray shows a ground glass appearance of the bone in the concerned area. The surgical treatment will be","Conservative cosmetic recontouring (osteoplasty/shaving) of the dysplastic maxillary bone is indicated, rather than enucleation or radical resection. Avoid radiotherapy; observe if asymptomatic.",0.85
78a2b55a-fb6d-400f-95af-874cf623fe9b,"A 6 years old child belonging to Punjabi family with past history of blood transfusions presented with hemoglobin-3.5 gm/dL, MCV-30 fL. Peripheral smear findings of microcytic hypochromic anemia with target cell and reduced osmotic fragility. The probable diagnosis of patient:","Beta-thalassemia major (Cooley’s anemia).  
Severe transfusion-dependent microcytic hypochromic anemia with target cells and reduced osmotic fragility in a Punjabi child is classic for beta-thalassemia major.",1
bf4501d5-cedf-4393-8f39-eddea780e617,"Brain injury patient in shock, emergency treatment:","Call emergency services immediately. Maintain ABCs with cervical spine immobilization, control external bleeding, give high‑flow oxygen if available, keep the patient flat with head/neck midline (do not elevate legs), keep warm, give nothing by mouth, and be ready to start CPR if breathing stops; if trained, begin IV isotonic fluids to avoid hypotension.",0.7
40fe0800-6fff-438f-bdfd-31afc1f8d151,Epley's manoeuvre is used in treatment of,"Benign paroxysmal positional vertigo (BPPV), especially posterior semicircular canal canalithiasis.",1
85cc0846-7b14-4453-b586-25ad3fe0f8e6,A 26-year-old man attends an occupational heath assessment in preparation for new employment. A 12 leads ECG is recorded as shown. He is feeling well and is experiencing no symptoms.He has no significant past medical history. Based on the ECG findings what is the most likely diagnosis?,"I need to see the ECG (or its key features like PR interval, delta waves, and ST/J-point pattern) to be sure. In asymptomatic young men, the most common incidental ECG finding is benign early repolarization.",0
200be15b-719a-4eeb-8692-56b5c9b46383,"A 9-year-old boy is brought with history of decreased urine output, cola colored urine and swelling of the face and hands, of 2 days duration. He is hypertensive, has a puffy face and pitting edema of the lower limbs. He has history of skin lesions 4 weeks earlier. A diagnosis of post streptococcal glomerulonephritis is made. ASLO titers are likely to be?","Low or normal (not significantly elevated), since ASO rises after pharyngeal infections; anti–DNase B is more likely to be elevated after skin infections causing PSGN.",0.75
5c43b1d9-5d24-49f1-bca9-0efecb0436d1,"In a well designed clinical trial of treatment of ovarian cancer, remission rate at one year is similar for a new drug and usual care, The P-value is 0.4. This means that","A P-value of 0.4 means that if there truly is no difference in remission rates, there’s a 40% chance of seeing a difference at least as large as observed just by chance. In other words, there’s no statistically significant evidence of a difference, but this does not prove the treatments are equivalent.",0.8
55363f9b-e433-498b-a405-7aace62405e5,"patient underwent LSCS post operative patient developed constipation , abdominal distention and examination showed absent bowel sound and soft in consistency .diagnosis is ?",Postoperative paralytic ileus (adynamic intestinal obstruction).,0.9
25b69ccb-be0a-4e22-90e4-c1a2a8a6cf9a,"A 38-year-old woman has had malaise and arthralgias for the past 14 months. On physical examination, she has scleral icterus and 1- to 3-cm areas of reddish-purple discoloration on her skin. Several of these areas show focal ulceration. Laboratory findings show total protein, 7.1 g/dL; albumin, 3.3 g/dL; AST, 127 U/L; ALT, 145 U/L; alkaline phosphatase, 80 U/L; total bilirubin, 4 mg/dL; and direct bilirubin, 3.1 mg/dL. Serologic test results are positive for anti-HCV and negative for anti-HBs and IgM anti-HAV. Urinalysis shows 4+ proteinuria and 1+ hematuria. CT scan of the abdomen shows a small amount of ascites, mild hepatomegaly, and no splenomegaly or lymphadenopathy. A biopsy specimen of an ulcerated skin lesion shows leukocytoclastic vasculitis involving the upper dermis. What is the most likely diagnosis?","Hepatitis C–associated mixed cryoglobulinemic vasculitis (immune complex small‑vessel leukocytoclastic vasculitis) with membranoproliferative glomerulonephritis, presenting as palpable purpura, arthralgias, and proteinuric hematuria.",0.9
34021ac6-677b-4116-a325-58ec24598baa,"A child presents with raised ICT, on CT scan a lesion is seen around foramen of Monroe and multiple periventricular calcific foci. What is the most probable diagnosis?",Subependymal giant cell astrocytoma (SEGA) associated with tuberous sclerosis—lesion at the foramen of Monro with multiple calcified periventricular nodules.,1
ae2a3d64-8a47-4b05-9ffb-de11de433278,"7 year old boy chandu presents with reccurent, scaly, hypopigmented patch on face, diagnosis is –","Pityriasis alba. It’s a common, benign eczematous condition in children causing recurrent, scaly hypopigmented facial patches.",1
b4c800cb-a4b8-4230-9afa-492070026292,"An 8-year-old girl is brought into the physician's office in mild respiratory distress. She has a history of allergies to cats and wool, and her parents state that she has recurrent episodes of upper respiratory tract infections. Physical examination shows expiratory wheezes, use of accessory respiratory muscles, and a hyperresonant chest to percussion. Analysis of arterial blood gases discloses respiratory alkalosis, and the peripheral eosinophil count is increased. What is the appropriate diagnosis?","Atopic (extrinsic) bronchial asthma—an IgE-mediated, type I hypersensitivity—presenting as an acute asthma exacerbation (early respiratory alkalosis with expiratory wheezes and eosinophilia).",0.9
ed461901-7309-4f3b-b02e-0877a0715dc0,"Give the most probable diagnosis of a 1 year. old child of normal intelligence with features of hypotonia. On examination, there are tongue fasciculations and he keeps his body in a frog-like position –","Spinal muscular atrophy (SMA), most consistent with Werdnig–Hoffmann disease (Type I)—an anterior horn cell disorder causing hypotonia, tongue fasciculations, and frog‑leg posture with normal intelligence.",1
680947ad-5ce5-4bba-bb61-474023f79317,A 77-year-old Asian woman mentions that she always develops skin abscesses and oral ulcers following minor trauma. What is the most likely diagnosis?,"Behçet disease — characterized by recurrent oral aphthae and pathergy (pustular/abscess-like lesions after minor trauma), especially in people from the Silk Road regions.",1
3384819b-2f30-400b-a837-125d38719aa4,"A 20 year old male presented with painless mass in the neck for 3 years, which has been progressively increasing in size. O/E the mass is seen just anterior and medial to the right sternocleidomastoid. The mass becomes larger and tender during upper respiratory infections. USG shows a single round cystic mass with uniform low echogenicity and lack of internal septations. CECT scan shows a homogenous mass with low accentuation centrally and smooth rim enhancement. Most probable diagnosis","Second branchial cleft cyst. The location (anterior to SCM), fluctuation with URIs, and cystic imaging with smooth rim enhancement are classic.",1
d3723cae-b809-45c4-9bcc-2328422b0eb1,The likely diagnosis in a child with limb pain and pancytopenia is –,Acute leukemia—most commonly acute lymphoblastic leukemia (ALL).,1
c82dbf26-d3b8-462b-9468-d68613ac412a,A 47 year old post menopausal lady was on adjuvant hormonal treatment with Tamoxifen for 3 years for Carcinoma Breast. She came to Outpatient Department with history of passing blood clots per vagina. She is probably suffering from:,"Endometrial carcinoma due to tamoxifen’s estrogenic effect on the endometrium, presenting as postmenopausal bleeding.",0.8
f4317934-68e1-4067-b6dc-a9955c6588de,"A 54 yr old smoker man comes with fever, hemoptysis. weight loss and oligo ahritis. Serial skiagram shows fleeting opacities. What is the diagnosis aEUR'",Granulomatosis with polyangiitis (Wegener’s) — a small‑vessel vasculitis causing pulmonary hemorrhage with fleeting infiltrates and systemic features like weight loss and arthritis.,1
8ee07e98-2d45-4ed0-ac36-19d20f1b290d,"A 2 month old infant is presented with failure to thrive, recurrent emesis, hepatosplenomegaly, and adrenal insufficiency. Adrenal calcification is noted radiologically. What is the most likely diagnosis?","Wolman disease (infantile lysosomal acid lipase deficiency).  
The combination of failure to thrive, vomiting, hepatosplenomegaly, adrenal insufficiency, and adrenal calcifications is classic.",1
4411d804-6420-44e5-9a63-76911f530562,A child was brought to OPD with red follicular hyperkeratotic papules over knee.These are areas of normal skin in between.The child also has thickening of palms & soles.The most likely diagnosis is,"Pityriasis rubra pilaris (juvenile type), characterized by follicular hyperkeratosis with “islands of sparing” and palmoplantar keratoderma.",1
7b056c59-cca5-4d21-9b11-f9a80e09cd71,"A 6 yr old child with a history of bih asphyxia does not communicate well, has slow mental and physical growth, does not mix with people, has limited interests and gets wildly agitated if disturbed. What is the MOST likely diagnosis of this child?","Autism spectrum disorder (classic childhood autism), likely with co‑occurring intellectual disability. The features—poor social interaction/communication, restricted interests, and agitation with change—are characteristic.",1
717e80f5-744d-4c92-961b-a16bd6891a19,"An 18 year old male presents to OPD with pain in lower right tooth region with no remarkable medical history. On intraoral examination, teeth are not carious and respond normally to vitality test. Radiographic examination reveals well-defined multilocular radiolucency with scalloping around the root of 43. What is the most probable diagnosis?","Traumatic (simple) bone cyst—an idiopathic bone cavity showing scalloped, multilocular-appearing radiolucency around roots of vital teeth.",0.9
9dfe13f9-7001-4fe1-af82-e590ee5b4fc7,"A 3-year-old child with delayed speech development, prefers to play alone and is not making friends. The likely diagnosis is","Autism spectrum disorder (childhood autism), given delayed speech and impaired social interaction/solitary play.",1
45d55ea3-7975-4e9b-af5d-b3399c539e0e,"2 months old child having birth weight 2kg, with poor feeding, very sleepy and wheezing. The diagnosis is -","Acute bronchiolitis (likely RSV) is the most likely diagnosis. Given the poor feeding and lethargy at 2 months, this warrants urgent hospital evaluation.",0.3
eb6dbaa7-ae78-445d-bf98-13f833983e0c,A patient presented with local gigantism of the leg and increased pulsations of the lower limb veins. Most probable diagnosis is,Parkes-Weber syndrome (congenital arteriovenous malformations/AV fistulas) causing limb overgrowth with pulsatile varicosities.,0.8
44089053-e052-49d6-abde-58cc2b389bee,"A 70-year-old man presents with h/o prosopagnosia, loss of memory, 3rd person hallucinations since 1 month. On examination deep tendon reflexes are increased, mini-mental examination score is 20/30. What is most likely diagnosis?","Creutzfeldt–Jakob disease (prion disease), likely the Heidenhain variant given the rapid decline with prosopagnosia, hallucinations, and pyramidal signs.",0.3
1d637ef7-069f-41ee-95a6-6f136d264aa0,A 27-year-old female came for treatment of infertility to OPD; bromocriptine was prescribed. What could be the possible reason?,"Likely hyperprolactinemia (e.g., a prolactinoma) causing anovulatory infertility. Bromocriptine, a dopamine D2 agonist, lowers prolactin to restore ovulation and fertility.",1
637670f7-d970-4549-8e2d-90cb5119a13e,"A patient put on ventilator shows a reading of ABG analysis as | PaCO2, Normal PaO2 and pH 7.5, what is the likely diagnosis?",Acute respiratory alkalosis from iatrogenic hyperventilation on the ventilator (low PaCO2 with normal PaO2).,0.9
8e499cc8-3e71-4323-bbd5-93ed309c58dc,"A 31-year-old male was brought to the emergency room by a colleague after having a seizure at work. The colleague repoed that over last 6 months the man would frequently come late to office and was given warnings for the same reason.The colleague also stated that he would often come to office after consuming alcohol, was seen with clenched fists and grinding his teeth most of the time and was once caught by boss while he was using alcohol in office. Patients mother had expired two days back, and he was in his house for last two days and had just joined the office today. What is the likely diagnosis","Alcohol withdrawal seizure (rum fits), occurring about 6–48 hours after abrupt cessation in a chronic heavy drinker.",0.9
6dc070f5-ddd0-4c8f-947d-fe13c122aeef,"A young boy presented to OPD with multiple shiny pinhead size white papules over dorsum of head, forearm and penis. What would be the diagnosis?","Lichen nitidus. It presents in children as multiple, tiny, shiny, flat-topped flesh-colored to white papules, often on the forearms, dorsum of hands, and genitalia (penis).",1
3c860ea8-ae63-4bad-9032-90a0c570bb2c,"A 60-year-old male presents with coloured halos. On Fincham&;s test, the halos split and then reunite. The most probable diagnosis is","Immature (incipient) senile cataract.  
On Fincham’s test, cataract halos split and rejoin, unlike the fixed halos of corneal edema/angle-closure glaucoma.",1
d2982f86-756b-4900-b101-e28f20ac8d7e,"A 5-year-old woman presents with dry cough and progressive breathlessness of two years duration. Examination reveals clubbing, cyanosis and bibasilar crepts. What is the probable diagnosis -","Idiopathic pulmonary fibrosis (cryptogenic fibrosing alveolitis), an interstitial lung disease characterized by progressive dyspnea, dry cough, clubbing, cyanosis, and bibasilar “Velcro” crackles.",0.5
311cdecb-0f7a-4062-98d3-1f8717748201,"An 8-year-old girl is brought into the physician's office in mild respiratory distress. She has a history of allergies to cats and wool, and her parents state that she has recurrent episodes of upper respiratory tract infections. Physical examination shows expiratory wheezes, use of accessory respiratory muscles and a hyperresonant chest to percussion. Analysis of aerial blood gases discloses respiratory alkalosis and theperipheral eosinophil count is increased. What is the appropriate diagnosis?",Atopic (extrinsic) bronchial asthma due to IgE-mediated hypersensitivity.,0.9
bc267e20-5399-49e3-99a0-eb2a5df875ae,30-year-old female c/o right hypochondrial pain- On CT floating membranes are seen in liver- diagnosis,Hepatic hydatid cyst (echinococcosis) — the floating membranes represent the detached endocyst (“water-lily sign”).,1
a30ef1a8-2434-4555-8e3c-940b50b46781,"This patient, previously healthy, came now with dyspnoea and low grade fever since 4 months. His lungs are clear. JVP is normal. ECG showed low voltage complexes. What is the possible diagnosis?","Pericardial effusion—likely tuberculous pericarditis—given chronic dyspnea with low‑grade fever, clear lungs, and low‑voltage ECG complexes.",0.95
2153cd41-c77c-4320-a03f-b9f048463369,A patient presents with unilateral painful ophthalmoplegia. Imaging revealed an enlargement of cavernous sinus on the affected side. The likely diagnosis is:,Tolosa–Hunt syndrome. It’s an idiopathic granulomatous inflammation of the cavernous sinus causing unilateral painful ophthalmoplegia with cavernous sinus enlargement on imaging.,1
98eec545-7c9f-4284-9d50-c9a52105497e,A 25-year-old female presents with progressive dyspnea for one year. CXR shows interstitial opacities and spirometry shows an obstructive pattern. What is the diagnosis?,Lymphangioleiomyomatosis (LAM) — a cystic interstitial lung disease in young women that presents with progressive dyspnea and obstructive spirometry.,0.9
98944f7a-ec81-4040-b6fb-618ba132085d,What is the treatment for primary grade 5   vericoureteric reflux  involving both kidney in a 8 months old boy is,"Initial management is continuous antibiotic prophylaxis. Definitive treatment is bilateral ureteric reimplantation (ureteroneocystostomy), often with ureteral tapering in grossly dilated ureters.",0.5
5f37ba67-2289-410c-b471-c35d4097650b,A 5 years old child presents with perivascular IgA deposition and neutrophilic collection. There is erythematous rash on the lower limb and non blanching purpura. Probable diagnosis is:,"IgA vasculitis (Henoch–Schönlein purpura), a small-vessel leukocytoclastic vasculitis with IgA deposition causing palpable purpura on the lower limbs.",0.9
536fc2cf-ebdc-471c-a07a-e5739f330eb8,"A 30-year-old male, Kallu, with a history of sexual exposure comes with a painless indurated ulcer over the penis with eveed margins. The diagnosis is",Primary syphilis (hard chancre).,0.9
fb38bd7e-5c1c-4c72-9dab-57529d3dd7b9,A 20-year-old female from Uttar Pradesh presents with nasal obstruction and crusting of nose. Examination revealed an infiltrating lesion involving the nasal vestibule and upper lip with broadening of nasal dorsum. Likely diagnosis is:,"Rhinoscleroma (scleroma) due to Klebsiella rhinoscleromatis. It causes woody infiltration of the nasal vestibule and upper lip with broadening of the nasal dorsum, common in North India.",1
39cc2243-9a92-45f0-a941-eb601a8af451,A 50 year old male presented with recurrent bloody diarrhea. Colonoscopy showed geographical ulcers. Histopathology is shown below. What is your diagnosis?,Amoebic colitis due to Entamoeba histolytica. The “geographical” (flask-shaped) ulcers with trophozoites containing ingested RBCs on histology are characteristic.,0
ef20580f-461a-41cb-af4d-9c232907e409,"A coin is loaded in the esophagus of an asymptomatic 3 years female child, treatment is:","Asymptomatic esophageal coin in a 3‑year‑old can be observed for up to 12–24 hours with repeat X‑ray to see if it passes into the stomach. If it remains in the esophagus or symptoms develop, remove urgently via endoscopy (within 24 hours).",0.5
01ddc7d4-8bd8-4ab5-85a8-2ea6498a9ac4,A 40-year-old female patient presented with dysphagia to both liquids and solids and regurgitation for 3 months. The dysphagia was non-progressive. What is the most likely diagnosis?,Achalasia cardia—an esophageal motility disorder causing dysphagia to both liquids and solids with regurgitation due to failure of LES relaxation.,1
33019825-a1b2-4fe4-8b60-c24b9f890123,"A 4–year–old child is admitted with fever, non–purulent conjunctivitis, rashes, cervical lymphadenopthy, hepatomegaly and desquamation of fingers and toes. Echocardiography shows coronary artery aneurysm. What is the most likely diagnosis ?","Kawasaki disease (mucocutaneous lymph node syndrome). The constellation of fever, non-purulent conjunctivitis, rash, lymphadenopathy, desquamation, and coronary artery aneurysm is classic.",1
9fbb02d6-25d7-4027-b762-fcb6441b6f15,A 50-year-old man had drinks followed by a heavy dinner. He had severe vomiting and chest pain and collapsed. X-ray of chest showed hydropneumothorax. The likely diagnosis is:,"Boerhaave syndrome—spontaneous esophageal rupture after forceful vomiting, causing a left-sided hydropneumothorax.",1
6a4df828-83d9-427e-a338-6b03db8b8f93,A thiy-year-old male presents to the Emergency Depament with symptoms of epigastric pain radiating to back that wakes him up at night and is relieved by consuming food. He gives a history of similar pain in the past which was diagnosed as perforated duodenal ulcer and treated with omental patch surgery on two occasions. Pain before and after surgery has been controlled with proton pump inhibitors and analgesics. The likely diagnosis on this occasion is,Zollinger–Ellison syndrome (gastrinoma) causing recurrent duodenal ulcer disease.,0.5
5c1f2183-4eb5-4fab-a131-974eefdaedd5,A patient presents with hypeension and hypokalemia. CT abdomen was performed. What is the diagnosis?,Primary hyperaldosteronism (Conn syndrome) due to an aldosterone‑producing adrenal adenoma.,1
2c494ffd-f802-4081-8a0b-4ed1ac1200b2,"A 15 year old boy presented with multiple hypoaesthetic macules with sloping edge, seen on the face, trunk and arms. Histopathologic examination of lesion shows numerous bacilli and granulomatous infiltration. What is your diagnosis?",Borderline lepromatous leprosy (multibacillary Hansen’s disease).,0.9
799f5cf7-2804-4395-9540-922089158b80,"Kallu a 22 years old male suffers from decreased sleep, increased sexual activity, excitement and spending excessive money for last 8 days. The diagnosis is:","Manic episode (bipolar disorder), given ≥7 days of elevated/expansive mood with decreased need for sleep, increased sexuality, and excessive spending.",0.5
a2ac72fd-6d3c-44e9-aeba-54c0c5b43849,"A two-month-old infant is brought to the hospital emergency with marked respiratory distress. On examination, the infant has cyanosis and bilateral crepitations. Heart rate is 180/min, respiratory rate 56/min and the liver span 7.5 cm. The child has had repeated episodes of fever, cough and respiratory distress since the time of birth. Cardiovascular examination reveals a grade III ejection systolic murmur in left parasternal area and the chest X-ray reveals cardiomegaly with a narrow base and plethoric lung fields. What is the most likely diagnosis?","Transposition of the great arteries (d-TGA), likely with an associated VSD given the murmur, causing heart failure with cardiomegaly, a narrow mediastinum (“egg-on-a-string”), and plethoric lungs.",1
b0500326-7315-42c7-b50f-bfb80696691d,"A 10-year-old boy was admitted to the ward with complaints of fever for 2 weeks duration. After admission his fever pattern is recorded (shown below). In addition, he has ahritis and hepatosplenomegaly. What is the likely diagnosis?","Systemic-onset juvenile idiopathic arthritis (Still’s disease), characterized by quotidian spiking fevers with arthritis and hepatosplenomegaly.",1
66df7f5e-a9a5-4bf7-b5ea-cfc52e3e40e2,A 56 year old woman has not passed stools for the last 14 days. Xray shows no air fluid levels. Probable diagnosis is :,"Fecal impaction (severe constipation), rather than mechanical intestinal obstruction. The absence of air–fluid levels on X-ray argues against obstruction.",0.5
5432c783-52d9-4918-a197-fda8301d051b,26 yr old male presents with painless swelling over umbilicus). What is the most probable diagnosis?,Paraumbilical (adult umbilical) hernia.,1
c6b6c019-a397-4140-bf8f-a7e3a7087d70,A 17-year-old boy presents with chronic low back pain and stiffness for the past 8 months. He denies any GIT or genital infections. His temp is 98.6 F. Lab investigation shows normal ESR and negative RA factor. X-ray films of the veebral column show flattening of the lumbar curve and subchondral bone erosion involving the sacroiliac joints. Most likely diagnosis?,Ankylosing spondylitis—a seronegative spondyloarthropathy—given chronic inflammatory back pain in a young male with sacroiliac joint erosion and loss of lumbar lordosis and negative RF.,1
60ffa584-9fc1-4006-99ba-e4f955f3135a,A 30 year old female presents with history of itching under right breast. On examination annular ring lesion was present under the breast. The diagnosis is –,Tinea corporis (ringworm) involving the inframammary area.,0.5
ad9f5fd9-e693-4ee9-a5d4-040833ac8bd7,A young boy 18 years of age presents with Pain in groin for 2 days. On examination the testis seems high and cremasteric reflex is absent. Elevation of testis worsens the pain. The probable diagnosis is:,"Acute testicular torsion. The high-riding testis, absent cremasteric reflex, and pain worsening with elevation (negative Prehn sign) are classic; this is a surgical emergency.",0.95
8da5880c-2530-4c5b-a82a-394aa9b835d8,A 23 year old patient has fever with chills and headache since 7-8 days. Patient gives history of purulent are discharge on and off. He has retro-orbital pain. On examination he has mild ptosis. What is the likely diagnosis?,"Cavernous sinus thrombosis (otogenic), given fever, retro-orbital pain, and ptosis in the setting of purulent ear discharge.",0.5
2e136b6e-af1f-4795-bcdd-b43d60321de6,A 25 year old male presents with multiple erythematous annular plaques with peripheral collarette of scales arranged predominantly over trunk. What is the most probable diagnosis?,Pityriasis rosea.,1
96d84a96-5cb1-4f8b-bb49-e0cee3ceefea,"A sprightly 82 year old woman with a past history of a small hiatus hernia is recently diagnosed with osteoporosis and started on appropriate treatment. Three months later she complains to her family physician during a routine visit of progressive dysphagia to solids, especially to meat. The family physician notes
that she has lost 3 kg in weight although she retains a good appetite. She has no other symptoms and clinical examination is otherwise unremarkable. What is the most likely explanation?","Bisphosphonate-induced esophageal injury (e.g., alendronate) causing ulceration/stricture is most likely, given the timing after starting osteoporosis therapy and her hiatus hernia. These drugs can lead to progressive solid dysphagia and weight loss if not taken upright with plenty of water.",0.9
117a0560-a8ea-40f9-9a23-f5f068296fbc,A 3 year old child presents with normal development milestones except delayed speech and poor concentration. He has difficulty in communication and relating to others and also difficulty in making friends but plays with himself. The likely diagnosis is:,"Autism spectrum disorder (childhood autism). The combination of delayed speech, poor social reciprocity, difficulty making friends, and preference for solitary play fits ASD rather than Asperger’s (which lacks language delay).",1
a4130bdc-eba1-483e-9bdf-c5f6067ff468,"A 28-year-old G0, LMP 1 week ago, presents to your gynecology clinic complaining of a mass in her left breast that she discovered on a routine breast self-exam in the shower. When you perform a breast exam on her, you palpate a 2-cm firm, nontender mass in the upper inner quadrant of the left breast that is well circumscribed and mobile. You do not detect any skin changes, nipple discharge, or lymphadenopathy. What is this patient's most likely diagnosis?","Fibroadenoma of the breast—a benign, well-circumscribed, firm, mobile mass typical in women in their 20s.",1
05401516-f705-43d7-8663-a3f118394da4,A patient presented with gradually progressive painless mass since 10 yrs. It is firm to nodular & variable in consistency at each site. Most probable diagnosis is?,"Pleomorphic adenoma (benign mixed tumor) of the salivary gland, most commonly the parotid. It typically presents as a slow-growing, painless, firm, nodular mass with variable consistency.",1
5f8ed029-84f9-4ec8-8874-b15961d134d5,"An infant has hepatorenomegaly, hypoglycemia hyperlipidemia, acidosis & normal structured glycogen deposition in liver. What is the diagnosis:",Glycogen storage disease type I (Von Gierke disease) due to glucose‑6‑phosphatase deficiency.,1
c4e948f5-e343-4847-99b0-833cfc920b51,25 years old female has palatal ulcer and skin blister most likely diagnosis is-,"Pemphigus vulgaris. Painful oral (palatal) ulcers with skin blisters in a young adult strongly suggest this mucocutaneous autoimmune blistering disease (anti-desmoglein, often Nikolsky positive).",1
0bb4a7e5-669e-46b1-8d34-8b0b7037a477,A patient presented with unilateral proptosis which was compressible and increases on bending forward. No thrill or bruit was present. MRI shows a retroorbital mass with enhancement. The likely diagnosis is-,"Orbital venous varix (distensible venous malformation), given the compressible proptosis that increases on dependency/Valsalva without thrill or bruit.",1
b9eaa8d0-c04a-47d2-bec9-fad64570d01e,A 12 years old child presenting with painless neck swelling in supraclavicular region which staed discharging after few days. The most probable diagnosis?,Tuberculous cervical lymphadenitis with a cold abscess draining through a sinus (scrofuloderma).,0.5
b2ede6a0-22d4-48d8-ba09-8de3b6eaa287,"A middle aged man complains of upper abdominal pain after a heavy meal. There is tenderness in the upper abdomen and on X-ray, widening of the mediastinum is seen with pneumo-mediastinum. What is the diagnosis?",Boerhaave syndrome — spontaneous esophageal rupture leading to pneumomediastinum and mediastinal widening after a heavy meal (often following forceful vomiting).,1
0e6c06a9-b6a9-4026-9867-d92c0f1396f1,A 5 day old child presents with intractable seizures. He had rashes all over the body. Blood examination showed hyperammonemia and lactic acidosis. The probable diagnosis is -,"Neonatal multiple carboxylase deficiency (holocarboxylase synthetase deficiency)—a biotin‑responsive disorder causing rash, intractable seizures, lactic acidosis, and hyperammonemia.",0.5
0ba3932a-a8be-484c-809f-7e72fa31b880,"A 30-year old female complains of lower abdominal pain and purulent vaginal discharge. Her pulse rate is 98/min, temperature is 101oF, WBC and ESR are raised. Per vaginal examination reveals lower abdominal tenderness and cervical motion tenderness. What is the best treatment option for her?","Acute pelvic inflammatory disease: give empiric broad-spectrum antibiotics—ceftriaxone 500 mg IM once (1 g if ≥150 kg) plus doxycycline 100 mg PO bid for 14 days plus metronidazole 500 mg PO bid. Hospitalize for IV therapy if severe/pregnant/unable to tolerate PO, and ensure partner treatment and abstinence until completion.",1
ee0067d6-ad98-49ea-9618-668b7b440109,A 7 year old boy with boggy swelling of the scalp with multiple discharging sinuses with cervical lymphadenopathy with easily pluckable hair. What would be done for diagnosis –,Perform a 10–20% KOH mount of epilated hairs/scalp scales to demonstrate dermatophytes and confirm with fungal culture on Sabouraud dextrose agar; Wood’s lamp examination (green fluorescence with some Microsporum species) can be supportive.,1
ddf40ec2-3b9a-433b-88fb-ba0afed5ccc1,"A patient with sinus infection develops chemosis,B/L proptosis and fever, the diagnosis goes in or of:","Cavernous sinus thrombosis. The combination of sinus infection with fever, chemosis, and bilateral proptosis is classic and requires urgent treatment.",1
231731aa-d3f8-4115-bff1-3aa5e7527eee,The drug used in coronary aery stenosis during Angio procedure?,"Intracoronary nitroglycerin is used to relieve spasm and clarify true stenosis during coronary angiography. If spasm persists, intracoronary calcium-channel blockers (e.g., verapamil or nicardipine) can be given.",0.1
6678db04-ec27-44f1-a90b-f709893acc5c,A 5-year old child presents with perivascul a r IgA deposition and neutrophilic. collection. There is erythematous rash on the lower limb and non-blanching purpura. Probable diagnosis is ?,"Henoch–Schönlein purpura (IgA vasculitis), a small‑vessel leukocytoclastic vasculitis with perivascular IgA deposition causing palpable, non‑blanching purpura on the legs.",1
afab8b99-0bcb-430c-95ea-022f7dc0f49d,A 6-day old newborn infant develops Ketonuria seizures and hypoglycemia. The likely diagnosis is,"Maple syrup urine disease — a branched-chain ketoacid dehydrogenase deficiency causing early neonatal ketoacidosis/ketonuria, seizures, and hypoglycemia.",0.5
01821eef-25d9-417d-8961-5d9417061133,"A 2O year-old woman presents with bilateral conductive deafness, palpable purpura on the legs and hemoptysis. Radiograph of the chest shows a thin-walled cavity in left lower zone. Investigations reveal total leukocyte count 12,000/mm red cell casts in the urine and 12,000/mm serum creatinine 3 ing/dL .What is the most probable diagnosis?","Granulomatosis with polyangiitis (Wegener’s). The triad of ENT involvement (conductive hearing loss), cavitating lung lesions with hemoptysis, and rapidly progressive glomerulonephritis (red cell casts, ↑creatinine) is classic, typically c‑ANCA (PR3) positive.",1
f9d53aa0-dd3d-4b66-a9b1-0155070fdd04,"A 75-year-old male patient is accompanied by his wife.The patient's wife is concerned that since staing some new medications for his Parkinson's disease, he has staed acting differently. She repos that since staing the new medication he has staed gambling and making inappropriate sexual comments to the cleaning maid. Which medication is likely to be responsible for this new behaviour?","Pramipexole (a dopamine agonist) is most likely, as these agents commonly cause impulse-control disorders like gambling and hypersexuality.",0.5
945521d1-364a-4d53-9704-4d96c3d3e364,A 7 yr patient came to opd with nodule on conjunctiva. He has history of taking TB treatment in the past. The nodule with has now encroached the limbus. What is the possible diagnosis.,"Phlyctenular keratoconjunctivitis (phlycten), a Type IV hypersensitivity reaction to tubercular antigens, causing a nodular lesion at or near the limbus that can extend onto the cornea.",0.95
b039012d-ccf9-4712-a45a-27772fd52c8f,"A 60-year-old patient came with 4 episodes of massive bleeding per rectum. On examination the abdomen is soft and there is no tenderness, with bowel sounds being normal. The most likely diagnosis is","Diverticular hemorrhage from colonic diverticulosis—classically a massive, painless lower GI bleed in older adults.",0.5
f36b4e6a-3401-40e9-9257-f9e2f6ae9fc9,X-ray spine of a child is shown. What is the probable diagnosis?,"I can’t see the X‑ray you mentioned; please upload it or describe the key features (e.g., vertebra plana, anterior beaking, hemivertebra, pars defect/spondylolisthesis, platyspondyly) so I can suggest the most likely diagnosis.",0
d46952e8-622e-46bb-8adf-1c4bdd60e6f0,21 year old man presented with shoulder pain after falling off his bike. What is your diagnosis?,"Most likely injuries after a bike fall are an anterior shoulder dislocation or an acromioclavicular (AC) joint/clavicle injury; diagnosis requires exam and shoulder X‑rays. If there’s deformity, numbness, or inability to move the arm, seek urgent care.",0.8
46572317-90b7-4c54-985a-0ad2d194dcf6,9 year old female child with history of head ache and visual disturbance.  What could be your possible diagnosis?,"Possible causes include pediatric migraine (often with visual aura), idiopathic intracranial hypertension, intracranial mass/hydrocephalus with raised intracranial pressure, optic neuritis, or significant refractive/ocular disease (less often seizures or hypertension). Because headache with visual symptoms can signal increased intracranial pressure, she needs prompt neuro-ophthalmic evaluation for papilledema and consideration of brain imaging if red flags (morning/worsening headaches, vomiting, diplopia, focal deficits, behavior change) are present.",0.5
b8b804d3-bb2d-4870-9f81-7d66dd73959a,Type 1 diabetes mellitus patient presents with nasal septal and palatal perforation with brownish black nasal discharge probable diagnosis is:,"Rhino-orbito-cerebral mucormycosis (invasive fungal sinusitis) — a necrotizing fungal infection classically seen in diabetics, causing black eschar with septal and palatal perforation.",1
29ddf07f-ff3d-483b-b86e-1b9d69a94e66,"A 35-year-old man presents with daily headache. He describes two attacks per day over the last 3 weeks. Each attack lasts about an hour and awakens him from sleep. The patient has noticed associated tearingand reddening of the right eye as well as nasal stuffness. The pain's deep, excruciating, and limiting to the right side of the head. The neurological examination is normal. What is the most likely diagnosis ?","Cluster headache — a trigeminal autonomic cephalalgia characterized by severe unilateral periorbital pain with ipsilateral tearing/conjunctival injection and nasal congestion, often occurring nocturnally in clusters.",1
bb4f6c9e-e943-4eed-8c8a-16d5637d9efb,"A young 8-year old boy presents with multiple discrete, shiny, pin-head papules on dorsal aspect of hand, forearms and shaft of penis. The diagnosis is:","Lichen nitidus.  
Tiny, discrete, shiny “pinhead” papules on forearms/dorsal hands and genitalia in a child are classic for this benign condition.",1
3d6d5600-8b85-401b-9693-b624111a4db1,A 15 year old boy had 10-12 paial complex seizures per day in spite of adequate 4 drug antiepileptic regime. He had history of repeated high grade fever in childhood. MRI for epilepsy protocol revealed normal brain scan. What should be the best non-invasive strategy to make a definite diagnosis so that he can be prepared to undergo epilepsy surgery.,"Prolonged video‑EEG telemetry with ictal SPECT (SISCOM) to localize the epileptogenic zone is the best non‑invasive strategy in MRI‑negative, drug‑resistant focal epilepsy to prepare for surgery.",0.9
fb804e8c-8a10-49e7-a558-2eaf9f829c87,A 30 year old lady with fever and pain in right hypochondrium with breath catch up upon palpation. Clinical diagnosis:,"Acute cholecystitis (positive Murphy’s sign), most likely due to gallstones.",1
a2279d80-14bb-4fb0-834d-4832fb7a139c,23-year-old lady Sony develops brown macular lesions over the bridge of nose and cheek following exposure to light. The probable diagnosis is –,"Melasma (chloasma) — a symmetric, light-induced hyperpigmentation over the malar area and bridge of the nose.",0.5
5ebcdf33-c63b-402d-a198-eabd5a9ec973,A 16 year old girl who was sexually abused has no recollection for the event and is not able to remember anything despite her best effos. What is the diagnosis-,Dissociative (psychogenic) amnesia—specifically localized amnesia for the traumatic event.,1
b710eccd-1457-4a05-aacd-da390283da29,A patient develops hypoglycemia. He was on insulin and acarbose. For treatment of above what is to be given?,"Give glucose (dextrose) rather than sucrose, since acarbose blocks sucrose breakdown; if severe or unconscious, give IV dextrose (or glucagon).",1
806ec4d6-0766-48c9-bd1d-55b70fdf08e8,A 28 years old lady with bilateral buccal reticulate white streak. Pain increases on intake of spicy food intake and patient gives no h/o tobacco but shows amalgam on 3rd molar. What is the diagnosis?,"Oral lichen planus, reticular type (Wickham’s striae), given the bilateral buccal interlacing white streaks and sensitivity to spicy foods.",0.9
fff7b566-212c-48d5-9e20-9e5b4cf634bb,"A 30 year old lady do sudden onset breathlessness, anxiety, palpitation & feeling of impending doom. Physical examination is normal. What is the diagnosis -","Panic attack (acute anxiety/hyperventilation syndrome), given sudden dyspnea, palpitations, and a sense of impending doom with a normal exam.",1
eb526edb-77ba-4c06-abcc-6ca1c0befe66,"A 22-year-old woman is diagnosed with bipolar disorder. Over the next year, she develops neurologic manifestations that include resting and intention tremors, rigidity, chorea, dysphagia, and dysarthria. On physical examination, she has bilateral Babinski signs. There are ring-like deposits of green material involving the cornea bilaterally, but her vision is not decreased. One year later, she has an illness that lasts 3 weeks, with nausea, vomiting, and malaise and scleral icterus. Laboratory findings include serum AST, 100 U/L; ALT, 122 U/L; alkaline phosphatase, 105 U/L; total bilirubin, 4.5 mg/ dL; glucose, 77 mg/dL; and creatinine, 0.9 mg/dL. Serologic test results for hepatitis A, B, and C are negative. This episode subsides without treatment, but she eventually develops cirrhosis. A mutation in a gene encoding for what substance is most likely to be present in this woman?","ATP7B, the hepatocellular copper‑transporting P-type ATPase that incorporates copper into ceruloplasmin and mediates biliary copper excretion (Wilson disease).",1
4aa0bfa2-4dd1-4cd0-aa89-284ce4a9da65,A child complains of fluid coming out of umbilicus on straining. What is the diagnosis?,"Patent urachus (urachal fistula) — persistent urachal tract causing urine to leak from the umbilicus, especially with straining/crying.",1
d8427815-4ccd-401e-87c6-50475c1c06d0,"A child presents with a white patch over the tonsils, diagnosis is best made by culture in",Löffler’s serum slope (with selective potassium tellurite/Tinsdale agar for confirmation) for suspected diphtheria.,0.5
98c15fba-9e97-4483-bcaa-250ea47b933f,"A five-year-old boy with coarse facial features, mental retardation, dysostosis multiplex. Corneal clouding was not present. What is the diagnosis:","Hunter syndrome (MPS II) — X-linked iduronate-2-sulfatase deficiency, characterized by coarse facies and dysostosis multiplex without corneal clouding (unlike Hurler).",1
cf39be9b-6b2c-4e6e-b57b-73a9e49d8e5d,"Young famale presents with myalgia fever, headache, diarrhoea and an erythematous rash which first appeared in the groin. Most likely diagnosis is-","Toxic shock syndrome (staphylococcal, classically menstrual), presenting with acute fever, myalgia, headache, diarrhea, and a diffuse erythematous “sunburn-like” rash that often begins in the groin/axillae.",1
e2541c1b-23f9-478f-b993-446f24cf3fac,"A 35 - year old male develops involvements of PIP, DIP and metacarpophalangeal joints with sparing of wrist and carpometacarpal joints. The probable diagnosis is:",Psoriatic arthritis—DIP involvement with concurrent PIP/MCP disease and sparing of the wrist/CMC joints is characteristic.,0.5
e367e44b-5012-4347-8869-76819615efff,"A 30-year-old man is brought to the emergency department following a high-speed car accident. He was the driver, and the windshield of the car was broken. On examination, he is alert, awake, oriented, and in no respiratory distress. He is unable to move any of his four extremities; however, his extremities are warm and pink. His vital signs on admission are HR 54 bpm and BP 70/40 mm Hg. What is the diagnosis?","Neurogenic shock from an acute high cervical spinal cord injury. The hypotension with bradycardia and warm, pink extremities after trauma indicates loss of sympathetic tone.",0.95
01c3f2ff-a84a-4176-b864-173efe534001,"A 45 year old lady presents with normal PT and increased aPTT. About 2 years ago, she was operated for cholecystectomy & did not have any bleeding episode. What is next investigation for clinical diagnosis?","Order an aPTT mixing study. If it fails to correct, confirm lupus anticoagulant with dilute Russell viper venom time (dRVVT)/anticardiolipin testing.",0.8
1076e84e-3ac0-4a15-a845-f77bde94b7aa,"3 year old child come in ER with H/o vomiting, loose watey motion for 3 days. on examination, child was drowsy, sunken eye. Hypothermia and skin pinch take time to reve back, diagnosis?","Severe dehydration due to acute gastroenteritis (WHO severe dehydration: lethargy/drowsiness, sunken eyes, very slow skin pinch), with risk of hypovolemic shock.",0.7
90081c38-c489-4302-8c55-c35abc323a1b,"A 30 year old man who was recently started on haloperidol 30mg/day developed hyperpyrexia, muscle rigidity, akinesia, mutism, sweating, tachycardia and increased blood pressure. The investigations showed increased WBC count, increased creatinine phosphokinase. There is no history of any other drug intake or any signs of infection. The most likely diagnosis -","Neuroleptic malignant syndrome (NMS) due to haloperidol, characterized by hyperthermia, “lead-pipe” rigidity, autonomic instability, elevated CPK, and leukocytosis.",1
a85d12ac-e8ae-45e6-af47-234800443ffb,"A 50 year old male presents with painupper abdomen, pruzitus, jaundice and weight loos, elevated ANA, the likely diagnosis is","Primary sclerosing cholangitis—cholestatic symptoms (pruritus, jaundice), weight loss, RUQ pain, and autoimmune markers (ANA) in a middle‑aged man fit best. Confirm with cholestatic LFTs and MRCP/ERCP.",1
458112ab-1399-4bc7-bed5-def958c1d4bf,"A young lady presents with lacy lesions in oral cavity and genitals, and her proximal nail fold has extended onto the nail bed. What is the likely diagnosis",Mucocutaneous lichen planus. The lacy oral/genital lesions (Wickham striae) with dorsal pterygium of the nail are classic.,0.75
2bbd43a8-2862-4278-930d-a831285ec3b0,"A 15 year old boy was brought the child psychiatrist by her mother. She repos that boy has been performing poorly in the school and has failed twice in 7th class. She fuher repos that he doesn't follow the instruction of teachers and doesn't obey the parents. He frequently gets into fight with other kids and often gets injured in the brawl. Three times, he has been caught stealing money from his fathers purse. Last week he was also seen smoking with couple of much older students in front of his school. What is the diagnosis?","Conduct disorder (adolescent-onset type), given recurrent aggression, theft, and serious rule violations beyond simple defiance.",1
5d25ed67-39d5-4617-9eb2-4fe469b64115,This specimen was resected from a child with intestinal obstruction. What is the most likely diagnosis?,"I can’t determine this without seeing the specimen image—please upload it. If it shows a narrow distal segment with massively dilated proximal colon (transition zone), the most likely diagnosis is Hirschsprung disease (congenital aganglionic megacolon).",0.5
4b528820-6b09-496a-a0dc-f08e71f0f33a,"A 60 yr old woman came to OPD with distended abdomen and postmenopausal bleeding. Imaging suggests bilateral ovarian complex masses with a CA 125 value of 1500. A comprehensive surgical staging is planned. Per operatively, bilateral ovarian masses are seen with surface involvement and ascites. There is no pelvic or extrapelvic extension of tumor or lymph node involvement. What is the appropriate treatment?","Stage I C epithelial ovarian cancer: perform complete surgical staging/TAH-BSO with infracolic omentectomy, peritoneal washings and biopsies with pelvic/para‑aortic nodal assessment. This should be followed by adjuvant platinum‑taxane chemotherapy (e.g., carboplatin + paclitaxel for about 6 cycles).",0.8
0e3ddcd8-27f6-4c60-98e0-ec343bfaeb4e,"A 17 year old girl had been taking a drug for the treatment of acne for the last 2 years, which has lead to pigmentation. Which drug could it be?","Minocycline. Long-term minocycline therapy for acne can cause characteristic blue-gray (slate) pigmentation of skin, nails, and mucosa.",1
cf73928c-3585-4678-af7a-1221b9c962dc,A patient came to eye OPD with disc shaped edema over cornea and has a history of vesicles over lips few weeks back. There is no ulcer on staining. What can be the diagnosis:,"Herpes simplex disciform keratitis (endothelial/stromal immune keratitis) related to recent herpes labialis, presenting as disc-shaped corneal edema without epithelial ulcer.",0.8
cceff228-750d-4d1b-9568-1d8cba4fd5fd,"A10-year-old child with pain and mass in right lumbarregion with no fever, with right hip flexed and X-ray shows spine changes. Most probable diagnosis is:",Cold psoas abscess secondary to Pott’s disease (spinal tuberculosis).,0.5
f408b4b4-d9db-4bf3-8caa-b2049a5ea252,A child brought with seizures and impairment of development is diagnosed having phenylketonuria. What is the initial line of treatment in this child?,"Immediate initiation of a phenylalanine-restricted diet using a Phe-free medical formula, with tyrosine supplementation. Sapropterin (BH4) can be considered if the child is BH4‑responsive.",0.8
5d5e7f79-e1b5-4375-88f1-a2159859c6fa,The following patient shows painless lump in umbilicus with reduction on lying down. The diagnosis is:,A reducible umbilical hernia.,0.9
75e671c7-a49d-43e9-bcc5-33583074b5f3,"14 year old girl with history of abdominal pain (periumbilical), postprandial, passing blood in stools, fever, weight loss since ten months. She also has episodes of passing blood in stools. What may be the likely diagnosis ?","Most likely inflammatory bowel disease—particularly Crohn disease—given chronic periumbilical postprandial pain, hematochezia, fever, and weight loss; ulcerative colitis is the main alternative.",0.9
84e8cc61-4be2-42c1-83e5-c5767347d513,Best procedure to be done after an injury to leg associated with exposure of underlying bone and skin loss ?,"For an open leg injury with exposed bone, perform urgent irrigation and debridement with IV antibiotics and fracture stabilization, then provide early vascularized soft-tissue coverage with a flap (local muscle/fasciocutaneous or free flap; VAC as a bridge if needed).  
A simple skin graft is inadequate over bare bone without periosteum.",0.75
9a217ed0-8b3e-4ff3-93c0-86c045a2855d,"19 year old young girl with previous history of repeated pain over medial canthus and chronic use of nasal decongestants, presented with abrupt onset of fever with chills & rigor, diplopia on lateral gaze,moderate proptosis & chemosis. On examination optic disc is congested. Most likely diagnosis is","Septic cavernous sinus thrombosis, likely secondary to spread from dacryocystitis/sinus infection, given fever, proptosis, chemosis, abducens palsy (diplopia on lateral gaze), and optic disc congestion.",0.9
ce3a2625-3232-49c7-8747-8c6473994804,"A young male develops fever, followed by headache, confusional state, focal seizures and right hemiparesis, the MRI performed shows bilateral frontotemporal hyperintense lesion. The most likely diagnosis is","Herpes simplex (HSV‑1) encephalitis.  
It classically presents with fever, confusion, focal seizures, and bilateral asymmetric temporal/frontotemporal MRI hyperintensities.",1
01c3b413-bb21-4ba9-a0a6-889654e95cd8,A 45-year-old smoker presents with sudden onset unrelenting chest pain with loss of peripheral pulses. BP measured in both arms is different. First differential diagnosis is?,Acute aortic dissection (especially Stanford type A) — characterized by sudden tearing chest pain with pulse deficits and interarm BP difference.,1
0ab7489a-361a-4bad-8879-a0bde931651c,65 year old man came to eye OPD with chief complaints of metamorphosia. On examination he has yellow deposits subretinal near macula in both eyes. Rest of the fundus is normal What should be the probable diagnosis,Early dry (non‑exudative) age‑related macular degeneration characterized by bilateral macular drusen.,0.9
00dc0f03-50c1-4fc3-9599-a681332c2894,"A 56 year old male lallu presents with painful bullous lesion in lower extrimity, the most likely diagnosis is","Bullous pemphigoid—classic tense bullae in older adults, often on the lower extremities.",1
d6003341-7518-492f-b88c-6605a25ab02e,"A 30 year old man with history of blunt trauma to the chest presents with dialated neck veins, BP 80/50mmHg and pulse rate of 100/ min. What is the most likely diagnosis?",Cardiac (pericardial) tamponade due to traumatic hemopericardium. Hypotension with distended neck veins after blunt chest trauma is classic for tamponade (Beck’s triad).,1
2f8bf4de-e772-49a6-8c86-e49feea31094,ECG of a patient shows >3 consecutive premature ventricular contractions (PVC) with a hea rate of less than 100 bpm. The diagnosis is?,"Accelerated idioventricular rhythm (AIVR).  
It’s defined as ≥3 consecutive ventricular beats at a rate of 40–100 bpm; VT requires >100 bpm.",1
ef873a04-c2fb-49ec-8503-b425bf27d873,"Devi, a 28 year female, has diarohea, confusion, high grade fever with bilateral pneumonitis.The diagnosis is -","Legionnaires’ disease (Legionella pneumophila atypical pneumonia) is most likely, given diarrhea, confusion, high fever, and bilateral pneumonitis.",0.9
663ad392-67b4-444b-b444-d5248a2432c2,A 55 years old female patient is presenting with excessive menstrual blood loss and fecal blood loss. The diagnosis is,Iron deficiency anemia due to chronic blood loss (menorrhagia and gastrointestinal bleeding). Confirm with CBC and iron studies (low ferritin) and investigate gynecologic and GI sources.,0.5
343cc8bd-b529-452f-a1f1-2085f703d824,A 65 years old female underwent right radical mastectomy 10 years back. Patient now presents with multiple subcutaneous nodules in right upper limb. What is the most probable diagnosis?,Lymphangiosarcoma (Stewart–Treves syndrome) arising in the chronically lymphedematous arm after radical mastectomy.,1
fef3666f-1e46-4b7b-a537-ae01c2539328,This patient presented with hearing loss and left ear fullness. What is the diagnosis?,Otitis media with effusion (serous otitis media) from Eustachian tube dysfunction causing conductive hearing loss and aural fullness.,0
1bef94e6-d3ab-4c2e-906a-1e286bd2dca6,Preferred drug for the treatment of a 48 year old man with uncomplicated grade 2 hypeension without any associated co-morbidity is,"Start two first-line agents: an ACE inhibitor (or ARB) plus a thiazide-like diuretic, preferably chlorthalidone. If a single preferred drug is required, use a thiazide-like diuretic such as chlorthalidone.",1
a262f34f-7bad-4096-80f2-a2262a924336,Digital subtraction Angiography of a 35 year old smoker is given. What is the possible diagnosis?,"Thromboangiitis obliterans (Buerger disease).  
DSA typically shows segmental distal arterial occlusions with “corkscrew” collaterals in young smokers.",1
3dc8cc06-02cf-40f4-a58e-0fd6a5824556,What is the function of a template during procedure of tooth extraction and insertion of immediate denture?,It acts as a surgical stent to guide alveoloplasty/soft‑tissue trimming so the post‑extraction ridge will accept and properly seat the immediate denture. It also serves as a pressure dressing to stabilize tissues and help control bleeding at insertion.,0.8
622ec934-262b-47ba-b542-b78416c46098,"68-year-old Chandu is a diabetic and presented with black, foul smelling discharge from the nose. Examination revealed blackish discoloration of the inferior turbinates. The diagnosis is:","Rhino-orbito-cerebral mucormycosis (acute invasive fungal sinusitis), classically seen in diabetics with black necrotic eschar and foul-smelling nasal discharge.",1
65db367a-efe7-427c-8dd1-1d48452d9333,"A hemodynamically stable patient with early pregnancy has adnexal mass of 2.5 x 3 cms and beta hCG titre of 1500 mIU /ml, with no intrauterine gestational sac. What modality of treatment is suitable for her","Medical management with systemic methotrexate (single-dose IM 50 mg/m²) with close serial beta-hCG follow-up is appropriate. Her stability, small adnexal mass, and low hCG favor this over surgery.",1
0643ccf9-9c8d-4481-9ae1-99ebb6db6d13,A 25 year old overweight female was given fentanyl-pancuronium anesthesia for surgery. After surgery and extubation she was observed to have limited movement of the upper body and chest wall in the recovery room. She was conscious and ale but voluntary respiratory effo was limited. Her blood pressure and hea rate were normal. The likely diagnosis is:,Fentanyl-induced chest wall (truncal) rigidity (“wooden chest syndrome”) causing impaired ventilation. Treat with naloxone and/or a short-acting neuromuscular blocker with ventilatory support.,0.5
2cd7f6d4-5f28-45b2-98e3-c721fa59d89a,"A 20-year-old boy came with complaints of sudden pain in the left eye with loss of vision. On examination, left eye cornea was hazy and on looking down, there was a bulging in the lower eyelid. Retinoscopy shows scissoring reflex and oil drop sign was positive in both eyes, what is the diagnosis?","Bilateral keratoconus, with acute corneal hydrops in the left eye (Munson’s sign, scissoring reflex, oil-drop sign, and sudden painful haze).",1
2c6c47ed-9daa-4f45-9d61-30c5e6af2e32,"A30 year old factory worker developed itchy, annular, scaly plaques in both goins which are extending peripherally. Most likely diagnosis is -","Tinea cruris (dermatophyte “ringworm” of the groin), typically due to Trichophyton rubrum, characterized by pruritic annular plaques with an active, scaly advancing edge and central clearing.",1
851a0f0c-3e39-41ac-9961-c4571ff9cb46,"56yr old male c/o burning micturation, with increasing frequency and hesitancy. Following Radiograph from intravenous pyelogram is taken. What is the most likely diagnosis?",Benign prostatic hyperplasia causing bladder outlet obstruction (classic IVP finding: “fish‑hook”/J-shaped distal ureters with a trabeculated bladder).,0
95394a46-c20c-41ca-96d0-26765bff27ea,A male patient with bipolar disorder is controlled on medications. Symptoms of mania sta to appear whenever he himself tapers down the drugs. What type of treatment can improve compliance in this patient?,Psychoeducation—ideally family‑focused psychoeducation—aimed at improving insight into bipolar disorder and the importance of maintenance medication can significantly improve adherence.,1
f78378a3-b6c8-4880-8608-1095250d021e,"A child had pustular lesion on leg. On grainstaining gram positive cocci are seen. To establish the diagnosis of Group A streptococcal erythroderma, the test used is","Schultz–Charlton reaction — blanching of the rash after intradermal injection of streptococcal antitoxin, used to confirm streptococcal erythroderma (scarlet fever).",0
0ee757ba-39af-4a81-b061-ce31b5e41c6e,"A child presents with macroglossia, omphalocele and hemihypertrophy of limbs what is the most probable diagnosis?","Beckwith–Wiedemann syndrome. It’s an 11p15 imprinting disorder with macroglossia, omphalocele, hemihyperplasia—monitor for neonatal hypoglycemia and increased risk of Wilms tumor/hepatoblastoma.",1
703433d8-4e2b-4d34-9ff9-43d55ffaeb50,"An 18 year old patient's hemogram shows Hb 12 g%, RBC count of 6 million, decreased MCV (56), decreased MCH (29) and RDW of 14. What is the most probable diagnosis?",Beta-thalassemia trait (thalassemia minor). The marked microcytosis with a high RBC count and normal RDW favors thalassemia over iron deficiency anemia.,1
2b92960a-45fd-4c36-a40a-5eb9d7bb3486,"What is the most likely diagnosis in a patient with this migratory, pruritic skin eruption?","Urticaria (hives) — transient, migratory, intensely pruritic wheals that change location over hours.",0.3
d1c3ea08-6c87-497d-be3d-59210ff28c25,Baby borne to patient suspected of chlamydial infection sample to be taken for diagnosis -,"Take a conjunctival swab (or scraping) from the neonate for Chlamydia NAAT/culture (Giemsa stain may show inclusions). If there are respiratory symptoms, also obtain a nasopharyngeal swab for NAAT.",0.6
e467e81f-fdd4-43d7-a291-03954c590065,"A 25-year-old woman presents with a history of recurrent shoness of breath and severe wheezing. Laboratory studies demonstrate that she has a deficiency of C1 inhibitor, an esterase inhibitor that regulates the activation of the classical complement pathway. What is the diagnosis?","Hereditary angioedema due to C1 esterase inhibitor deficiency (autosomal dominant), causing recurrent angioedema with potential laryngeal involvement and wheezing.",1
a9f4120f-bc7c-462c-b5c7-0d38c52e0df9,"A girl with normal milestones spend her time seeing her own hand, do not interact with others, what is the diagnosis?","Autism spectrum disorder (childhood autism). In a girl, if there’s developmental regression with stereotypic hand-wringing, consider Rett syndrome.",0.5
579168d3-73e5-44ea-82bf-4e6d5b502924,"A 21 years old unmarried woman has premenstrual fullness of breast and pain, the likely diagnosis is :",Cyclical mastalgia due to fibrocystic change (fibroadenosis) of the breast.,0.5
be044995-6b81-48f9-932f-7baf4ba7547f,A patient who is 21 weeks pregnant came to you with fever and chills. You make a diagnosis of Malaria. What is the next line of management?,"At 21 weeks (second trimester), start an artemisinin-based combination therapy for uncomplicated malaria (e.g., artemether–lumefantrine); if severe or unable to take oral meds, give IV artesunate with supportive care and fetal monitoring. Avoid primaquine during pregnancy (defer radical cure until postpartum).",1
980e08a4-696f-4f83-be26-e0b99b019b20,"A 30 year old male patient presents with the following symptoms, breathlessness, irritability and confusion. He gives a history of fracture of his right arm 3 days ago. On physical examination, a diffuse petechial rash is seen. Blood examination reveals thrombocytopenia. The most likely diagnosis for this patient will be?","Fat embolism syndrome secondary to the recent long-bone fracture, presenting with the classic triad of respiratory distress, neurologic changes, and petechial rash (with thrombocytopenia).",1
cb0c50a9-1462-4580-a039-30350c946545,A man hits his neighbour. Next day he feels that police is behind him and his brain is being controlled by radio waves by his neighbour. The probable diagnosis is:,"Paranoid schizophrenia, evidenced by persecutory delusions and passivity phenomena (belief his thoughts/brain are controlled by radio waves).",0.5
f4151c87-8e0c-462d-94c2-bf7dd9481eae,"Patient presented with diarrhoea, poor appetite and malabsorption. His duodenal biopsy was taken which showed crypt hyperplasia, villi atrophy and infiltration of CD8+ T cells in the epithelium. what is the likely diagnosis of the patient ?","Celiac disease (gluten-sensitive enteropathy). The biopsy triad of villous atrophy, crypt hyperplasia, and increased intraepithelial CD8+ T cells is classic.",1
a87119cf-55a8-4fe7-9bd3-039242ed8f12,A 32-year-old female with diabetes visits antenatal clinic at 6 weeks of amenorrhea. She has not been on any treatment. What is the first step in the management?,"Initiate tight glycemic control immediately with insulin (plus medical nutrition therapy and SMBG). Start high‑dose folic acid and arrange baseline assessment (HbA1c, renal/retinal status), but the first step is to begin insulin.",0.5
552efc01-beab-4779-896d-fc314c56d5c9,What is the dosage of a single dose of Albendazole prescribed to a child of 10yrs for treatment of roundworm infestation?,400 mg orally as a single dose for children ≥2 years (including a 10‑year‑old); use 200 mg once if 12–24 months old.,1
04be9b44-0371-4f90-998c-51d8ad23ed0f,"2 year old with a rash on extensor surface, diagnosis-","Atopic dermatitis (eczema), which in infants and toddlers typically involves the extensor surfaces (vs. flexural areas in older children).",1
7e32ca99-18d8-4ac7-96ca-f2aaf67192a9,"A male child with gall bladder stone has HB-6 gm%, serum biliruhin 2.5 mg % and high urobilinogen in urine. The diagnosis is",Hemolytic jaundice due to chronic hemolysis (likely hereditary spherocytosis) with pigment gallstones.,1
f67ebe38-4a13-4614-af1a-21a31bb9ef59,"Lallu a 22 yrs. old male suffers from decreased sleep, increased sexual activity, excitement and spending excessive money for last 8 days. The diagnosis is :","Manic episode (Bipolar I disorder), given ≥1 week of decreased need for sleep, hypersexuality, excitement, and reckless spending.",1
f72f0acc-180a-496a-8d04-68b05ac0493f,"10 year old boy with gross hematuria, loin pain, diarrhoea urine examination is normal. Serum C3 levels are normal diagnosis is ?","IgA nephropathy (Berger disease) — episodic gross hematuria triggered by mucosal infection (e.g., diarrhea) with normal complement (C3) levels.",0.5
ae0c614b-a7ee-4179-a6b1-0d419e636b77,"A patient complaints of sadness of mood, increased letharg, early morning awakening, loss of interest and repos no will to live and hears voices asking her to kill self. What is the diagnosis?","Major depressive disorder, severe, with mood-congruent psychotic features (psychotic depression), with melancholic signs such as early morning awakening. This requires urgent psychiatric assessment due to high suicide risk.",1
1d9ae487-a649-490b-927f-834b767ba26c,"What will be the likely diagnosis in a thiy year old male presenting with epigastric pain radiating to back that wakes him up at night and is relieved by consuming food. He has a past history of surgery for a perforated duodenal ulcer, treated with omental patch and proton pump inhibitors and analgesics:","Recurrent duodenal ulcer, likely a posterior penetrating ulcer (epigastric pain radiating to the back, nocturnal pain relieved by food). Consider H. pylori and NSAID use as contributing factors.",1
72f8e044-9679-45f9-bd73-15dd6c5265db,"19 years old girl has multiple papulo pustular erythematous lesions on face and neck, the likely diagnosis is",Acne vulgaris (papulopustular type).,1
6df6e3ac-3b0c-4fe7-bedf-a149e4f0b84b,"A patient has multiple neurofibromas, acoustic neuroma and Hyperpigmented skin lesions; most likely diagnosis is -","Neurofibromatosis type 2 (NF2), characterized by vestibular schwannomas (acoustic neuromas) with café‑au‑lait spots.",0.9
13238a8b-9664-4a8b-8b69-88e51e4e74a9,"A patient presents with diarrhoea, analysis of stool on wet mount shows mobile protozoa without RBCs and pus cells. The diagnosis is -","Giardiasis due to Giardia lamblia.  
Noninvasive flagellate with motile trophozoites on wet mount and absence of RBCs/pus cells.",0
fa31d6f4-a825-456a-8619-9f4b70cbaa3c,A 28-year-old male complains of glare in both eyes. The cornea shows whorl like opacities of the epithelium. He also gave a history of long term treatment with amiodarone. The most likely diagnosis is,Amiodarone‑induced vortex keratopathy (corneal verticillata/whorl keratopathy).,0.5
3a80b273-d000-4ddd-a53e-e7c8841486b5,"A 10yr old boy with a known case of nephrotic syndrome since 4 years on treatment brought to the pediatric OPD with chief complaint of difficulty in breathing. There is no history of fever. On examination, respiratory system was normal except slightly reduced breath sounds on right infra-axillary region. Paediatrician thinks of pleural effusion. What is next best modality of investigation to detect pleural effusion?",Bedside chest ultrasonography is the next best investigation—it’s highly sensitive for detecting even small pleural effusions and is safe in children.,1
4743fdd8-1d69-470c-81f5-8ca6bb5f603c,"A 50-yr-old male Raju present with occasional dysphagia for solids, regurgitation of food and foul smelling breath. Probable diagnosis is -","Zenker’s diverticulum (pharyngoesophageal pouch), which causes regurgitation of undigested food and foul breath with intermittent dysphagia for solids.",1
729095f5-9363-40ba-b24f-bebb79d6cdb0,This patient had hypertension. What is the diagnosis?,"I don’t have enough information to diagnose—please share the clinical details or attach the image/imaging findings. With just “hypertension,” possibilities range from hypertensive retinopathy to intracerebral hemorrhage or aortic dissection depending on the presentation.",0.2
bcc4b135-2afa-437d-98aa-8ca81b8960d6,"A 5-year-old boy has peculiar facial features, enlarged head, hepatosplenomegaly, protuberant abdomen, breathing difficulty with obstructive sleep apnea, and cardiac valve thickening. What is the likely diagnosis?","Hunter syndrome (MPS II), an X-linked mucopolysaccharidosis. Iduronate-2-sulfatase deficiency causes coarse facies, hepatosplenomegaly, OSA, and valvular thickening, typically without corneal clouding.",1
620d1e27-78bc-48c2-8478-a8bdcedd750a,"A 45-year-old patient on hemodialysis for one week has noted that his BP is more difficult to control. He reports good compliance with his medications, which include erythropoietin, ferrous sulfate, vancomycin, and vitamin D. His BP is 180/99 mm Hg. Most likely cause for the worsening control of his BP is?",Erythropoietin therapy is the most likely cause—ESAs commonly raise BP soon after initiation by increasing peripheral vascular resistance (and with rising hematocrit).,1
81810d32-5a9b-43ae-b43b-096bbf3bc49b,What is the most likely diagnosis in this patient with cough?,"I don’t have enough details to say; please share duration, associated symptoms, exam findings, and any imaging. Generally, acute cough (<3 weeks) is most often viral URI/acute bronchitis, while chronic cough (>8 weeks) is usually due to postnasal drip (upper airway cough syndrome), asthma, or GERD.",0
6b1e2b6f-4587-4f2f-9bd7-755db718ecf9,A 12 year old boy presents with recurrent attacks of conjunctivitis during warm season for the last 2 years with intense itching and ropy discharge. Horner-Trantas dots are seen on the limbal region. The diagnosis is:,"Vernal keratoconjunctivitis (spring catarrh), particularly the limbal form characterized by Horner–Trantas dots.",0.9
d7e785de-030c-458a-8f32-3469ace26d67,"A 24-year old male had multiple, small hypopigmented macules on the upper chest and hack for last three months. The macules were circular, arranged around follicles and many had coalesced to form large sheets. The surface of the macules showed fine scaling. He had similar lesions one year ago which subsided with treatment. The most appropriate investigation to confirm the diagnosis",Potassium hydroxide (KOH) preparation of skin scrapings from the lesions—showing short hyphae and spores (“spaghetti and meatballs”)—is the best confirmatory test for pityriasis versicolor.,1
5dccd188-d5b2-4c14-8019-8068c53dbe43,"A young male with galbladder stones shows the following test results, serum bilirubin 2.5, Hb 6, urine test positive for urobilinogen, diagnosis is -","Hemolytic jaundice (prehepatic), likely from hemolytic anemia causing pigment gallstones.",0.75
b1909f0a-dfe3-4215-840f-9277bca539ce,"A group of 4 teenagers while going for a trip met a car accident. Out of four, 3 people died on the spot. Surviving girl was admitted in an ICU for 3 months. After being discharged she often gets up in night and feels terrified. She says that she sees same events in her dreams. She is now afraid of the cars. The diagnosis is?","Post-traumatic stress disorder (PTSD). The recurrent nightmares/flashbacks, nocturnal terror, and avoidance of cars after a severe, life-threatening trauma persisting beyond a month fit PTSD.",1
dcfdd06e-96ad-43cf-8948-87a64ceab1fb,"A 75-year-old woman has experienced increasing dull but constant pain in the back, right chest, left shoulder and left upper thigh for the past 6 months. She has now developed a sudden, severe, sharp pain in the left thigh. On physical examination, she has intense pain on palpation of the upper thigh, and the left leg is shorter than the right. A radiograph of the left leg shows a fracture through the upper diaphyseal region of the femur in a 5-cm lytic area that extends through the entire thickness of the bone. A bone scan shows multiple areas of increased uptake in the left femur, pelvis, vertebrae, right third and fourth ribs, upper left humerus, and left scapula. Laboratory studies show serum creatinine, 0.9 mg/ dL; total protein, 6.7 g/dL; albumin, 4.5 g/dL; total bilirubin, 1 mg/dL; AST, 28 U/L; ALT, 22 U/L; and alkaline phosphatase, 202 U/L. What is the most likely diagnosis?","Diffuse osteolytic bone metastases, most consistent with metastatic breast carcinoma causing a pathologic femoral fracture. Multiple myeloma is unlikely given the normal protein/creatinine, elevated alkaline phosphatase, and bone-scan–avid lesions.",0.8
d1e5ebfc-c016-4047-8a74-bc833b2fbb67,A 30 real old patient comes with scrotal swelling. Transillumination is positive. A large hydrocoele is suspected. What’s the preferred treatment,Hydrocelectomy is preferred—typically Jaboulay’s procedure (eversion/excision of the sac). Aspiration/sclerotherapy is reserved for patients unfit for surgery due to high recurrence and infection risk.,1
1e93526c-09c7-4787-9d00-051570bdab01,"A 79-year-old retired opera singer presents with dysphagia, which has become progressively worse during the last 5 years. He states that he is sometimes aware of a lump on the left side of his neck and that he hears gurgling sounds during swallowing. He sometimes regurgitates food during eating. What is the likely diagnosis?","Zenker’s (pharyngoesophageal) diverticulum.  
Progressive dysphagia with regurgitation of undigested food, gurgling, and a left-sided neck mass are classic.",1
1c71191e-8eeb-483c-8ce0-18f8b119e63e,Give the most probable diagnosis of a 1 yr. old child of normal intelligence with features of hypotonia. On examination there are tongue fasciculations and he keeps his body in a frog like position ?,"Spinal muscular atrophy (infantile type, Werdnig–Hoffmann disease), an anterior horn cell disorder causing hypotonia with tongue fasciculations and frog‑leg posture.",1
22b7db71-e97c-475a-b069-aeef00ef1c4f,"A 29 yr old unmarried female presents with dyspnea. Her chest X-ray is normal, FVC is 92%, FEV1/ FVC is 89% and DLCO is 59% of normal. On exercise her oxygen saturation drops from 92% to 86%. What is the likely diagnosis ?","Pulmonary arterial hypertension (pulmonary vascular disease), likely idiopathic, given normal spirometry and CXR with a markedly reduced DLCO and exertional desaturation.",0.5
84758dbf-0fd8-4eed-9b14-51c6c7c0bd38,"A 45-year-old woman presents with the complaint that her toenails are thick and yellow. She is otherwise healthy and takes no medications. On examination, two toenails on the right foot and the great toenail on her left foot are affected. There is no periungual erythema, and her peripheral pulses are good. What is the best advice for this patient?","This is likely onychomycosis; confirm with KOH/PAS or culture of nail clippings before treatment. If positive, first-line therapy is oral terbinafine 250 mg daily for 12 weeks (check baseline liver enzymes), as topical lacquers are much less effective for toenails.",0.7
748b0adb-b662-449c-abd6-34be14f70dde,"A 30 year old lady c/o sudden onset breathlessness, anxiety, palpitation & feeling of impending doom. Physical examination is normal. What is the diagnosis:",Panic attack (acute panic disorder) is the most likely diagnosis.,1
7d8bbcda-df8d-43f6-8470-06c4b3d1f2d0,A 60 year man had undergone cardiac bypass surgery 2 days back. Now he staed forgetting things and was not able to recall names and phone numbers of his relatives. What is the probable diagnosis?,Postoperative cognitive dysfunction (POCD) presenting as short‑term memory impairment after cardiopulmonary bypass.,1
26fd45f3-ac46-4ad2-b6b3-de681f5e24ea,45 yr of male presented with Proliferative diabetic retinopathy with Vitreomacular traction. What can be treatment?,"Panretinal photocoagulation and intravitreal anti‑VEGF are first-line for PDR, but with vision‑threatening vitreomacular traction/tractional RD or non‑clearing vitreous hemorrhage, pars plana vitrectomy with membrane/ILM peel and endolaser is indicated (often with pre‑op anti‑VEGF 3–7 days prior). Optimize systemic control (glucose, blood pressure, lipids) and monitor closely.",0.5
25101b25-1d14-467d-a0d2-7b73af91eca9,"What is the diagnosis in this patient who appeared sick, had a bull neck, and was tachycardic?","Respiratory diphtheria (Corynebacterium diphtheriae), characterized by a toxic appearance and “bull neck” from severe cervical edema/lymphadenitis.",0.9
e4003e6f-547e-4721-b36a-8c437571d77d,"An infant presents with hypotonia and hyporeflexia. During his intrauterine period, there was polyhydramnios and decreased fetal movements. Most probable diagnosis is –","Spinal muscular atrophy type I (Werdnig–Hoffmann disease). It causes a floppy, hyporeflexic infant, with antenatal decreased movements and polyhydramnios from poor fetal swallowing.",1
f6f9667c-e56c-4b78-b7e8-bfc0a2b6e25d,A young man with tuberculosis presents with massive recurrent hemoptysis. For angiographic treatment which vascular structure should be evaluated first,"The bronchial arteries (systemic bronchial circulation) should be evaluated first, as they are the source in the vast majority of massive hemoptysis. Pulmonary arterial sources (e.g., Rasmussen aneurysm) are considered if no bronchial source is found.",1
e6b600be-d441-4471-9466-5e4a0c730cc0,After 3 days of fever patient developed maculo erythematous rash lasting for 48 hrs diagnosis is:,Roseola infantum (exanthem subitum) due to HHV‑6/7—classically 3–5 days of high fever followed by a brief maculopapular/erythematous rash lasting about 48 hours.,1
7ce95835-bba5-4bb1-a18c-b240091a67b0,A 40 years old female presented to OPD with this lesion in the breast. What is the most probable diagnosis?,"I can’t determine the diagnosis without seeing the lesion—please upload the image or describe key features (nipple/areola involvement, scaling/ulceration, discharge, mobility, skin dimpling, size).  
If it’s an eczematous scaly lesion on the nipple/areola, consider Paget disease; a firm mobile painless lump favors fibroadenoma—confirm with exam and imaging/biopsy.",0.5
c5f8a34c-8cc6-4b65-ad0c-62c241aadd6a,"ABG analysis of a patient on ventilator, shows decreased pCO2, normal pO2, pH 7.5, diagnosis is -",Acute respiratory alkalosis due to hyperventilation (iatrogenic overventilation on the ventilator).,0.75
c034f9f9-c1de-4dce-a3dc-b19e4703f741,A 7 Year old boy with boggy swelling of the scalp with multiple discharging sinuses with cervical lymphadenopathy with easily pluckable hair. What would be done for diagnosis -,Perform a 10–20% KOH mount of plucked hairs/scalp scales and send for fungal culture (Sabouraud dextrose agar); a Wood’s lamp exam may show green fluorescence if due to Microsporum species.,1
ec6b2a82-326e-49ec-b57a-42c2526268b7,An Old aged patient sustained spinal cord injury? due to a fall and clinically characterized by isolated loss of proprioception and vibratory sensation. As is common for only one side of the cord. The diagnosis is,"Posterior cord (dorsal column) syndrome—isolated loss of vibration and proprioception, typically from a dorsal column lesion.",0.75
d0423149-9fa3-46c7-a3da-c1c27ec387d2,"A 50 year old woman, nulliparous, diabetic and obese presenting with post-menopausal bleeding likely diagnosis is :","Endometrial carcinoma (endometrioid type) is most likely given postmenopausal bleeding with obesity, diabetes, and nulliparity. Confirm with transvaginal ultrasound and endometrial biopsy.",0.9
4dc418ec-3643-4f7c-9aee-cf242be5d997,"A 50year old male presents with pain upper abdomen, Pruritus, jaundice and weight loss, elevated ANA, the likely diagnosis is","Autoimmune pancreatitis (IgG4-related disease), which often presents with obstructive jaundice, pruritus, weight loss, and can be ANA-positive.",0.5
62160ea4-1d49-43ee-aa4b-7131a4ee6f64,A child during anesthesia with Halothane and succincyl coA develops severe stiffness of masseters. What is the most probable diagnosis?,"Malignant hyperthermia (malignant hyperpyrexia), heralded by masseter muscle rigidity after succinylcholine triggered by halothane.",1
14cf5114-7da3-45e0-9e7e-27edcff788df,"A 6 year old child has history of bih asphyxia does not communicate well, has slow mental and physical growth, does not mix with people, has limited interest, gets widely agitated if disturbed, diagnosis is -","Most consistent with autism spectrum disorder (childhood autism), likely with co‑occurring intellectual disability given global developmental delay. A full developmental and behavioral evaluation is warranted.",1
42b99373-16b4-43ef-a445-f7b332e770e2,"A middle aged woman presented with history of
neck swelling which moves with deglutition. Preferred diagnosis is","Thyroid swelling (goiter), as thyroid masses classically move with deglutition.",0.5
cd4a83b6-164f-4910-9b33-718d050ef92b,"A 1–year–old child presented with a swelling in the left flank with episodes of flushing, diarrhea, sweating and bone pain. The diagnosis is –",Neuroblastoma (typically adrenal) — a flank mass in a 1‑year‑old with flushing/diarrhea/sweating from catecholamine/VIP secretion and bone pain from metastases.,1
3a44ac0a-060c-4600-bdb6-622963648819,What is the golden period for treatment of open wounds is _____ hours,About 6 hours.,0.5
2986b2f1-af2d-4af6-9a09-a89ba4e7157c,"A 12 year old boy rapidly develops hypoglycemia after moderate activity. On physical examination, kidney and liver are found to be enlarged. Histopathology of liver shows deposits of glycogen in an excess amount. Blood examination reveals raised ketone bodies, lactic acid and triglycerides. What is the diagnosis?","Von Gierke disease (Glycogen storage disease type I) due to glucose‑6‑phosphatase deficiency, causing hepatorenomegaly, severe fasting hypoglycemia, lactic acidosis, and hypertriglyceridemia.",1
2bbaaa53-bae2-42b6-9a17-32d623117fe5,A patient presents with Microcytic Hypochromic anemia. Serum iron levels and TIBC are decreased. Likely diagnosis is,Anemia of chronic disease (anemia of inflammation).,1
2a7aeb96-de26-4281-ac41-b5be8453045c,"A 4-year child presents with a history of hoarseness, croupy cough and aphonia, the child has dyspnoea with wheezing. The most probable diagnosis is ?",Acute laryngotracheobronchitis (viral croup).,0.5
1465ac46-e17a-4293-b7b4-cdf46e448584,"A 36-year-old woman complains of a 3-month history of bloody discharge from the nipple. At examination, a small nodule is found, deep to the areola. Careful palpation of the nipple- areolar complex results in blood arrearing at the 3 O'clock position. Mammogram findings are normal. What is the likeliest diagnosis?","Solitary intraductal papilloma of a major (central) duct, the classic cause of unilateral blood-stained nipple discharge with a subareolar nodule and often normal mammography.",1
f0240fcb-4a39-4141-9328-d562e41acc6c,A child&;s growth variation is normal but bone development is not according to the chronological age. What is diagnosis?,Constitutional delay of growth and puberty (a normal variant with delayed bone age relative to chronological age).,1
549dbdef-12b6-478e-8e71-1bf9ff7c31bf,A child with increased conjugated bilirubin develops seizures and cataract the probable diagnosis is ?,"Classic galactosemia (GALT deficiency) — it causes cholestatic (conjugated) jaundice, hypoglycemia with seizures, and infantile cataracts.",1
73421893-93f1-4799-bca7-e5bb112125c3,A patient with undulating fever presents with features of encephalitis. He is treated successfully with doxycycline and rifampicin. What shall be the most probable diagnosis:,Neurobrucellosis (brucellosis). The undulating fever and response to doxycycline plus rifampicin are classic for Brucella infection.,1
5e2ae36e-f5bf-40bf-8620-95110720b71f,"A post-operative cardiac surgical patient developed sudden hypotension, raised central venous pressure, pulsus paradoxus at the 4th post operative hour. The most probable diagnosis is -","Acute cardiac (pericardial) tamponade, likely from postoperative hemopericardium.",0
5bec09b3-2fac-4b1b-aa2c-9bbe82deabcf,"A patient with microcytic hypochromic anemia, Hb- 9%,serum iron is 20 ?/dl, ferritin level 800 ng/ml, transferrin percentage saturation is 64. What is possible diagnosis?","Sideroblastic anemia (an iron-loading microcytic anemia), characterized by elevated ferritin and high transferrin saturation.",0.5
76f103a3-6cb8-4ecd-988e-5739f375103f,"An elderly man who has had a trival history of head injury three months ago, develops headache and turns unconscious. On examination, he is found to have fixed left dilated pupil and right hemiplegia. What is the most likely diagnosis -",Left-sided chronic subdural hematoma causing uncal herniation—ipsilateral (left) fixed dilated pupil with contralateral (right) hemiplegia.,1
1c52a9ef-f284-4442-8364-018f0ded8339,"A 9 year old child is restless. He is hyperactive and his teacher complaints that he does not listen to the teachings. Disturbs other students, he also shows less interest in playing. The likely diagnosis is ?","Attention-deficit/hyperactivity disorder (ADHD), likely the hyperactive/combined type, given inattention, hyperactivity, and disruptive behavior in class.",1
b7ccfd14-c68a-40e2-b31b-60503b70c1cd,A female presented with erythematous lesions on face with intolerance to spicy food is. Most likely diagnosis is?,"Rosacea (acne rosacea). It commonly presents with facial erythema and flushing triggered by spicy foods, heat, or alcohol.",1
fc25b448-9cb2-4b65-9b3f-962ddd7ab0a9,"A 42 year old man is preoccupied with his health being not in good shape. He feared that his irregular bowel functions mean he has cancer. Now he is preoccupied about having a serious heart disease, despite his physician's assurance that he has no heart disease. What is his most likely diagnosis?",Illness Anxiety Disorder (hypochondriasis): persistent preoccupation with having a serious disease despite medical reassurance and minimal somatic findings.,1
2a0e0ad5-e7a9-441e-beec-63e0e51e28a9,"A 2-year-old boy is brought to clinic because of poor development as well as vomiting, irritability, and a skin rash. The boy's mother also notes that his urine has a strange ""mousy"" odor. Physical examination reveals the child has an eczema-like rash, is hyperreflexive, and has increased muscle tone. He has a surprisingly fair-skinned complexion compared to the rest of his family. What is the most likely diagnosis?","Phenylketonuria (PKU) due to phenylalanine hydroxylase deficiency (or BH4 cofactor deficiency), classically causing a musty/mousy urine odor, fair skin, eczema, and neurodevelopmental delay.",1
ff767940-0c04-4231-bf6a-7a2c88c565ec,"A six year old child patient has blue-dome shaped swelling in posterior mandibular region, what will be the treatment plan?","Likely an eruption cyst/hematoma over an erupting mandibular first molar—reassure and observe, as it typically ruptures spontaneously. If painful, infected, or eruption is delayed, perform simple incision/unroofing (marsupialization) to expose the crown.",0.8
19c3bc2f-536e-4c99-870b-c18a183f0a35,"A patient has angina, dyspnea and syncope. Whatis the most likely diagnosis?","Severe aortic stenosis—the classic triad is exertional angina, syncope, and dyspnea/heart failure.",1
439ba7a3-f0f4-4a63-9411-2100425d9903,Golden period for treatment of open wounds is …………………….. hours,"6 hours.  
(Traditionally 6 hours for safe primary closure; modern practice may allow longer for clean wounds, e.g., up to 12 hours—24 hours on the face.)",0.5
c4c8a8cc-d1c1-415d-b2f9-257ef65114ef,A patient presented with thunder clap headache followed by unconsciousness with pregressive HI ranial nerve palsy. Likely diagnosis is -,"Aneurysmal subarachnoid hemorrhage, most likely from a ruptured posterior communicating artery aneurysm. The progressive third nerve palsy fits PCom aneurysm compression.",1
f5aa1a96-04cb-4556-b453-539b06b9e6e0,A 3 year old boy with normal developmental milestones with delayed speech and difficulty in communication and concentration.He is not making friends. Most probable diagnosis,"Autism spectrum disorder (childhood autism) — suggested by delayed speech, impaired social communication, and difficulty forming peer relationships.",1
11b62857-d9ad-4f27-98f4-ef5313ac02db,What is the diagnosis in this 31-year-old woman with gradual bilateral vision loss?,"Primary open-angle glaucoma — painless, progressive bilateral vision loss (classically peripheral first) with cupped optic discs.",0
989b7b53-74ab-44b8-936b-2eb9d2a50f7b,"A 40 year old patient has undergone an Open cholecystectomy. The procedure was repoed as uneventful by the operating surgeon. She has 100ml of bile output from the drain kept in gallbladder bed on the first postop day. On. Examination she is afebrile and anicteric. The abdomen is soft and bowel sounds are normally heard. As an attending physician, what should be your best possible advice","Likely a minor cystic duct/bed bile leak—keep the drain, observe and monitor drain output and LFTs; if output falls over the next 24–48 hours you can remove the drain, but if it persists/increases (>200 mL/day) or the patient deteriorates, obtain HIDA/MRCP and proceed to ERCP with stenting.",0.7
f4935bc0-fbb5-4c00-87f1-4dca69bb63f5,"An infant presents with lethargy, frontal bossing and bowing of legs. X-ray shows widening of epiphysis. What is the diagnosis?","Vitamin D deficiency rickets. The frontal bossing, bowed legs, and widened epiphyses on X-ray are classic features.",0.9
b2efcc3c-12cf-43a4-9a4e-fcb1836aac81,"A 55-year-old man who is on dialysis because of end-stage renal disease complains of pain in his jaw and left arm for 6 months. An X-ray of the left arm reveals multiple, small bone cysts and pathologic fractures. What is the appropriate diagnosis for this patient's bone lesions?",Osteitis fibrosa cystica (“brown tumors”) due to secondary hyperparathyroidism from chronic renal failure (renal osteodystrophy).,1
c37179be-4daf-47cc-a464-1e0d051ca4c9,Oudin procedure is a immunodiffusion by,The Oudin procedure is an immunodiffusion method of single diffusion in one dimension (antigen diffusing into an antibody-containing gel).,1
29902d4b-0e52-4ed4-ac93-887c558c5d2f,Latest drug used for treatment of MDR TB patients is ?,"Bedaquiline is the key newer drug for MDR-TB. Delamanid is another option, and pretomanid is the latest but used with bedaquiline and linezolid (BPaL) mainly for XDR or treatment-intolerant MDR-TB.",1
18881355-aacf-4a2a-bb5f-fb9ad1fd1791,"During an operation for presumed appendicitis , the patient's appendix is found to be markedly thickened and feels rubbery to firm. The serosa is edematous and inflamed and the mesentery is thickend with fat growing about the bowel circumference. Most likely diagnosis","Crohn disease involving the ileocecal region (regional enteritis), with transmural inflammation and mesenteric “creeping fat” causing a rubbery, thickened appendix.",0.9
8bf2172a-ebf0-43be-a19a-1461c9252723,"A 26 years male person has got injury to mid-arm. Patient developed wrist drop, finger drop and loss of sensation on dorsum of hand. Patient is able to do elbow extension. The diagnosis is",Radial nerve palsy at the spiral (radial) groove of the humerus—wrist/finger drop with dorsal hand sensory loss but preserved elbow extension.,0.5
890ab6d9-73da-41a8-b4c0-565d2ef7985d,Female patient with bilateral hilar lymphadenopathy and joint pain. ACE levels are elevated. The diagnosis in this patient is,"Sarcoidosis—specifically the acute Löfgren syndrome variant (bilateral hilar lymphadenopathy, arthritis, elevated ACE).",1
4fd11e75-cd5c-45e2-834e-785c9477fe04,"A patient with hypeension, under control by medication falls under which grade",ASA II — well-controlled hypertension (on medication) is classified as a mild systemic disease.,1
6059a102-4f5b-4356-9968-cabc1a53c3af,"A patient presents with Ahritis, hyperpigmentation of skin and hypogonadism, likely diagnosis is?","Hereditary hemochromatosis (iron overload).  
It classically causes arthropathy, skin hyperpigmentation, and hypogonadism from iron deposition.",1
59f79d9f-b1cb-4b1a-a89d-c5fd30ff89af,85A middle aged man complains A upper abdominal pain after a heavy meal There is tenderness in the upper abdomen and on X ray widening of the mediastinum is seen with pneumo mediastinum what is the diagnosis?,Boerhaave syndrome (spontaneous transmural esophageal rupture) causing pneumomediastinum and mediastinal widening after a heavy meal.,0.9
6a5b0863-860d-40d2-bedf-95db4d52db63,"A 50 yr old male Raju present with occasional dysphagia for solids, regurgitation of food and foul smelling breath. Probable diagnosis is ?","Zenker’s diverticulum (pharyngoesophageal diverticulum). The combination of dysphagia for solids, regurgitation of undigested food, and foul breath is classic.",0.95
1560065c-cee4-4200-9feb-46de5de1ba2a,"A male executive, 50 year of age is seen in casualty with hypotension and hematemesis. There is previous history suggestive of alcohol intake of 100 ml. daily. The blood loss is around 2 litres. Most probable diagnosis is ?",Massive upper gastrointestinal bleeding from ruptured esophageal varices due to alcohol-related portal hypertension (cirrhosis) is most likely.,0.5
42e20784-2445-4664-8738-7fd05a75f442,A 15 year old female patient presents with pain in the calf muscles on exercise. Routine investigation reveals burgundy-colored urine (sample obtained after exercise). Histopathology of muscle shows deposits of glycogen in an excess amount. What is the diagnosis?,"McArdle disease (Glycogen Storage Disease type V) due to muscle glycogen phosphorylase (myophosphorylase) deficiency, causing exercise-induced cramps and myoglobinuria.",1
00ea0f74-831f-4ee4-9d6f-dfd7baad71fd,The likely diagnosis in a child with limb pain and pancytopenia is -,Acute leukemia—most commonly acute lymphoblastic leukemia (ALL). Limb (bone) pain with pancytopenia is classic.,0.95
33a75c6e-fcbb-419a-831d-bb2de75a3bb0,A patient came to AIIMS OPD with acute pain and watering from eye for 3 days. There was 3x2 mm ulcer on the cornea with ROLLED OUT margins and feathery and finger-like projections with minimal hypopyon. What is the diagnosis?,"Fungal keratitis (mycotic corneal ulcer), classically due to a filamentous fungus like Aspergillus or Fusarium.",1
db328067-9030-431b-af52-c092ed2804f8,"A patient comes with bleeding due to warfarin overdose, as a treating physician what is the immediate treatment to treat warfarin induced bleeding :","Immediate reversal is 4‑factor prothrombin complex concentrate (PCC) plus 5–10 mg IV vitamin K (slow infusion) while holding warfarin and controlling bleeding. If PCC is unavailable, give fresh frozen plasma.",1
e9577f3f-8ac6-43b8-9b38-7300286a5c7c,A 6 day old newborn infant develops lectonuria seizures and hypoglycemia. The likely diagnosis is –,"Classic galactosemia (galactose-1-phosphate uridyltransferase deficiency), which presents in the first week after milk feeds with hypoglycemia and seizures.",0
a7e8245d-2a81-4315-8c57-37c3b3a9eb0a,A 70-year-old man presents with deterioration of vision 3 weeks after cataract extraction and IOL implantation. Slit lamp examination shows honeycomb maculopathy and Fluorescin angiography (FA) shows 'flower petal' hyperfluorescence. The most likely diagnosis is:,"Pseudophakic cystoid macular edema (Irvine–Gass syndrome).  
The petaloid “flower-petal” hyperfluorescence on FA and onset a few weeks post-cataract surgery are classic.",1
62b6bcc3-1682-4cbf-bcaa-fd2dab877a81,A 17-year-old boy presents with chronic low back pain and stiffness for the past 8 months. He denies any GIT or genital infections. His temp is 98.6 F. Lab investigation shows normal ESR and negative RA factor. X-ray films of the vertebral column show flattening of the lumbar curve and subchondral bone erosion involving the sacroiliac joints. Most likely diagnosis?,"Ankylosing spondylitis (a seronegative spondyloarthropathy) with sacroiliitis and loss of lumbar lordosis, classically HLA‑B27–associated.",1
b78e68a0-2bb2-4174-85b9-a83a164a351e,"10 years old child with 10 days continuous fever with soft, enlarged spleen, diagnosis is-",Enteric (typhoid) fever.,0.9
84bf73c4-f079-478d-89d4-99e651d534a8,20-year-old male with history of RTA presents with breathlessness. Stratosphere sign on USG with M mode is seen. What is the probable diagnosis?,Traumatic pneumothorax. The M‑mode “stratosphere/barcode” sign indicates absent lung sliding consistent with pneumothorax.,1
65a74207-7adb-4020-8292-d500d9beb7f6,"A 21 year old female presents with oligomenorrhea. On examination she has excess facial hair growth, and lab investigation showed an increase in free serum testosterone levels. USG abdomen done shows normal ovaries. What is the most probable diagnosis?","Polycystic ovary syndrome (PCOS) — she meets two Rotterdam criteria (oligo‑ovulation and clinical/biochemical hyperandrogenism), and a normal ultrasound does not exclude PCOS.",0.5
bc059ed0-03c0-4dc5-8a59-ddd7be478ebd,USG examination of an 8 weeks pregnant female shows a gestational sac with absent fetal pas. The diagnosis is:,"Anembryonic pregnancy (blighted ovum), i.e., an empty gestational sac without a fetal pole at 8 weeks.",1
d0d8c95e-d1c1-4c8d-a727-d0e2e3481843,"A 10-year-old boy apparently normal at bih had delayed walking and had difficulty in walking. As years passed, weakness increased and now is wheelchair bound. What is your diagnosis","Duchenne muscular dystrophy—an X-linked dystrophinopathy causing delayed walking, progressive proximal weakness (often with calf pseudohypertrophy), and loss of ambulation by late childhood.",1
beb25954-c64b-4c63-885a-dcc5ca028056,"A two-month-old infant is brought to the hospital emergency with marked respiratory distress. On examination, the infant has cyanosis and bilateral crepitations. Heart rate is 180/min, respiratory rate 56/min and the liver span 7.5 cm. The child has had repeated episodes of fever, cough and respiratory distress since the time of birth. Cardiovascular examination reveals a grade III ejection systolic murmur in left parasternal area and the chest X-ray reveals cardiomegaly with a narrow base and plethoric lung fields. What is the most likely diagnosis ?","Transposition of the great arteries, likely with a large VSD/PDA causing increased pulmonary blood flow. The early cyanosis, heart failure, ejection systolic murmur, and CXR showing cardiomegaly with a narrow mediastinum and plethoric lungs are classic.",0.5
f85fe069-db10-4644-97d9-ff68ad6c1f34,A patient presents with hemoptysis and hematuria few weeks after a respiratory tract infection.ANCA antibodies are present.Likely diagnosis is:,"Granulomatosis with polyangiitis (Wegener’s), an ANCA‑associated small‑vessel vasculitis causing a pulmonary‑renal syndrome.",0.4
77c086b5-572a-41c6-bd5b-ea512394a451,"A 22-year-old male basketball player presents with a swollen, painful left knee. He was on a fast break and as he began to jump for an alley-oop, he felt his knee give out and he collapsed to the floor. What is the most likely diagnosis",Anterior cruciate ligament (ACL) tear. The non-contact pivot/jump with the knee “giving way” and rapid swelling is classic for an acute ACL rupture.,1
2e8fd97a-4ac4-4b4b-b870-b97dc2877349,A 46-year-old diabetic man complains of soreness of the left leg. He is moderately obese. He had undergone cholecystectomy 2 weeks ago. Examination revealed swelling in the lower leg along with tenderness in the calf that increased when the calf was gently squeezed. No redness of the leg was noted and the patient was a febrile.What is the most likely diagnosis?,"Acute deep venous thrombosis (DVT) of the left calf. The postoperative status, leg swelling, and pain worsened by calf squeeze (Moses sign) strongly suggest DVT.",1
fc35be4b-0d04-4f20-b113-a7cacdaef2e8,15 year old boy presented with a mass in the distal femur. X-ray from the lesion showed features of Codman's triangle and Sunray appearance. The diagnosis is:,Osteogenic sarcoma (osteosarcoma). The Codman triangle and sunburst (sunray) periosteal reaction in an adolescent distal femur are classic for this diagnosis.,1
07dedc7c-dcf0-419d-8879-d3ec067223b0,"A child 10 yrs of age presents with a mass on his left thigh. The mass seems to be arising from diaphysis of femur, and involving the soft tissue of thigh. The child is having fever also. Give your most probable diagnosis:",Ewing sarcoma of the femoral diaphysis—diaphyseal bone tumor with a soft-tissue mass and systemic symptoms like fever.,1
130531ce-6f38-4458-a6eb-63de239c68f8,"A 7 years girl, parents gave history of fever for which she was treated with Paracetamol following which the fever subsided. Later she developed seizures and altered sensorium. The urine examination revealed oxalate crystals on microscopy, Blood anion gap and osmolality were increased. The diagnosis is:","Ethylene glycol (antifreeze) poisoning, causing high anion gap metabolic acidosis with increased osmolal gap and calcium oxalate crystalluria. Urgent therapy is fomepizole (or ethanol) and hemodialysis.",1
39603c8d-cdb3-4a8d-ab36-10e244afe567,A 55-year-old man presents with a solitary breast mass and biopsy reveals malignant cells. Immunohistochemical staining show that the tumor cells are positive for estrogen receptor (ER) and negative for Her2/neu. What is the most likely diagnosis?,"Invasive ductal carcinoma, most likely the ER-positive/HER2-negative (luminal A) subtype, which is the commonest male breast cancer.",1
e944aca0-6514-4b04-8937-e1d1e3b149dc,"A 10-year-old boy has had persistent headaches for the past 3 months. On physical examination, he is afebrile. He has an ataxic gait and dysdiadochokinesia. CT scan of the head shows a 4-cm cystic mass in the right cerebellar hemisphere. Cerebral lateral ventricles are enlarged. A lumbar puncture is done. The CSF protein concentration is elevated, but the glucose level is normal. Neurosurgery is performed, and the mass is removed and sectioned. On gross examination, the mass is a cyst filled with gelatinous material. The cyst has a thin wall and a 1-cm mural nodule. Microscopically, the mass is composed of cells that stain positive for glial fibrillary acidic protein (GFAP) and have long, hair-like processes. What is the most likely diagnosis?",Pilocytic (juvenile) astrocytoma of the cerebellum. This fits the cystic mass with mural nodule in a child and GFAP-positive tumor cells with long hair-like processes (often with Rosenthal fibers).,0.9
d6823b65-cb11-4a18-996f-22d1d4a85163,A 45 year old hypertensive male patient presented in the casualty with two hours history of sudden onset of severe headache associated with nausea and vomiting. On clinical examination the patient had necks stiffness and right sided ptosis. Rest of the neurological examination was normal. What is the clinical diagnosis -,"Aneurysmal subarachnoid hemorrhage, most likely from a ruptured posterior communicating artery aneurysm causing ipsilateral oculomotor (III) nerve palsy with ptosis.",0.9
3563e351-51f0-42f1-a573-922ddc7f2fe7,"80 years old female after fall developed an inability to walk with external rotation deformity, on examination SLR is not possible and broadening of the GT and lateral border of foot touching the bed. The most probable diagnosis is -","Intertrochanteric fracture of the femur. The external rotation, inability to SLR, and broadened greater trochanter with the lateral foot border resting on the bed are classic.",1
01f597d0-7990-433c-8bda-bbaa7a8296f5,"A 60 years old male had a sudden fall in toilet. His BP was 90/50 mm Hg and PR= 100/min. His relatives repoed that he is a known case of hypeension and CAD plus had a history passing black tarry coloured stools (multiple episodes) and was regularly taking aspirin, atenolol and sorbitrate. The most likely diagnosis:","Acute upper gastrointestinal hemorrhage (melena), most likely a bleeding peptic ulcer precipitated by aspirin, leading to hypovolemic shock/syncope.",0.9
c4b1e706-479d-4b53-aeb3-97af4806a631,A patient of 45 yrs old Having ahritis with involvolvement of PIP 4 DIP and 9 MCP and sparing of wrist and ankle diagnosis ?,Psoriatic arthritis is most likely—DIP involvement with PIP/MCP and sparing of the wrists/ankles is atypical for RA. Look for psoriasis or nail changes (pitting/onycholysis) to support the diagnosis.,0
2963f4c7-af24-4e23-841c-887909466800,"In a young patient presenting with recurrent vitreous hemorrhage, diagnosis is:","Eales disease—idiopathic retinal periphlebitis causing peripheral ischemia, neovascularization, and recurrent vitreous hemorrhages in young adults.",1
1325e93d-d3e0-4a41-82fd-b614c42d94e1,A one month old female child has swelling over the back in the sacral region. There is no cough impulse in the swelling. X-ray examination shows erosion of the coccyx. The most likely clinical diagnosis would be,Sacrococcygeal teratoma. The female neonate with a sacral mass and X‑ray showing coccygeal erosion (and no cough impulse) is classic for this diagnosis.,1
40e0cce0-2b07-491e-ada1-d70fac100f36,In surgical procedure NOTES entry point is through -,Through a natural orifice—most commonly transgastric via the mouth or transvaginal (also possible: transrectal/transcolonic or transvesical)—with a transluminal incision to access the peritoneal cavity.,1
bc1804b8-e390-400e-ae31-439f431c756d,A 20-year old male patient presents with pain on movement. X-ray of knee joint shows lytic lesion on the upper end of tibia. What is the likely diagnosis?,Giant cell tumor (osteoclastoma) of bone.,1
50fb7672-cefe-4356-a2b2-2e4d756966e5,"A 65-year-old male comes to the OPD complaining of ongoing double vision which is worse when he is watching TV in the evening. He has also noticed that he feels weaker towards the end of the day and that his face is slightly puffy. On inspection, there is a paial ptosis of the left eye lid and his mouth hangs slightly open at rest. On examination, there are visibly distended neck veins. What is the most likely diagnosis?","Myasthenia gravis causing fatigable ocular and bulbar weakness, likely thymoma‑associated, with superior vena cava obstruction explaining the facial puffiness and distended neck veins.",1
6c963eeb-285a-4b40-8b0f-bb1d08bf74d2,The immediate treatment of 10 kg weight infants presented with tetany:,Give 10% calcium gluconate 1 mL/kg (≈10 mL for 10 kg) IV slowly over 10–20 minutes with cardiac monitoring. Repeat if needed and check/correct magnesium.,1
08ea41f3-c07f-4988-beec-1eb5668e59d5,"A 45-year-old man present with a daily headache over the past 3 weeks. Each attack lasts about an hour and awakens the patient from sleep. It is associated tearing and reddening of his right eye. The pain is deep, excruciating, and limited to the right side of the head. The neurologic examination is normal. The most likely diagnosis:","Cluster headache (episodic), a trigeminal autonomic cephalalgia characterized by severe unilateral periorbital pain lasting ~1 hour with ipsilateral tearing/redness and nocturnal attacks.",1
76cf6e2b-ec54-40f2-af50-ef2716d42dfe,"A child has a splenic mass with a mediastinal mass. He appears pale, has red eyes and suffers from recurrent infections. Possible diagnosis is -","T‑cell lymphoblastic lymphoma/acute lymphoblastic leukemia, which commonly presents in children with a mediastinal mass (often causing red eyes from SVC congestion), splenic involvement, pallor, and recurrent infections from marrow suppression.",0.9
edbcd970-a8c4-4d3d-a378-609758e53d9e,"An unconscious patient is brought to causality, requires emergency neurosurgical evacuation, but no relatives or bystanders available. The doctor doing the emergency procedure is protected under",Section 92 of the Indian Penal Code—act done in good faith for a person’s benefit without consent (the emergency/implied consent doctrine).,1
1cd970be-2da7-4776-92d8-791846de6edf,"A 63-year-old woman presents for workup to determine the reason for a gradual hearing loss over approximately 5 years and intermittent tinnitus over the last several months. Findings on physical and neurologic examination are entirely within normal limits, except for the presence of sensorineural hearing loss in the left ear. She has no cranial nerve deficits. An MRI of the brain with gadolinium reveals the presence of an extra-axial tumor in the region of the left cerebella-pontine angle. What is the most likely diagnosis?",Vestibular schwannoma (acoustic neuroma) arising from the vestibular branch of CN VIII at the cerebellopontine angle.,1
5dd98ac7-79f1-4b05-8cbb-c1096f76812f,A 56-year-old man is surgically treated by a four-vessel coronary aery bypass graft procedure and placed on prophylactic daily aspirin therapy. Aspirin has been shown to prevent recurrent myocardial infarction through its ability to inhibit the synthesis of,"Thromboxane A2. Aspirin irreversibly inhibits platelet COX-1, blocking TXA2 synthesis and thus platelet aggregation.",1
d1bbdc59-4f0a-488f-8271-7c7d7d96a41f,"A child presents with seborrheic dermatits, lytic skull lesions, ear discharge and hepatosplenomegaly, likely diagnosis -","Langerhans cell histiocytosis (disseminated form, e.g., Letterer–Siwe disease).",1
16c6d79c-df9c-4067-8c4d-47d1504eac95,A pregnant woman with fibroid uterus develops acute pain in abdomen with low grade fever and mild leucocytosis at 28 weeks. The most likely diagnosis is?,"Red (carneous) degeneration of a fibroid.  
It classically occurs in mid‑pregnancy and presents with acute localized pain, low‑grade fever, and mild leukocytosis.",0.95
329fb8a4-1832-4837-81f0-b057bce2598c,A 24 year old male complained of recurrent attacks of sore throat since 2 years. The total leucocyte count was 3000/ μl. A differential count revealed severe neutropenia. The diagnosis is,Agranulocytosis (severe neutropenia) causing recurrent pharyngitis.,0.9
1e297932-ad59-47d0-a2ee-d129fbfb2c1a,"Eight days after undergoing a hysterectomy, a 64-year-old woman complains of chest pain. After 12 hours, the internist orders tests to exclude MI. Which test will most likely support this diagnosis?","Elevated cardiac troponin (especially troponin I), which rises within 3–6 hours and remains elevated for 7–10 days, is the most sensitive and specific test at 12 hours after symptom onset.",0.5
a1e4424e-6808-44b0-9456-54fb8f807e72,"A 36 year old male patient presents with patchy loss of hair on scalp, eyebrows and beard. He also gives a history of rapid greying of hair in a few areas. The likely diagnosis is:","Alopecia areata. The patchy nonscarring hair loss across scalp, eyebrows, and beard with apparent rapid greying reflects preferential loss of pigmented hairs (canities subita/poliosis) typical of alopecia areata.",1
813ab731-232e-4ae4-a37d-e3a9ff70c9a1,"A 37 yr old man was reffered to NIMHANS Neurology opd with history of 2 episodes of GTCS, Headache, weakness on right side of body,behavior and personality changes. NCCT was given below what is the most probable diagnosis can be made?","Most likely a left frontal lobe glioma—particularly oligodendroglioma—given seizures, personality/behavior change, headache, and contralateral weakness.",1
24987b13-899e-404d-a2f5-46f486f314ce,A child patient comes to OPD with history of black central arch rashes on his body. What is your diagnosis?,"Most consistent with erythema multiforme presenting as target (bull’s‑eye) lesions with a dusky/necrotic center. If there’s fever and a single black eschar with surrounding erythema, consider a rickettsial infection such as scrub typhus.",0
2360d6b6-59f0-4a88-8d6e-f55c8dbab296,"5 month old child with hepatomegaly, Ketosis, hyperuricemia and malaise, diagnosis ?","Von Gierke disease (Glycogen storage disease type I, glucose‑6‑phosphatase deficiency). The combination of infantile hepatomegaly with fasting intolerance/ketosis and hyperuricemia is classic.",0.9
2fb10eb6-7899-4770-ae74-fd810d176a22,A 34 year old female comes to psychiatrist with complaints of ' always feeling worried'. She repos that she always feels anxious and irritable and that her sleep is worsening gradually. What is the likely diagnosis-,"Generalized Anxiety Disorder (GAD), characterized by excessive, uncontrollable worry with associated irritability and sleep disturbance persisting for months.",1
65ee4e2e-2596-485d-9382-d7314cbeb8be,"A 36 year old female with symptoms of hyperparathyroidism, tumor in pancreas, adrenal cortical hyperplasia, pituitary adenomas, islet cell tumor with cutaneous angiofibromas. What is the diagnosis ?","Multiple endocrine neoplasia type 1 (MEN1, Wermer syndrome) due to MEN1 gene (menin) mutation.",1
44e72b7a-de09-4ac5-b8d8-e37a85a3e672,A patient present with unilateral painful ophthalmoplegia. Imaging revealed an enlargement of cavernous sinus on the affected side. The likely diagnosis is:,Tolosa–Hunt syndrome—idiopathic granulomatous inflammation of the cavernous sinus causing unilateral painful ophthalmoplegia.,1
db978b72-8a3f-4074-837a-3711199aa6c6,Best treatment of endometriosis in a young girl is,"First-line is medical suppression: continuous combined oral contraceptives or a progestin (e.g., dienogest, DMPA, or LNG-IUS) with NSAIDs for pain. Reserve laparoscopy or GnRH agonists (with add-back) for refractory cases.",0.9
c1b13be8-e939-4545-a6d5-ea6514cb9ca5,A 16-year-old male was brought with removal of clothes while watching movies complaints of seeing wave like forms and sudden monocular blindness. The diagnosis is,"Photosensitive occipital lobe epilepsy (a focal seizure with visual aura/ictal blindness), likely triggered by watching movies.",0.5
70c6aaaa-5376-42df-878b-3590b9c3b679,"Kallu a 24 year old occasional alcoholic had got a change in behaviour. He has become suspicious that people are trying to conspire against him, though his father states that there is no reason for his fears. He is getting hallucinations of voices commenting on his actions what is most probable diagnosis.",Paranoid schizophrenia—he has first-rank symptoms (third-person running commentary and persecutory delusions) typical of schizophrenia.,0.9
c72a9715-ac00-44fd-be28-7627059b8792,After hepatitis B vaccination child with allergic family history and pruritis involving face & convexities developed numerous umblicated vesicles; which became pustular & haemorhagic & crusted. After 2 days child developed high fever and lymphadenopathy. The diagnosis is,Eczema herpeticum (Kaposi varicelliform eruption) — HSV superinfection in an atopic child.,0.9
f4134626-b155-4138-b723-8e30f79a0622,A 23-year-old male complains of recurrent scaly lesions on glans penis. It always occurred at the same site and healed with slight hyperpigmentation. What is the most likely diagnosis?,Fixed drug eruption—classically recurs at the same site on re-exposure to a medication and heals with residual hyperpigmentation.,1
aa5d344a-944f-4009-8eab-19c227b456c8,A woman comes to psychiatrist with history of spending a lot of time in washing her hands. She is distressed about it but says that she is not able to stop washing. This has staed to affect her social life as well. What is the best mode of treatment for her?,"This is obsessive–compulsive disorder; the best treatment is cognitive-behavioral therapy with exposure and response prevention (ERP). For moderate–severe symptoms, combine ERP with an SSRI (e.g., fluoxetine, sertraline, or fluvoxamine).",1
0b95714d-97bb-46ee-bb5b-2239e65a4556,10 year old chid has violaceous papule and pterygium of nails. The diagnosis is,Lichen planus. Nail pterygium is a characteristic nail change in lichen planus with violaceous papules.,1
9f402840-8b1f-4a22-b6ce-254ef9540300,"A 5-year-old girl complains of failure to attain menarche. Her height is 4 feet inches, secondary sexual characteristics are absent. If on USG uterus and vagina are seen LH and FSH levels are high. What is the next best step in conforming the diagnosis?","Order a chromosomal karyotype (± Y‑chromosome analysis), which will confirm gonadal dysgenesis (e.g., Turner 45,X or Swyer 46,XY).",1
e3a5f29a-805e-4f5c-b6ff-08bf26374e20,2-week old neonate with a history of stridor that improves when the baby assumes the prone position - what is treatment -,"Laryngomalacia — treat with reassurance and observation (most resolve by 12–18 months). Reserve supraglottoplasty for severe cases with apnea, hypoxemia, or failure to thrive.",0.75
b884f99f-bfb1-4c31-ab35-4e4164649563,Thrombolytics can provide relative morality reduction in the treatment of acute myocardial infarction if patient comes within,"Within 12 hours of symptom onset, with the greatest mortality benefit if given in the first 2–3 hours.",1
1f73023d-ef11-4c4c-8e53-db799234cf50,"A 9 yr old girl has a bleeding diathesis, with prolonged APTT but normal PT, and normal platelet count. The diagnosis is -","Von Willebrand disease. It commonly presents in girls with mucocutaneous bleeding, normal PT and platelet count, and a prolonged APTT due to reduced factor VIII stabilization.",0.95
9f3e5a84-0dd8-4f3e-884d-cd5fbfe9588f,"In a patient with gall stone disease, laproscopic cholecystectomy was performed & specimen was sent to pathology lab. The biopsied tissue was repoed as adenocarcinoma (Stage 1A ). What will be your treatment approach?",Stage IA (T1a) gallbladder adenocarcinoma is adequately treated by the completed cholecystectomy; no further surgery or adjuvant therapy is needed if margins are negative. Obtain baseline staging imaging and surveil; reserve radical re-resection (segments IVb/V with lymphadenectomy) only if margins are positive or if pathology is T1b+.,1
09d43a69-42e6-4de0-aab6-d3dc9d687e1c,A 60 year old male suffering from auditory hallucination says that people staying upwards are talking about him and conspiring against him. He dropped a police compliant against them but the allegations were proved to be wrong. The diagnosis is:,Paranoid schizophrenia (schizophrenia with prominent persecutory delusions and auditory hallucinations).,0.95
f0d7473e-a1fd-4e62-af2c-e453f3df0f99,"A 14 week post natal woman presents with fluctuant breast swelling ,what would be the treatment","Likely a lactational breast abscess—drain it (preferably ultrasound‑guided needle aspiration; if large/loculated, incision and drainage) and give anti‑staphylococcal antibiotics, sending pus for culture. Continue breastfeeding/pumping to keep the breast drained and use analgesia as needed.",0.9
e5db2ea9-d7ee-4803-8a02-399adcf46aef,"An 8-year-old girl with numerous hypopigmented, ulcerated, and crusted patches on her face and forearms develops an indurated, crater-like, skin nodule on the back of her left hand. Biopsy of this skin nodule discloses a squamous cell carcinoma. Molecular biology studies reveal that this patient has germline mutations in the gene encoding a nucleotide excision repair enzyme. What is the appropriate diagnosis?",Xeroderma pigmentosum. This autosomal recessive defect in nucleotide excision repair causes extreme UV sensitivity with early skin cancers like squamous cell carcinoma.,1
274540a4-f60c-4403-98b4-25e1b60ccd42,A 45-year-old obese patient presents with these lesions over her neck. What is your diagnosis?,"Acrochordons (skin tags), commonly seen on the neck in obese/insulin‑resistant patients; consider screening for diabetes.",0
5945f2d3-5b60-4d93-9eb9-14bcc0edd293,A young patient presents with significant loss of central vision and a normal ERG. There is no obvious family history of similar presentation. The most likely diagnosis:,"Stargardt disease (juvenile macular dystrophy), which typically causes early central vision loss with a normal full-field ERG and often lacks an obvious family history due to autosomal recessive inheritance.",1
69e7399a-403b-49b0-a785-87dae27bbd39,"Child of 1 year old presents with cough, cold and RR 40/minute. Your diagnosis is:","Pneumonia (fast-breathing pneumonia) per IMCI, since RR 40/min meets the fast-breathing threshold for a 12–59 month child with cough/cold.",0.5
e806c247-2fa4-4a9d-bd39-f93adcc543d1,"A 20 year old girl presents with pain abdomen and purpuric rash all over the body, most probable diagnosis is ?","Henoch–Schönlein purpura (IgA vasculitis). Characterized by palpable purpura with colicky abdominal pain, often with arthralgia and possible renal involvement.",1
5520efd8-a1aa-4c99-b4d1-d6171feab320,"Immediately after eating, a man develops swelling of face and lips, respiratory distress, intense pruiritis, hypotension and feeling of impending doom. The most likely diagnosis is",Anaphylaxis (anaphylactic shock) due to an acute IgE-mediated Type I hypersensitivity reaction to food.,1
10b8ff0a-426d-4620-a09c-cc3133ad4deb,What is the most-likely diagnosis of a 26 day old infant presenting with recurrent nonbilious vomiting with constipation and loss of weight?,"Infantile hypertrophic pyloric stenosis. Classically presents at 2–8 weeks with recurrent nonbilious (often projectile) vomiting, poor weight gain/weight loss, constipation, and may show an “olive” pyloric mass and metabolic alkalosis.",0.95
179561e4-1703-42e6-8da5-d241a6840aba,What could be the most appropriate provisional diagnosis for multiple nodular exophytic reddish lesions of oral mucosa in an AIDS patient?,Oral Kaposi sarcoma (AIDS-related KS) is most likely. Biopsy is needed to confirm and to distinguish from bacillary angiomatosis or pyogenic granuloma.,1
fe0d38dc-d543-4908-875e-70efd19b9cbb,An 11 year old 70 kg. child presents with limitation of abduction an internal rotation. There is tenderness in scarpas triangle. On flexing the hip the limb is abducted. The diagnosis is -,Slipped capital femoral epiphysis (SCFE/SUFE).,1
bb4429fe-85c2-46de-9711-e9cd3c9584eb,"A 6 year old mentally retarded male patient presents with hepatosplenomegaly, coarse facial features, corneal clouding, large tongue, prominent forehead, joint stiffness, short stature and skeletal dysplasia. What is the diagnosis?",Hurler syndrome (Mucopolysaccharidosis type I) due to α-L-iduronidase deficiency.,1
347bcdc6-ef32-4fca-9e3d-1f086c2d2f31,"A child presents with recurrent fracture, hearing problems and joint laxity. What is the most probable diagnosis?","Osteogenesis imperfecta (likely Type I), the brittle bone disease characterized by recurrent fractures, hearing loss, and joint laxity.",1
81bd1ec0-b241-4b22-ba91-e6b3278c2ff6,What is the the most probable diagnosis of a child who presents with white umbilicated lesions on face?,"Molluscum contagiosum—a poxvirus infection causing small, pearly, dome-shaped, umbilicated papules—is the most likely diagnosis.",1
e42e95c5-8a86-48f2-8548-fb8f8960cfe7,"A 9-year-old boy is brought with history of decreased urine output, cola colored urine and swelling of the face and hands, of 2 days duration. He is hypeensive, has a puffy face and pitting edema of the lower limbs. He has history of skin lesions 4 weeks earlier. A diagnosis of post streptococcal glomerulonephritis is made. ASO titers are likely to be?","Low/normal. In PSGN after skin infection (impetigo), ASO often isn’t elevated, while anti–DNase B is typically raised.",0.8
495497f9-b994-4815-affc-f974bbcd06da,"A 52 year old female came to OPD with dysphagia, hea burn and pain in joints of her fingers. She mentions that her fingers and toes turns blue on exposure to cold. Physical examination reveals thickened skin of her fingers and tender, painful small lumps under skin of flexor surface of hand, some of which drain white chalky substance. what is the clinical diagnosis?","CREST syndrome (limited cutaneous systemic sclerosis) — with calcinosis cutis (the chalky drainage), Raynaud phenomenon, esophageal dysmotility/heartburn, and sclerodactyly.",1
7be39154-9898-41ce-a097-ed2759fb8b34,The cold water treatment of burns has the disadvantage that it increase the chances of -,"Hypothermia, which can precipitate or worsen burn shock (especially with extensive burns).",0.5
023d8cff-cf4b-4485-82d6-0e3383c0a232,"A 65-year old man presented with skin lesions on his chest and left arm and shoulder six weeks after i returning from a cacation in Belize at the beach in the fain forest. The lesions occasionally stung, drained a dark exudates, and enlarged despite two weeks of treatment with cephalexin. The patient had no constitutional symptoms. Physical examination reverled five nodules of varying sizes with surrounding erythema and a central pore through which a single, moving larva was observed. This condition is caused by -","Furuncular myiasis caused by the human botfly, Dermatobia hominis, whose larvae invade the skin (often after eggs are deposited by a biting insect like a mosquito).",0
50ca31cd-ef0e-453c-b51e-d379cab8c040,A boy age 8 years came to your dental clinic with no crowding in both arches. Lateral cephalogram reveals SNA angle of 78 and SNB angle of 82 the line of treatment is,"Skeletal Class III (ANB −4°) from maxillary retrusion; treat early with maxillary protraction using a reverse‑pull headgear (facemask), often combined with rapid maxillary expansion.",0.5
e676bbd7-c40e-4d06-a6c9-6d5d7572f978,"A 1–month–old boy is referred for failure to thrive. On examination, he shows feature of congestive failure. The femoral pulses are feeble as compared to brachial pulses. The most likely clinical diagnosis is –","Coarctation of the aorta (infantile type), suggested by heart failure with weak femoral pulses compared to brachial pulses.",1
e0aa1def-b75b-4277-84c3-c4d140b0e598,A patient is being investigated for chronic diarrhoea. Small intestinal mucosal biopsy shows PAS positive foamy macrophages. The diagnosis is probably -,Whipple disease (Tropheryma whipplei infection). PAS-positive foamy macrophages in the small intestinal lamina propria are characteristic.,1
6c594b57-11b3-4960-9fe5-87847322c593,"A middle aged male, who is a diagnosed case of chronic ulcerative colitis, presents to emergency with fever and diarrhea for 1 week and acute onset pain abdomen for 6 hours. An erect abdominal X-ray was taken as shown. What is the likely diagnosis?","Toxic megacolon (acute toxic dilatation of the colon in ulcerative colitis), an emergency with risk of perforation.",1
c851001f-e3ea-4782-9779-583df1308358,A symptomatic patient underwent investigations and found out a pancreatic cyst of 7 cm in size. What is the treatment of choice for this patient?,"Endoscopic (EUS-guided) internal drainage—typically a cystogastrostomy—is the treatment of choice for a symptomatic 7 cm pancreatic pseudocyst. If imaging suggests a cystic neoplasm rather than a pseudocyst, surgical resection is indicated.",1
58105a21-9fc1-47c2-b9f1-2040200904e6,A thirty year old male presents to the emergency department with symptoms of epigastric pain radiating to back. He gives a history of epigastric pain that wakes him up at nights and is relieved by consuming food. His past history reveals past 2 episodes of perforated duodenal ulcers which were treated with omental patch surgeries. Pain before and after the surgery has been controlled with proton pump inhibitors and analgesics. The likely diagnosis on the occassion is,"Zollinger–Ellison syndrome (gastrinoma) causing recurrent, complicated duodenal ulcers. Confirm with fasting serum gastrin, low gastric pH, and secretin stimulation test, and screen for MEN1.",0.5
4ee939cd-1023-4158-b8b7-cd9828023a9b,A 2-year old male child has been limping ever since he has started walking. Examination reveals a short right lower limb with limited abduction at the hip. the Trendelenburg sign is positive however telescopy is absent. The most probable diagnosis is-,"Developmental (congenital) coxa vara of the right hip. 
The painless limp since walking, limb shortening, limited abduction, and positive Trendelenburg with absent telescopy point to a located hip with abductor insufficiency typical of coxa vara.",0.9
a7478329-ac1f-47b2-927f-5735e0aaead3,"A 16-year-old girl comes to the hospital with chest pain and respiratory distress. On physical examination, the patient is sho of breath, wheezing and gasping for air. A prominent pansystolic hea murmur and a prominent third hea sound are heard on cardiac auscultation. An X-ray study of the chest shows marked enlargement of the hea. The patient expires despite intense suppoive measures. At autopsy, microscopic examination of the myocardium discloses aggregates of mononuclear cells arranged around centrally located deposits of eosinophilic collagen. What is the appropriate diagnosis?",Acute rheumatic carditis (rheumatic myocarditis) with Aschoff bodies from post-streptococcal rheumatic fever.,0.7
dc423b10-1aec-4ee0-a363-94c324772537,"A child develops non-blanching macules and papules on lower extremities, mild abdominal pain and skin biopsy showed IgA deposition. Most appropriate diagnosis is",Henoch–Schönlein purpura (IgA vasculitis).,1
f391b63b-f5b0-4e5e-912c-fb8aea8d7e49,"70 years old lady underwent Right Radical mastectomy 10 years back, now presents with multiple subcutaneous nodules in right upper limb. Most probable diagnosis is",Lymphangiosarcoma of the lymphedematous arm (Stewart–Treves syndrome) following post-mastectomy lymphedema.,0.9
ad9d3916-9bc4-45ac-b6ea-916c3cd81aba,"A man presents with weakness, pain in upper abdomen, hyperpignientation, arthritis, hyperglycemia and an enlarged palpable liver. Most probable diagnosis is:","Hereditary hemochromatosis (iron overload) — “bronze diabetes” with hyperpigmentation, diabetes, hepatomegaly, arthropathy, and abdominal pain.",1
00de83e8-aabe-4ca8-8259-6e3b65c48b39,A 45-years-old multipara presents with dysmenorrhea and menorrhagia.Uterus is symmetrically enlarged up to 14 weeks. What is the probable diagnosis?,"Adenomyosis—classically presents in multiparous women with dysmenorrhea, menorrhagia, and a uniformly enlarged (about 14‑week) uterus.",1
29c451bf-2c44-4476-9f1b-011ab2690804,"A two-year-old male child was given 8 days of cefaclor of 10 days course. The child developed low grade fever, malaise, lymphadenopathy, irritability, generalized erythematous rash which are mildly pruritic. Most probable diagnosis is",Serum sickness–like reaction due to cefaclor.,0.5
72d0b210-0b89-4f19-a0a1-04769d5c4dc1,19 years male develops painless penile ulcers 9 days after sexual intercourse with a professional sex worker likely diagnosis is –,Primary syphilis (hard chancre due to Treponema pallidum). Painless genital ulcer with incubation around 9–90 days fits best.,0.9
220e02f8-3a73-499e-a578-b1517a9e1f19,"An 18 year old male presented with acute onset descending paralysis of 3 days duration. There is also history of blurring of vision for the same duration. On examination, the patient has quadriparesis with areflexia. Both the pupils are non-reactive. The most probably diagnosis is","Food-borne botulism—acute symmetric descending flaccid paralysis with cranial nerve involvement (blurred vision, fixed nonreactive pupils) and areflexia.",0.8
45cbe1b2-de5b-4851-aa3f-a1d7fd1ab8a2,A 25 year old man presented with fever and cough for two months. CT chest showed bilateral upper lobe fibrosis and mediastinal enlarged necrotic nodes with peripheral rim enhancement. What is the most likely diagnosis?,Pulmonary tuberculosis—post‑primary TB with caseating (rim‑enhancing) mediastinal lymphadenitis.,1
452bc0f8-bc03-465d-864d-8b064a49598b,"An infant has hepatosplenomegaly, hypoglycemia, hyperlipidemia, acidosis and normally structured glycogen deposition in the liver. What is the diagnosis –",Von Gierke disease (Glycogen storage disease type I) due to glucose‑6‑phosphatase deficiency.,1
c262f714-6b1b-40a5-a1c9-2b45aa967ac4,A 25-year-old young adult presented with painless red eye with 10P of 60 mmHg. What is the most likely diagnosis?,"Posner–Schlossman syndrome (glaucomatocyclitic crisis) — a unilateral, painless red eye with very high IOP in a young adult.",1
7f810252-13df-404b-9fca-1ef8fccb8b5b,"After extraction of upper central incisor, patient develops ophthalmoplegia, meningitis and lateral rectus paralysis. The diagnosis is","Cavernous sinus thrombosis (septic).  
The infection spread from the upper incisor region causing CN VI palsy, ophthalmoplegia, and meningitis.",1
b2e6fc90-3183-472d-a657-18e954a103dd,"A homosexual person feels that he is imposed by a female body & persistent discomfort with his sex, diagnosis is -",Gender dysphoria (formerly called gender identity disorder or transsexualism).,0.9
0a1b5435-1667-4b0d-8142-953ca39d49a5,"An adult male patient presented in the OPD with complaints fo cough and fever for 3 months and haemoptysis off and on, His sputum was positive for AFB. On probing it was found that he had already received treatment with RHZE for 3 weeks form a nearby hospital and discotinued. How will you categorize and manage the patient -","Categorize him as a new, microbiologically confirmed pulmonary TB case (prior ATT <1 month). Start standard first-line regimen 2HRZE/4HR (daily FDC under NTEP with adherence support), do baseline Xpert MTB/RIF (DST) and HIV testing, notify and trace contacts, and check sputum at end of IP and end of treatment.",0.7
f0763dfd-0ee2-479d-af69-3dde038bbe68,"A 25 year old male presents with painless sudden loss of vision, ocular and systemic examination is not contributory. What is probable diagnosis –","Retrobulbar optic neuritis (“the patient sees nothing, the doctor sees nothing”) is most likely.",0.5
30a51e42-9e10-4997-91ba-d5fffaa6bf01,25 yrs old labourer 3 yrs back presented with penile ulcer which was not treated. Later he presented with neurological symptoms for which he got treated. Test to monitor response to treatment is-,"Serial quantitative non‑treponemal titers (VDRL/RPR), i.e., monitor fall in VDRL titer.",0.8
f9fb4bd8-38b9-45e8-83fc-99ec541be647,A 25 year old boy presents with renal failure. His uncle died of renal failure three years ago. Slit lamp examination reveals Lenticonus / Keratoconus. The likely diagnosis is:,"Alport syndrome (hereditary nephritis, typically X‑linked), characterized by renal failure with ocular changes like anterior lenticonus.",0
1193d095-ebe1-4d1e-805e-066eb63a1636,"A patient reaches a steady state level of lithium that produces toxic side effects. If he decides to discontinue his medication, how long would it take for his lithium blood levels to reach 25% of his original steady state levels assuming a half life of 22 hours for lithium?","About two half-lives, so roughly 44 hours (≈2 days) to reach 25% of the steady-state level.",1
d59c5285-639c-43fc-8075-156b07780a9a,"A 1-year-old child presented with a swelling in the left flank with episodes of flushing, diarrhea, sweating and bone pain. The diagnosis is -","Neuroblastoma (likely adrenal), with catecholamine/VIP secretion causing flushing, diarrhea, sweating, and bone pain.",1
15d49c66-f26b-49d7-8c27-b9d7435ce22d,A 32 - year- old male psychiatric patient complains that he feels tremors on movement. He is on some medication and feels always thirsty and frequently has to urinate. The most likely drug he is taking is?,Lithium. The intention tremor and marked polydipsia/polyuria (from nephrogenic diabetes insipidus) are classic lithium side effects.,1
a1edd83c-00b6-4131-9e40-c6a49d2539f6,"A 60-year-old women presents with a 2-week history of uterine bleeding. Gynecologic examination reveals an enlarged uterus. The hysterectomy specimen shows a large polypoid mass involving the endometrium and myometrium. Histologic examination reveals malignant glands and malignant stromal elements, including striated muscle and cartilage. What is the appropriate diagnosis?",Uterine carcinosarcoma (malignant mixed Müllerian tumor) with heterologous sarcomatous elements (rhabdomyoblastic and cartilaginous differentiation).,1
3127320e-04d9-462f-81c1-73789b27a6e9,"A 47-year-old man has had dull, constant pain in the midsection of the right thigh for the past 4 months. On physical examination, there is pain on palpation of the anterior right thigh, which worsens with movement. The right thigh appears to have a larger circumference than the left thigh. A radiograph of the right upper leg and pelvis shows no fracture, but there is an ill-defined soft-tissue mass anterior to the femur. MRI shows a 10x8x7 cm solid mass deep to the quadriceps, but it does not involve the femur. Karyotypic analysis of tumor cells reveals t (12;16) (q13; p11) with amplification of the MDM2 gene. What is the most likely diagnosis?","Myxoid liposarcoma of the thigh. The t(12;16)(q13;p11) (FUS–DDIT3) translocation is characteristic, and MDM2 amplification supports a liposarcoma diagnosis.",0.9
a34ccb3b-21c0-47a7-8a3f-9fa0d8b1c0af,A 9 yr old child is restless. He is hyperactive and his teacher complains that he does not listen to the teachings. Disturbs other students he also shows less interest in playing.The likely diagnosis is:,"Attention-deficit/hyperactivity disorder (ADHD), a hyperkinetic disorder characterized by inattention, hyperactivity, and impulsivity.",1
18ab34f6-996a-4bd3-a0bd-90a6779ed210,A 40 years old female presents with a 2 years history of erythematous papulopustular lesions on the convexities of face. There is background of erythema and telangiectasia. The most probable diagnosis would be?,"Papulopustular rosacea (acne rosacea), given central facial erythema with telangiectasia and papulopustules without comedones.",1
9cdacfbf-345a-4818-b451-a8e0d42578a7,"A 3-day-old boy delivered at 32 weeks of gestation is experiencing respiratory distress syndrome. The physician detects a hea murmur characteristic of a patent ductus aeriosus, a diagnosis that is confirmed with an echocardiogram. Which embryonic structure is involved in this diagnosis?",The patent ductus arteriosus derives from the left sixth aortic arch (which normally becomes the ductus arteriosus/ligamentum arteriosum).,0.5
72de5c4e-5d5e-4c75-9cce-43a8a80035cd,"7-year-old male child present with normal vision 6/6 in right eye & hand movement perception close to the face in left eye. On fundoscopy, his right eye was normal & left eye showed retinal detachment, subretinal yellowish exudates and telangiectatic vessels. The most likely diagnosis is?","Coats disease (idiopathic retinal telangiectasia with exudative retinal detachment), classically unilateral in young boys with subretinal yellow exudates and telangiectatic vessels.",1
fde8f207-22f9-4069-b988-714cee31ba23,"When quinine was used as a treatment during a malaria outbreak, a small propoion of patients developed blackwater fever i.e. chronic kidney damage from the autoimmune effects of complement mediated hemolysis of quininized RBCs. In this case, what was the role of quinine?","Quinine acted as a hapten, binding to RBC membranes to form a neoantigen that triggered antibodies and complement-mediated (type II) hemolysis.",1
655d46a1-a0c8-48dd-bbd6-9e81c69bbb86,"A 15-year-old boy has unilateral nasal obstruction, mass in the cheek and epistaxis, the diagnosis is:",Juvenile nasopharyngeal angiofibroma—a benign but highly vascular tumor classically seen in adolescent males with unilateral obstruction and recurrent epistaxis.,1
ac1b541c-33a6-4229-abf8-97fd16ce9b71,"A 4 years child presents with a history of chronic left lower lobe pneumonitis. On contrast bronchography, the area involved with the pneumonitis does not fill whereas the area around it does fill. The most likely diagnosis ?","Pulmonary sequestration (likely intralobar), a non-communicating segment of lung causing recurrent left lower lobe infections and non-filling on bronchography.",1
7aafba8e-13a3-49ff-82f7-f0922eb1f30d,A patient with cushinoid features presents with hemoptysis: he shows no response to dexamethasone supression test; most likely diagnosis here Is,"Ectopic ACTH–producing small cell carcinoma of the lung (paraneoplastic Cushing’s), given hemoptysis and failure to suppress with dexamethasone.",0.9
086c7192-fdbf-48d7-b0bb-c1be7ada5945,You are examining a direct inguinal hernia in a 45 year old man. On examination the swelling is doughy in consistency and dull on percussion. The swelling is reducible but reduction is difficult towards the end. What is your diagnosis?,"Omentocele (inguinal hernia containing omentum).  
The doughy feel, dullness to percussion, and difficult terminal reduction point to omental content rather than bowel.",0.5
f42b551d-8f1f-4765-8f9f-ba60b76f49ab,A 25 years old basket ball player suddenly collapsed while undergoing an athletic event and died. At autopsy the septum was hyperophied. The most probable diagnosis is-,"Hypertrophic obstructive cardiomyopathy (asymmetric septal hypertrophy), a classic cause of sudden cardiac death in young athletes.",1
f91c17f4-edca-4edf-b5ba-d04d36273f95,A 35-year-old woman presents with infertility and palpable pelvic mass. Her CA-125 level is 90 mIU/mL diagnosis is:,"Endometriosis (ovarian endometrioma).  
Infertility with a palpable adnexal mass and a mildly elevated CA‑125 (~90) is classic for endometriosis rather than ovarian cancer.",0.9
07cbae59-548c-4755-b118-68b28d197283,A 70 years old female is on treatment with Alendronate for 7 years for osteoporosis. Now she complains of pain in right thigh. What is the next investigation to be performed?,Obtain plain radiographs (AP and lateral) of the entire femur—ideally both sides—to look for an atypical subtrochanteric femoral fracture.,1
e5dc32ac-3c05-4e65-853e-781467d318f4,"A 10 years child has unilateral nasal obstruction epistaxis, swelling over the cheek, the diagnosis is","Juvenile nasopharyngeal angiofibroma (JNA).  
This vascular tumor classically presents in adolescents with unilateral nasal obstruction, recurrent epistaxis, and sometimes cheek/facial swelling.",1
559a6436-0db8-4e31-998b-87ddaacf1aca,"A 25 year old male comes with a complaint of throbbing pain in the upper part of the cheek or entire side of face, heavy feeling in the face, which exacerbates on bending down and with associated pyrexia. The most probable diagnosis is","Acute maxillary sinusitis (acute rhinosinusitis), given facial pain/pressure over the cheek worsened by bending and associated fever.",1
f494b8e2-8ed9-4f18-bbc8-1bd9c7b52a6c,"A female patient Nandini presents with upper respiratory tract infection. After 15 days, she develops hematuria. Probable diagnosis is:","Acute post‑streptococcal glomerulonephritis (acute proliferative GN).  
The 1–2 week lag after a throat infection is classic, distinguishing it from IgA nephropathy (which causes hematuria within days).",1
95616a96-02bb-4d7b-927d-e0ff155dd156,"A 36 year old male with history of psoriasis was staed on systemic steroids. After stopping treatment, the patient developed pustules in a generalized distribution. Gram stain from pustule showed only pus cells. The cause is most likely to be:","Generalized pustular psoriasis (von Zumbusch type) precipitated by abrupt withdrawal of systemic corticosteroids, producing sterile pustules (only pus cells on Gram stain).",1
93405eee-803e-4bba-a7eb-1cd3687d2f1e,"A 42 year old patient comes with obesity, glucose intolerance, hypertension, alkalosis and proximal myopathy. Her ACTH levels did not drop after giving steroids. What is the diagnosis","Ectopic ACTH–dependent Cushing syndrome (e.g., small-cell lung cancer/carcinoid), as ACTH fails to suppress with dexamethasone. This explains the obesity, glucose intolerance, hypertension, metabolic alkalosis, and proximal myopathy.",0.7
9c0db01d-a045-44f8-8f60-5cc84da0ae67,40 year old man presented with swelling over foot with multiple sinus discharge. What is the likely diagnosis,"Mycetoma (Madura foot) — a chronic granulomatous infection of the foot causing swelling with multiple draining sinuses, often due to actinomycetes or fungi.",0.9
77c4a5dd-4f31-4376-b033-82d7781ed56b,"A patient presented with scarring alopecia, thinned nails, hypopigmented macular lesions over the trunk and oral mucosa. The diagnosis is",Lichen planus (with lichen planopilaris causing the scarring alopecia).,1
7a16846b-d2b9-471b-b713-75b424530d98,A child is spinned around by holding his hand by his father. While doing this the child started crying and does not allow his father to touch his elbow. The diagnosis is,Nursemaid’s elbow (pulled elbow) — radial head subluxation from annular ligament displacement due to traction.,1
0932e2a4-3ec7-44e8-9e68-7ec62ebf7769,A 60 yr old man has both HTN and DM for 10 yrs. There is reduced vision in one eye. On fundus examination there is a central bleed and the fellow eye is normal. The diagnosis is -,"Central retinal vein occlusion (CRVO). Unilateral vision loss with a central/macular hemorrhage in a hypertensive, diabetic patient is classic; diabetic retinopathy would more often be bilateral.",0.5
ed0175cc-7fc1-4069-97c1-a26a02d90e77,"Kaloo, 40 year old adult man on medication for psychiatric illness for the last 2 weeks, suddenly develops marked rigidity, immobility, fever, fluetuating BP and hea rate. Most likely diagnosis ?","Neuroleptic malignant syndrome (a life-threatening reaction to antipsychotics characterized by severe rigidity, hyperthermia, and autonomic instability).",1
e99c649f-1096-4de8-96b3-94706642aa53,"The patient presented with fever, coughing, headache. He developed a rash on the 4th day, what is the probable diagnosis?","Most likely measles (rubeola), as its rash typically appears around day 3–4 after fever and cough. Look for Koplik spots and a cephalocaudal maculopapular rash; confirm with measles IgM/PCR and isolate.",1
559657ad-3013-4cd8-a5de-977c64f1bc29,A 35-years-old man Ramu has fasting and postprandial blood sugar within normal limit but urine sugar is 3 plus (+++). The diagnosis is -,Renal (benign) glycosuria due to a low renal threshold for glucose.,0.9
3482a701-1b4f-4386-9a3f-2546b61b054f,A patient has hyperphosphatemia with sho metacarpals and associated cataract The diagnosis is-,"Pseudohypoparathyroidism (Albright hereditary osteodystrophy) due to PTH resistance.  
Features include hypocalcemia with hyperphosphatemia, short 4th/5th metacarpals, and cataracts.",1
eeb1375e-0a74-4f39-8f03-b12617254e94,A 45 year old lorry driver from Bihar presented with multiple necrotic ulcer which are painful on the penis. Tender inguinal lyphadenopathy was also present. What is the diagnosis ?,"Chancroid (soft chancre) due to Haemophilus ducreyi—characterized by multiple painful, necrotic genital ulcers with tender inguinal buboes.",1
0359a2bc-0169-4ed1-9548-643d377ac02c,"A male patient presented with agitation, restlessness and neck stiffness. He had undergone treatment for penile ulcer - 3 years back. Lab investigation used for prognosis of treatment:","Serial quantitative non‑treponemal titers (VDRL/RPR) are used to monitor response and prognosis; in suspected neurosyphilis, follow CSF‑VDRL titers.",1
6148b507-70d7-450a-9dd0-22281730d504,"A 55-year-old female presents with abdominal pain, distension, ascites and dyspnea. Her CA 125 levels are elevated. The most likely diagnosis is;","Advanced epithelial ovarian carcinoma (likely serous type), presenting with malignant ascites and possible pleural effusion, is most likely.",1
e6bb4cb9-9126-44b1-9606-b3dd5866db42,"patient complaints of pruritis of eye creases ,over the face after returning back from her sunflower field .most likely diagnosis is",Airborne allergic contact dermatitis (Compositae dermatitis) from sunflower/pollen exposure.,0.6
0b48cd60-9b0c-4b59-80f2-c03ecff229a5,What is the the most probable diagnosis of a child who presents with wrhite umbilicated lesions on face?,"Molluscum contagiosum. It’s a poxvirus infection causing small pearly, dome-shaped, umbilicated papules on the face and is usually self-limited in children.",1
9dda430b-251e-4761-aaba-8856ab311495,"A 15 year old male patient presents with the chief complaint of pain in abdomen. General examination reveals xanthomas present in clusters on back, buttocks and arms, legs. On percussion, hepatomegaly and splenomegaly can be appreciated. What is the most probable diagnosis for this child?","Familial chylomicronemia syndrome (Type I hyperlipoproteinemia due to LPL or ApoC‑II deficiency), causing severe hypertriglyceridemia with eruptive xanthomas, hepatosplenomegaly, and abdominal pain/pancreatitis.",1
731dbce7-9289-4546-b95d-2703c359dd79,"What is the most likely diagnosis in a 25 year old male patient with jaundice and Serum Total bilirubin 21, in which direct is 9.6 and alkaline phosphatase 84 KA units?","Obstructive (cholestatic) jaundice—most consistent with extrahepatic biliary obstruction (e.g., common bile duct stone), given the very high alkaline phosphatase with mixed but significant direct hyperbilirubinemia.",0.9
3ecb8273-7d8c-4241-8fb7-66ef0195e9d1,"Radiograph of mandibular 3rd molar shows fading of trabeculations and narrowing of canal in apical
region of tooth. What will be the diagnosis?",Intimate relationship of the mandibular third molar roots with the inferior alveolar canal (IAN) — high risk of IAN involvement during extraction.,0.5
1dcc8695-87ef-4166-a22b-b70930719712,A patient comes with fracture in symphysis and left angle region. What will be the treatment,"Establish occlusion with maxillomandibular fixation, then perform ORIF: two monocortical miniplates at the symphysis and a Champy miniplate along the external oblique ridge at the left angle (add an inferior border/reconstruction plate if the angle fracture is unfavorable or comminuted). Typically done via an intraoral approach with short-term postoperative MMF as needed.",1
6989a4d8-c68b-47a1-90ae-87296d634a8a,"During the month of December, a middle-aged patient with chronically dry skin develops widespread coin-shaped lesions, which begin as itchy patches of vesicles and papules, later ooze serum and crust over. These are most numerous on the extensor surfaces of the extremities and on the buttocks. He says that some of the lesions have appeared to heal and then reappear at the same sites. Most likely diagnosis?","Nummular (discoid) eczema. The coin-shaped, intensely pruritic, oozy-crusted plaques in winter on extensor surfaces and buttocks in a patient with xerosis are classic.",0.9
26ff843b-354a-43e5-afec-71ca38f2ac18,A 40 year old male presents with a painless cystic liver enlargement of four years duration without fever or jaundice. The most likely diagnosis is ?,"Hepatic hydatid cyst (Echinococcus granulosus). The long-standing, painless cystic hepatomegaly without fever or jaundice is classic for hydatid disease.",1
1a632391-af4c-4f40-989d-1c70580041fd,"3 year old child come in ER with Hv'o vomiting, loose watey motion for 3 days, on examination, child was drowsy, sunken eye. Hypothermia and skin pinch take time to revert back, diagnosis-",Acute gastroenteritis with severe dehydration (hypovolemic shock). Requires immediate IV rehydration per WHO Plan C.,0.9
14eeaf4c-ff1c-4115-9ef8-40a3ad3487b5,"A child has microcephaly, Blue eyes, Fair skin, and Mental retardation, Ferric chloride test is positive. What is the likely diagnosis -","Phenylketonuria (PKU) due to phenylalanine hydroxylase deficiency. The positive ferric chloride test reflects phenylpyruvic acid in urine, and the fair skin/blue eyes result from reduced melanin.",1
3bf6a9f9-68ee-4815-8fc9-e1514ef58b8f,"A 22-year-old man has features of arm span greater than height, subluxed lenses, flattened and dilation of the aortic most likely diagnosis is?","Marfan syndrome — an autosomal dominant FBN1 (fibrillin-1) disorder causing tall habitus with increased arm span, ectopia lentis, and aortic root dilation.",1
6f5b84b9-51f3-43d6-a388-dc859c7e8f5c,"A 25 year old women presents with a history of recurrent shortness  of breath and severe wheezing. Laboratory studies demonstrate that she a has a deficiency of C1 inhibitor, an esterase inhibitor that regulates the activation of the classical complement pathway. What is the diagnosis?","Hereditary angioedema due to C1 esterase inhibitor deficiency (autosomal dominant), causing recurrent angioedema with airway involvement.",0.9
7781d4c9-4a02-4243-b4cd-869aa2a581a6,A 50 year old male known case of myasthe-nia with erythemated shallow erosions with few blisters and scales. Oral mucosa is not involved. Immunopathology demonstrates IgG deposition on keratinocytes and auto antibodies against Dsg -1. The diagnosis is,Pemphigus foliaceus (superficial pemphigus) due to anti–desmoglein-1 with mucosal sparing.,1
98f50dea-ece4-48b9-a810-b004a3fb42c5,A woman aged 60 yrs suffers a fall; her lower limb is extended and externally rotated; likely diagnosis is:,"Fracture neck of femur (intracapsular) is most likely, as elderly patients typically present with an externally rotated (often shortened) limb after a fall.",1
443e98ed-2398-487f-bd5c-2c5a5ad5b11d,"A patient started having sudden headache and vomiting and got unconscious, diagnosis is","Most likely subarachnoid hemorrhage (ruptured berry aneurysm) presenting with a thunderclap headache, vomiting, and rapid loss of consciousness. This is an emergency—obtain immediate noncontrast head CT and urgent neurosurgical/critical care management.",1
1a9e62c8-6167-476c-89dc-bfcc97f1b351,A 60-year old female presented with decreased movements for the last 2 years with rigidity and vertical large square wave jerks. The most likely diagnosis is?,"Progressive supranuclear palsy (Steele–Richardson–Olszewski syndrome), characterized by axial rigidity and vertical saccadic abnormalities with square wave jerks.",1
c3395cb7-1377-4652-92f2-e3585317a0c7,A 60 year-old have prolonged history of tobacco chewing presented with symptoms of weight loss and dysphagia. Esophageal biopsy was taken from a projectile mass in the esophagus which is shown below. What is your likely diagnosis?,"Esophageal squamous cell carcinoma, likely keratinizing type (keratin pearls/intercellular bridges), consistent with tobacco-related risk.",1
8bf73fe1-0ef2-41f1-8212-718c5683405c,60 yr old male undergoes TURP. After 3 days patient develops altered sensitiveness and drowsiness. Most probable diagnosis is,TURP syndrome—acute dilutional hyponatremia from irrigation fluid absorption—causing altered sensorium and drowsiness.,1
deee3492-b517-4f1f-95d4-a0b61e45e967,"A four-year-old child presents with mild fever, malaise, purpura, arthritis, abdominal pain and microscopic hematuria. What would be the most likely diagnosis","Henoch–Schönlein purpura (IgA vasculitis). The combination of palpable purpura, arthralgia, abdominal pain, and microscopic hematuria in a young child is classic.",1
4a654366-b3d5-4264-ae78-ac2991f82b0b,A 20-year-old male presents with throat pain and easy fatigability of his voice. Indirect laryngeal examination revealed both cords approximately well but leaving a triangular gap in the interarytenoid. Your diagnosis is:,Puberphonia (mutational falsetto) with a characteristic posterior triangular glottic chink on phonation.,0.5
c5214ecb-eba5-491e-9b59-563fe024e54b,"A 88 years male patients presented with end stage renal disease with coronary artery block and metastasis in the lungs. Now presents with acute cholecystitis, patient's relatives need treatment to do something -","Given his extreme surgical risk and metastatic disease, prioritize nonoperative management: IV broad‑spectrum antibiotics (dialysis‑adjusted), analgesia, and percutaneous cholecystostomy for drainage if septic or not improving. Discuss goals of care early and involve palliative care to align symptom relief with the least burdensome interventions.",0.75
c5c03b51-7849-45d2-86a7-7844337fe454,A 7-year-old child developed acute otitis media. He was treated with antibiotics for 10 days. His pain and fever subsided completely but still had conductive hearing loss. Your next line of treatment is:,"Observe/watchful waiting for otitis media with effusion, with audiometry to document hearing. If the effusion/hearing loss persists beyond ~3 months, consider tympanostomy (grommet) insertion.",1
f79e5049-6556-45cf-bd61-6dba3adbc8ac,"A 3 year old female child develops umblicated nodules over face following a trivial viral infection, the probable diagnosis is :",Molluscum contagiosum.,1
44a17ad3-a0f7-496b-8598-7b5bfc3dbb6c,"A boy is having diarrhea, rhinorrhoea, sweating & lacrimation. What is the most probable diagnosis:","Organophosphate (cholinesterase inhibitor) poisoning causing a cholinergic toxidrome (SLUDGE: salivation, lacrimation, urination, diarrhea, GI upset, emesis).",0.5
eb278717-b522-4278-9cc4-c4f820855cbb,A patient came to the casualty with acute bronchial asthma after treatment of glaucoma. The probable drug may be,"Timolol (topical nonselective beta‑blocker) eye drops, which can precipitate bronchospasm in asthmatics.",1
57f45c70-e1f3-4203-89bf-03fb60aa3d47,"A 35 - year - old man presents to the physician with arthritic pain in both knees along with back pain. He states that the pain has been present for months. The patient is afebrile, and his slightly swollen knee joints are neither hot nor tender to palpation; however the pain does restrict his motion. The cartilage of his ears appears slightly darker than normal. No tophi are present. A urine specimen is taken for analysis of uric acid content and turns black in the laboratory? While standing. What is the most likely diagnosis at this point?",Alkaptonuria (ochronosis) due to homogentisate oxidase deficiency. The black urine on standing and bluish-black ear cartilage with degenerative arthritis are classic findings.,1
0c12e17a-c550-41b8-b689-de040b39f25d,A 22 year old female was brought to OPD with loss of speech from 2 days after her husband has slapped her. On examination cough reflex and laryngeal reflex were normal. The most probable diagnosis:,Psychogenic (hysterical) aphonia due to a conversion/dissociative disorder.,0.9
4d6561ae-c692-49e0-b5ff-9c7027916ac5,"A patient was asked to protrude his tongue and salt was placed on the anterior 2/3rd of the tongue. This 
procedure is used for testing which nerve?","The chorda tympani branch of the facial nerve (CN VII), which carries taste from the anterior two-thirds of the tongue.",1
e641f6c1-7be8-4512-9e3d-9703ed0ef32a,"A 49-year-old male who is a long-term smoker presents with frequency and hematuria. Histologic examination of sections taken from an exophytic lesion of the urinary bladder reveal groups of atypical cells with frequent mitoses forming finger-like projections that have thin, fibrovascular cores. These groups of atypical cells do not extend into the lamina propria and muscularis. No glands or keratin production are found. What is the most accurate diagnosis for this bladder tumor?",Noninvasive high‑grade papillary urothelial (transitional cell) carcinoma of the bladder (pTa).,1
d7d8b032-087a-48ab-881a-f298de217aa2,A girl on sulphonamides developed abdominal pain and presented to emergency with seizure. What is the probable diagnosis?,Acute intermittent porphyria—an acute porphyric attack precipitated by sulfonamides causing severe abdominal pain and neuroseizures.,1
321c3077-4d76-47fa-9932-9aaeb3109a35,"A 6 yr old child has history of Birth Asphyxia does not communicate well, has slow mental and physcial growth, does not mix with people, has limited interests, gets widely agitated if disturbed, diagnosis is :","Autism spectrum disorder (classic autism), likely with associated intellectual disability given the global developmental delay.",1
b45d5aab-6be2-4577-a534-ae15660b72ee,"A patient on treatment for leukemia, develops chest pain, pulmonary infiltrates and pleural effusion. The likely cause is","Cytarabine (Ara‑C) toxicity—specifically “Ara‑C syndrome,” which can cause chest pain, fever, pulmonary infiltrates, and pleural effusions. It typically improves with corticosteroids and holding the drug.",0
ae53085f-0566-4d7b-bb23-4e4922c0408f,"A 4-year-old child is admitted with fever, non-purulent conjunctivitis, rashes, cervical lymphadenopthy, hepatomegaly and desquamation of fingers and toes. Echocardiography shows coronary aery aneurysm. What is the most likely diagnosis?","Kawasaki disease (mucocutaneous lymph node syndrome), a medium-vessel vasculitis that commonly leads to coronary artery aneurysms.",1
e177cacb-a1ee-4b3c-92e3-26aa54817587,You are the medical officer of a PHC in Kerala and you confirm the diagnosis of polio in one of your patients. This can be considered as:,"An epidemic (outbreak), since even a single confirmed polio case in a polio‑free area is considered an outbreak and a public health emergency.",1
fb40d92b-ada4-4533-8393-ae8141657fd9,"A 35 year old HIV positive patient comes with intractagble diarrhea, crampy, abdominal pain and vomiting. Biopsy of small intestine was taken which shows cyst < 10 mm as given below. What is the appropriate diagnosis?","Cryptosporidiosis (Cryptosporidium parvum), which causes chronic watery diarrhea in HIV; oocysts are acid-fast and <10 μm.",1
cfebfd0e-70e5-4158-80a1-03660da3803f,"A 6 year child presents with hepatosplenomegaly & generalized lymphadenopathy along with fever. The child developed a rash, after being administered ampicillin. What could be the possible diagnosis?","Infectious mononucleosis due to Epstein–Barr virus, suggested by fever, generalized lymphadenopathy, hepatosplenomegaly, and the characteristic ampicillin-induced rash.",1
ab0fceb8-0448-4a0e-9f21-1c95b82f5286,"12 year old with rapid increase in weight and Height over past one year presents with difficulty in sitting cross legged and squatting, knee would go into axilla every time she flexes her hip and knee, most likely diagnosis",Slipped capital femoral epiphysis (SCFE/SUFE). The rapid growth/weight gain and obligatory external rotation on hip flexion (Drehmann sign: knee goes toward the axilla) are classic.,1
c04a9769-7b74-4ce9-93c9-4202cf13b10e,Gold standard for diagnosis of osteoporosis ?,Dual-energy X-ray absorptiometry (DXA) of the hip and lumbar spine is the gold standard. Osteoporosis is diagnosed by a T-score ≤ −2.5 (or by a low-trauma hip/vertebral fracture).,1
f00bebd0-60b4-4c94-82f4-dc2a3c54f623,"A 62-year-old man with underlying COPD develops a viral upper respiratory infection and begins taking an over-the-counter decongestant. Shortly thereafter he experiences palpitations and presents to the emergency room, where the following rhythm strip is obtained. What is the most likely diagnosis?","Multifocal atrial tachycardia.  
It’s classically seen in COPD (often during exacerbations or with adrenergic drugs) and shows an irregularly irregular rhythm with ≥3 distinct P-wave morphologies.",0.5
16f040da-e2d1-43d8-beb4-5ea369e0891c,"An adolescent male presents with Hypokalemia, Metabolic Alkalosis, Hypercalciuria and Nephrocalcinosis. His Blood Pressure is normal. The likely diagnosis is:","Bartter syndrome. 
The combo of hypokalemic metabolic alkalosis with normal BP plus hypercalciuria and nephrocalcinosis is classic for Bartter (not Gitelman).",1
460b8ffa-6fa3-4526-87c3-142dac0b2a62,"A child born with microcephaly, chorioretinitis and intra cranial calcifiction. Most likely diagnosis is –","Congenital cytomegalovirus (CMV) infection. The combination of microcephaly, chorioretinitis, and periventricular intracranial calcifications is characteristic.",0.5
b465f0d0-3ceb-4781-a48a-05f31368c6a5,"A girl presents with, primary amenorrhea, grade V thelarche, grade II pubarche, no axillary hair, likely diagnosis is:",Complete androgen insensitivity syndrome (testicular feminization).,1
31a01515-879f-4c58-9961-2f207cbda7f0,A 55-year old male had retero-sternal discomfort unrelated to physical exertion. Pain gets worse after lying down there is partial relief with antacids. The most likely diagnosis is-,"Gastroesophageal reflux disease (reflux esophagitis), often associated with a sliding hiatal hernia.",0.7
958d3478-113e-42d7-baa1-1bb1006344d6,"A 30 year old male presented with itchy, papulovesicular lesions in the extensor aspect of elbows and knees. Biopsy of the lesion showed dermoepidermal blister with micro-abscesses. Immunofluorescence showed deposits of IgA in the tips of dermal papillae. What is the MOST likely diagnosis?","Dermatitis herpetiformis (Duhring disease), classically showing pruritic extensor papulovesicles and granular IgA deposits at the tips of dermal papillae, often associated with celiac disease.",1
a2529910-f834-4301-b9ef-4fa6532a6808,"A 31-year-old female presents to the department of surgery with a complaint of Bell's palsy, which had appeared a year earlier and had resulted in paralysis of muscles of one side of her face. The chief of plastic surgery recommends a nerve graft, taking a cutaneous nerve from the lower limb to replace the defective facial nerve. The surgery is successful. Six months after the procedure, there is restoration of function of previously paralyzed facial muscles. There is an area of skin on the back of the leg laterally and also on the lateral side of the foot that has no sensation. What nerve was used in the grafting procedure?",The sural nerve. It supplies cutaneous sensation to the posterolateral leg and lateral side of the foot and is commonly harvested for nerve grafts.,1
d1102e85-5aef-403a-a806-1ccaaf7d8f66,"A 48-year-old woman presents with a 6-month history of intermittent cranial nerve palsy that has become progressively worse in the past 2 weeks. On examination, ptosis and diplopia are evident. Her condition shows a favorable response to the anticholinesterase inhibitory drug prostigmin (neostigmine). What is the most likely diagnosis?",Myasthenia gravis—an autoimmune neuromuscular junction disorder causing fatigable weakness with ptosis/diplopia that improves with anticholinesterase agents like neostigmine.,1
1332ada1-35f2-4605-9613-489d21690563,A 45 year old lady is having persistent reflux symptoms. Most accurate investigation in establishing the diagnosis before surgical treatment is,"Ambulatory 24-hour esophageal pH monitoring (ideally impedance–pH) is the gold standard to confirm pathologic reflux before antireflux surgery. High‑resolution manometry is also done pre‑op to assess motility, but it does not establish GERD.",1
9d649483-39b4-405a-ab4e-f800f5a8cb16,"A 23 year old tall male presents with complaints of absent pubic hair, axillary hair, infantile genitalia, high LH, FSH levels and XXY karyotype. What is the most probable diagnosis?","Klinefelter syndrome (47,XXY) causing primary testicular failure with hypergonadotropic hypogonadism.",1
594ead7d-706d-4cb0-b279-83c094a54297,"A 17-year-old boy presents to you with sweating, yawning, lacrimation, tachycardia. His friends repoed that he has been not attending college lately. The likely diagnosis is:","Opioid withdrawal (heroin abstinence syndrome) is most likely, given the yawning, lacrimation, sweating, and tachycardia.",1
903b2f25-dfb5-4a8e-9d40-a4b0a76af02c,"A patient has small, oval multiple ulcers in the oral cavity with red erythematous margins. The diagnosis is -",Recurrent aphthous stomatitis (minor aphthous ulcers).,0.95
b794ae0a-b406-42b7-b68d-db9371533c18,A 20-year-old female received treatment for bronchial asthma. She noticed a mole recently. Which characteristic of mole carries a high risk for malignancy?,"High-risk features are the ABCDEs: Asymmetry, Border irregularity, Color variegation, Diameter >6 mm, and Evolution (rapid change in size/shape/color), especially new growth, bleeding, or itching. If present, the mole should be evaluated urgently by a dermatologist.",1
a73faeec-c568-402a-a0d7-53eb55cd4719,what is the most likely diagnosis of a 55yrold female complaining of back ache,"Most commonly this is nonspecific mechanical low back pain from muscle strain or age-related degenerative changes. Seek urgent evaluation if there’s fever, weight loss, night pain, cancer history, recent trauma, steroid use, progressive weakness/numbness, or bowel/bladder changes.",0.5
94dde09b-b752-480b-9d91-149f95d23403,"A patient presents with symptoms of cough, hemoptysis, and glomerulonephritis. His C-ANCA levels in serum were found to be raised. The most likely diagnosis is","Granulomatosis with polyangiitis (Wegener’s), classically associated with c-ANCA (anti-PR3), causing pulmonary hemorrhage and glomerulonephritis.",1
66d9970f-a59d-4379-b85b-877ed31565c5,"A 30 year old man has become suspicious that his wife is having an affair with his boss. He thinks his friend is also involved from abroad by providing support his friends tried to convince him but failed to do so. The patient is otherwise normal, doesn't have any hallucination or any other socially inappropriate behavior. The most likely diagnosis is",Delusional disorder — jealous type (Othello syndrome).,0.6
26a48cd6-53d3-4452-8eea-3a6bf5236308,A 25-years-old male had severe headache followed by unconsciousness. CSF tap revealed red blood cells. Most likely diagnosis is -,"Subarachnoid hemorrhage, most likely from a ruptured berry aneurysm.",0.8
3e498716-4772-4faa-a052-8161e85c7ff0,"A patient complains of inability in reading a newspaper, paicularly in bright sunlight. What is the most likely diagnosis?","Posterior subcapsular (central) cataract—causing glare and “day blindness,” with near vision worse in bright light.",1
59661dfa-2dfa-4861-ab23-dc28218625e9,"Ovarian cyst in postpartum patient, treatment is:","Most postpartum simple cysts are managed expectantly with repeat ultrasound in 6–12 weeks. Operate (laparoscopic cystectomy/oophorectomy) if the cyst is persistent, large (>5–7 cm), complex or suspicious, symptomatic, or for emergencies like torsion or rupture.",0.75
4d00942c-f84c-4c7c-8138-9c09226b2484,"1 month old baby has microcephaly, hepatoslenomegaly. His urine stained with Giema shows owl's eye inclusion bodies. What is the diagnosis",Congenital cytomegalovirus (CMV) infection.,1
9293a00c-d8ad-40e4-97bc-9ce37d425102,You treat a 27-year-old infertile patient with bromocriptine. What should be the diagnosis?,"Hyperprolactinemia, most commonly from a prolactin-secreting pituitary adenoma (prolactinoma) causing anovulation and infertility.",1
998b0fed-006b-47d0-89e1-748896afd1fc,What is the treatment of threshold ROP:,"Urgent ablation of the avascular retina—preferably diode laser photocoagulation within 48–72 hours (cryotherapy historically)—is the standard. Anti‑VEGF (bevacizumab/ranibizumab) can be used especially for Zone I/AP‑ROP, and stage 4–5 detachments may require scleral buckle or vitrectomy.",0.9
7fb5f6c3-5c05-426e-a408-349a3f687d5e,"A child with fever had multiple skin lesions, and on microscopic examination the skin lesions are seen to have neutrophilic and histiocytic infiltration in the dermis. What is the diagnosis?",Sweet’s syndrome (acute febrile neutrophilic dermatosis).,1
045f9534-2b60-4d2a-8eab-679494476682,"A 65-year-old man with a long history of diabetes mellitus was hospitalized for treatment of an ulcer, which had been present on his left great toe for several months. Left sided below knee amputation was performed because of the inability multiple courses of oral antibiotics to resolve the ulcer, On the first postoperative day, he developed fever which worsened by day 2. His amputation stump was mottled with many areas of purplish discoloration, and the most distal areas were quite obviously necrotic. Crepitus was palpable up to his patella. An X-ray of the left lower extremity was done. What is the likely pathogen?",Clostridium perfringens—causing clostridial myonecrosis (gas gangrene) with rapid necrosis and crepitus.,1
a8a22778-3992-4e50-8b28-1ec5e121eb9e,Gold standand for diagnosis of carotid body tumour is,Digital subtraction angiography (carotid angiography) is the gold standard for diagnosing a carotid body tumor.,0.5
2c32f9f7-0c3c-43f3-87fd-d7ebf1a0368c,Patient with recurrent pain over right cheek that increases on chewing and between attacks patient is otherwise normal. Most probable diagnosis is?,"Trigeminal neuralgia (tic douloureux), likely involving the maxillary (V2) division. The paroxysmal facial pain triggered by chewing with a normal exam between attacks is classic.",1
c6c1259e-0878-4fe8-bb0a-d206a2d953e7,For what procedure is the instrument depicted in the diagram used?,"I can’t see the diagram. Please upload it or describe the instrument’s shape, tips/jaws, and any markings so I can identify the procedure it’s used for.",0
e2ac36b8-252f-45b4-870c-c2fec52daa71,"A 50 year old man came to the neurology OPD with chief complaints of ataxia and abnormal eye movements. On examination, veical gaze palsy is seen. A MRI was performed . What is the possible diagnosis?","Progressive supranuclear palsy (Steele–Richardson–Olszewski), characterized by vertical supranuclear gaze palsy and gait ataxia. MRI typically shows midbrain atrophy with the “hummingbird/penguin” sign.",1
b19df3d0-3e9c-4346-b8fe-2e27dd0c51b5,"A psychiatric patient taking medication develops a tremor, thyroid enlargement and leucocytosis. Drug implicated is","Lithium. It commonly causes fine tremor, goiter/hypothyroidism, and benign leukocytosis in psychiatric patients.",1
8cda0120-f2cb-424a-9e1b-b7f2295530d2,"A newborn child is presenting with regurgitation of all feeds and, develops coughing and cyanosis with feeding. Most probable diagnosis is","Esophageal atresia with distal tracheoesophageal fistula (type C). Classically presents with regurgitation of feeds, choking/cyanosis during feeding, and is confirmed by inability to pass an NG tube with X-ray showing a coiled tube and air in the stomach.",0.8
395dab54-4052-4dfc-bd25-3824b892e82e,"A 45 year old female patient reports to the clinic with a history of pain with tooth 37. The tooth appears normal on clinical and radiographic examination except for the fact that pain occurs on biting on a hard object and then releasing the bite.

Immediate treatment of such a tooth involves",Cracked tooth syndrome: immediately splint the tooth by placing an orthodontic/stainless-steel band or a bonded temporary full-coverage restoration with occlusal relief. Plan a definitive crown afterward (and endodontic therapy if pulpal symptoms persist).,0.75
0eb7ac60-9d37-4ff2-94c7-30d3a6a9864e,"A 61 year old female presents with recurrent pneumonia, regurgitation of food and feeling of fullness. Most probable diagnosis is?",Zenker’s (pharyngoesophageal) diverticulum—regurgitation of undigested food with aspiration leading to recurrent pneumonia and a sensation of fullness are classic.,0.5
dd05e9c6-00f5-4145-9830-a7dd90e1adc4,"A 6-year-old child presents with abnormal twitching of the face during sleep, which is noticed by the mother. EEG shows spikes over the centro temporal area. What is the diagnosis?","Benign rolandic epilepsy (benign childhood epilepsy with centrotemporal spikes, now termed self‑limited epilepsy with centrotemporal spikes).",1
77a7e88b-34c5-49ad-a211-59948c56558a,An 81-year-old woman presented with a 1-week history of vomiting. What is the diagnosis?,"There isn’t enough information to make a diagnosis from “1 week of vomiting” alone—please share exam findings, labs, and any imaging. In an 81-year-old, leading possibilities include bowel obstruction (including gastric outlet obstruction), medication side effects, infection, or intracranial causes; seek urgent care if there’s severe abdominal pain, dehydration, or blood in the vomit.",0.6
42208526-ae64-4b2d-b9d3-011ba254c715,"The treatment of a patient with myocardial infarction is thrombolytic therapy, if the patient presents within hours of chest pain:",Thrombolysis is indicated for STEMI if symptoms began within 12 hours (greatest benefit in the first 3 hours) and PCI cannot be performed within 120 minutes. Aim for a door-to-needle time of ≤30 minutes.,0.5
91fb895a-3e3a-48e5-8afb-18176ecc2aac,A retroviral positive patient presents with frequent diarrheal episodes. Stool examination reveals acid-fast oocyst of size 4-6 microns. What could be the probable diagnosis?,Cryptosporidiosis due to Cryptosporidium (parvum/hominis). The 4–6 µm acid-fast oocysts in an HIV-positive patient are characteristic.,1
e16bfaef-2509-4bcf-83c0-56a00648cc55,"A female patient aged 45 years has multiple non-carious lesions and c/o sensitivity. On examination deep cervical abrasions are seen in all posterior teeth. Intra oral sinus is evident w.r.t. 24 & 25. Gingival recession is present in mandibular anterior teeth with gingival inflammation and bleeding on probing.

What is the treatment required for 24 &25","Trace the sinus tract with a GP point to confirm the source, then perform root canal treatment on 24 and/or 25 (debridement, drainage as needed, Ca(OH)2 dressing), followed by obturation and cuspal coverage. Consider apical surgery only if the sinus does not resolve after adequate endodontic therapy.",1
a531615c-c927-41f4-bcac-2c2332cb3d47,"A 40 year patient is having high grade fever associated with abdominal pain in right upper quadrant, with hepatomegaly and liver dullness on percussion. There is history of recent travel. Clinical diagnosis is:","Most likely diagnosis: amoebic liver abscess (Entamoeba histolytica), given high-grade fever, right upper quadrant pain with tender hepatomegaly, and recent travel to an endemic area.",1
30a1e57b-ea6c-4c7b-85d3-1ee976c4429d,"A 45 years old female patient presented painless supraclavicular lymph adenopathy. Biopsy revealed hinucleated acidophilic owl eye appearance with floating lymphocytes in empty space, which was CD 15, CD 30 positive. What is the most probable diagnosis?","Classical Hodgkin lymphoma, most consistent with the nodular sclerosis subtype (lacunar/RS cells that are CD15+ and CD30+).",1
3bec1100-b202-43d3-9089-93db6dc7c9f1,A 23 year old boy with schizophrenia is well maintained on risperidone for the last 2 months. He has no family history of the disease. For how long will you continue treatment in this patient?,"After a first episode, continue antipsychotic maintenance for at least 1–2 years after full remission (commonly 2 years), then consider a slow taper with close monitoring; longer (≥5 years or lifelong) if there are recurrent episodes.",0.8
022f04c8-4418-429a-84ca-4d0271faa87b,A man with intermittent hiccups feels that he is about to die because he is suffering from gastric cancer. All his radiological investigations prove the contrary. Which is the most probable diagnosis?,Hypochondriasis (Illness Anxiety Disorder).,1
9e9f74e8-cc69-44ac-a299-707bd9071b8b,"Blood in urine in a patient in labour, with history of previous LSCS. The diagnosis is:","Uterine scar rupture (rupture uterus) from the previous LSCS, often with associated bladder injury causing hematuria.",0.5
98c6d3b5-63b0-4d46-8e38-0c141633ed78,28 year old pregnant female came to you with complaints of brownish pigmentation on the bridge of nose and cheek. She noticed it after returning from her vacation at beach. There is no pain or itching at the affected site. What is your most likely diagnosis?,"Melasma (chloasma), the “mask of pregnancy,” a symmetric facial hyperpigmentation triggered by sun exposure during pregnancy.",1
9d472e94-b47a-4069-ad93-a6dcd5c67af6,"A 28-year-old male patient is brought to casualty in comatose state with pin-point pupils, reduced respira- tory rate and bradycardia. Most likely diagnosis: UPSC 09; CMC (Vellore) 14","Opioid (morphine/heroin) overdose—classic triad of coma, pinpoint pupils, and respiratory depression (with bradycardia).",0.8
98c93ab4-4db1-426e-8fb9-9eeb6da5bab5,A 40 years old P4+2 female has been diagnosed to have H.mole. The treatment would be:,"Total hysterectomy with ovarian conservation is preferred (age >40, completed childbearing), followed by serial quantitative β-hCG monitoring until undetectable and then monthly for 6–12 months. Suction evacuation is reserved for those wishing to preserve fertility.",0.95
db5c0609-fe45-4d78-a436-5cfe28884bad,"An elderly man with ataxic hemiparesis, diagnosis is",Lacunar stroke syndrome due to small-vessel disease (hypertensive lipohyalinosis). Classically a lacunar infarct in the contralateral pons or posterior limb of the internal capsule.,0.5
5f42e5a3-36d8-406e-9348-ce5489bb4b52,"A female patient presents with reddish vagina and greenish discharge, the probable diagnosis is :","Trichomonas vaginalis infection (trichomoniasis), which classically causes a green, frothy discharge and an erythematous “strawberry” vagina/cervix.",0.9
f7dcea5f-70b4-436e-b059-a95615d50011,A 45 year old male presented to emergency with complaint of chest pain associated with swallowing a piece of meat. He repos similar episodes over the past 3 years. But today's episode was the most severe. He doesn't give a history of regurgitation other than these episodes or heaburn symptoms. There is no difficulty in liquid intake and has not had any weight loss. Probable diagnosis in this case is?,Schatzki ring (lower esophageal mucosal ring) causing intermittent solid-food dysphagia/“steakhouse syndrome.”,1
be412b96-a2dd-4aa6-af4d-1997a9d6e181,A 35-year-old HIV-positive man comes to you with a 6-month history of progressive memory loss and incontinence. He is taking zidovudine and a protease inhibitor. Examination demonstrates deficits in cognitive and fine motor control functions. Lab shows a CD4 cell count of 25/mm3. MRI studies reveal moderate brain atrophy but no focal lesions. LP shows no CSF abnormalities. Most likely diagnosis,"HIV-associated dementia (AIDS dementia complex/HIV encephalopathy), a subcortical cognitive and motor syndrome seen in advanced AIDS with diffuse brain atrophy and no focal MRI or CSF abnormalities.",0.5
a28e66a8-d0d0-4cc3-a13d-5bb819bf719e,A patient presents with decreased vital capacity and total lung volume. What is the most probably diagnosis?,"Restrictive lung disease, most classically interstitial pulmonary fibrosis, since a reduced total lung capacity defines restriction.",0.5
d20f4006-5928-4014-a3ed-7558647d7baa,"A 70 year old male, known case of chronic renal failure suffers from a pathological fracture of Rt femur, the diagnosis is -",Renal osteodystrophy due to secondary hyperparathyroidism from chronic kidney disease (osteitis fibrosa/brown tumor leading to pathological fracture).,0.5
e0b1fcff-bcd8-45d8-83e7-8c06b0a6104d,"A 20 year old man presents with repeated episodes of hematemesis. there is no history of jaundice or liver decompensation. On examination, the significan findings include moderate splenomegaly and presence of esophageal varices. There is no ascites or peptic ulceration. The liver function tests are normal. What is the most likely diagnosis?","Extrahepatic portal vein obstruction (portal vein thrombosis) causing prehepatic portal hypertension. This fits a young patient with variceal bleeding, splenomegaly, and normal liver function without ascites.",0.6
eb852cf5-af58-4468-9704-3fb1a38c760d,What will be the most likely diagnosis in a 70 year old male with hypo-aesthesia of external auditory meatus (Histelberg's sign positive)?,Vestibular schwannoma (acoustic neuroma) is most likely. Hitselberger’s sign—hypoesthesia of the posterior external auditory canal—classically indicates CPA tumor compressing the facial nerve.,1
9ef4afb1-997a-453e-be72-9eb605d0f67a,"A 35 year old male underwent the following procedure before his surgery, After 2 days he developed headache which gets relieved by lying down.What is the definitive treatment for this?","Post–dural puncture headache; the definitive treatment is an epidural blood patch (10–20 mL autologous blood) at or near the puncture level. Symptomatic measures (fluids, caffeine, analgesics) are adjuncts only.",1
1d70fda1-6214-4876-b5e5-b37ef5d882d8,A 28 year old male presented to you with lower abdominal pain associated with pain in the groin. He also complains of nausea. Elevation of the testis relieves his pain. What is your diagnosis?,"Acute epididymitis (epididymo-orchitis), suggested by pain relief with elevation of the testis (positive Prehn’s sign). Testicular torsion should still be considered if sudden onset or severe symptoms.",1
9273b1bd-dec3-4757-90a8-8d4b8a930b62,"A female patient after injury comes to casualty. Her ABG shows low pH. PCO2 high, bicarbonate normal.The diagnosis is -",Acute (uncompensated) respiratory acidosis. Low pH with elevated PaCO2 and normal bicarbonate indicates a primary respiratory acidosis without renal compensation.,1
28858ec3-f330-405d-9b73-671a30353f79,A 10 year old injured her upper limb 2 years ago. She presents with valgus deformity of the elbow and paresthesias over the medial border of the hand. What is the likely diagnosis?,"Tardy ulnar nerve palsy due to cubitus valgus, most commonly from a malunited/nonunited lateral condyle fracture of the humerus.",0.75
6f3f4534-2d7b-4760-a9ed-f5dcfd414d34,"A 15 years old Male presented with history of fever since 2 days, unable to swallow the food with muffled voice. On examination it is noted right tonsil is shifted to midline. What is the diagnosis:","Peritonsillar abscess (quinsy), suggested by fever, muffled “hot potato” voice, odynophagia, and medial displacement of the affected tonsil with uvular deviation.",0.5
6513b6c8-723f-4843-b249-b7637180b5ed,"A 58 years old woman, who had backache and recurrent chest infections for 6 months, develops sudden weakness of the legs and urinary retention. Her investigations show hemoglobin of 7.3 gm/d1, serum calcium 12.6 mg/d1, phosphate 2.5 mg/dl, alkaline phosphatse 100 uil, serum albumin 3 gm/d1, globulin 7.1 gm/d1, and urea 178 mg/dl. What is the most likely diagnosis ?","Multiple myeloma (plasma cell myeloma), likely with vertebral collapse causing acute spinal cord compression—supported by back pain, recurrent infections, anemia, hypercalcemia, high globulin with low albumin (A/G reversal), normal ALP, and renal failure.",1
ce36e860-95ba-4700-8fd4-00d9f80f8933,A child is suffering from dry skin and is mentally retarded-diagnosis ?,"Congenital hypothyroidism (cretinism). Dry, coarse skin with intellectual disability is classic for untreated hypothyroidism in childhood.",0.9
0e7d5aef-85ad-4060-9564-14ff765687d0,"A 20-year-old man complains of difficulty in reading the newspaper with his right eye, three weeks after sustaining a gun shot injury to his left eye. The most likely diagnosis is",Sympathetic ophthalmia—the fellow-eye granulomatous uveitis that follows penetrating trauma to the other eye. It typically presents weeks later with blurred vision/reading difficulty in the uninjured eye.,0.9
8c18d16c-0dd1-4117-8b64-a6ca3812c5e6,A patient comes with a non itchy eruption in the groin which on KOH examination reveals fungi. The diagnosis is,"Tinea cruris (dermatophytosis of the groin, “jock itch”).",0.5
8b73ba49-78a9-41c2-a1b7-658a7fb02c52,"An adult male patient presented in the OPD with complaints of cough and fever for 3 months and haemoptysis off and on, His sputum was positive for AFB. On probing it was found that he had already received treatment with RHZE for 3 weeks from a nearby hospital and discontinued. How will you categorize and manage the patient -","New sputum-positive pulmonary TB (previous treatment <1 month); start Category I/NTEP daily regimen: 2 months HRZE followed by 4 months HR under DOT. Do upfront CBNAAT/DST to rule out rifampicin resistance, baseline evaluation (e.g., HIV/DM), register/contact trace, and check sputum at 2 months.",0.9
d2234107-7268-4503-acd5-4d98170cfd8b,Measurement of urine vanillyl mandelic acid can help in diagnosis of-,Catecholamine-secreting tumors—classically pheochromocytoma and neuroblastoma—since VMA is a major urinary metabolite of epinephrine/norepinephrine.,1
59520557-2d59-4dea-bb3f-e2e609dcf56e,A patient has normal anterior chamber and hazy cornea in one eye and shallow ant chamber and miotic pupil in fellow eye. the diagnosis is :,"Acute primary angle-closure (acute congestive) glaucoma in the eye with a hazy cornea, with a narrow-angle fellow eye at risk.",0.5
c76111ff-644e-4e16-ad38-271c474e5303,Patient presents to us 3 days after bell's palsy what is the initial treatment for the patient ?,"Start high‑dose oral corticosteroids as soon as possible (e.g., prednisone 60–80 mg daily for 5 days then taper), and consider adding an antiviral (valacyclovir 1 g TID or acyclovir 400–800 mg five times daily for 7 days), especially if paralysis is severe. Provide eye protection with frequent lubricating drops/ointment and eyelid taping or patching at night.",0.8
52d0b53f-7996-4c30-9c1d-dfd5fc12b487,Comment on the first differential diagnosis of the CXR of a 50-year-old patient with cough for 2 weeks.,"If the CXR shows a new focal infiltrate or air-space consolidation, the leading diagnosis is community-acquired pneumonia; a normal film would favor acute bronchitis. Please share the image or key radiographic findings for a precise comment.",0.5
da9d12fa-dc39-4e38-a8f3-803c81f84310,"An old lady came with complaint of pain in left calf region. A diagnosis of deep vein thrombosis (DVT) was made and she was put on warfarin therapy. After 3 months, she was brought to hospital with complaint of nose bleed which automatically stopped in few minutes. Her lab repos show INR of 7.0. To avoid hemorrhage, what to do next in addition to discontinuation of the drug?","Hold warfarin and give low‑dose vitamin K (phytonadione), e.g., 2.5–5 mg orally, then recheck INR within 24 hours. Reserve PCC/FFP for serious or ongoing bleeding.",0.75
528581ef-9a4a-40da-a054-fe9c1dd57af6,"A 60-year-old woman presents with generalized edema, skin ulceration and hypertension. Urine examination shows subnephrotic proteinuria (<2gm) and microscopic haematuria. Serum complement levels are decreased and she is positive for anti-hepatitis c antibodies. The likely diagnosis is -","Hepatitis C–associated mixed cryoglobulinemia causing membranoproliferative glomerulonephritis (MPGN, type I pattern) is most likely.",0.6
aaa57d1d-29d5-4bf1-bef8-2b7df6428deb,"A boy after playing football complaining fatigue and abdominal pain. He also had a history of hand swelling in past. On ultrasonography, he has shrunken spleen. What is the likely diagnosis of this patient?",Sickle cell disease (HbSS) causing autosplenectomy—prior dactylitis (hand swelling) and now a shrunken spleen with exertion-triggered vaso-occlusive abdominal pain.,0.9
33f32ebb-5158-44a0-98aa-171dfc488bec,"A 30 year old female, married since one year, present to the psychiatry clinic with hyperactivity since 2 weeks. A diagnosis of mania is made. She had 3 prior episodes of mania in last 5 years and every time after taking medication she goes to premorbid state. Her urine pregnancy test is positive. Which is the preferred drug for management of this patient?","Haloperidol is the preferred drug for acute mania in pregnancy (especially in the first trimester), avoiding valproate/carbamazepine and using lithium only with caution later.",1
f4f4ef6b-7547-47a8-9843-66d91790c0da,"A 63 year-old obese woman who has suffered from chronic leg swelling for several years. Her legs get intermittently red and swollen. When this happens she applies a combination of lanolin and Neosporin. One week ago, she did this and her legs got very inflamed and developed blisters, oozing and severe pruritus. The most likely diagnosis is:","Allergic contact dermatitis (type IV) to topical Neosporin, most likely from neomycin, causing intensely pruritic, vesicular, oozing inflammation days after exposure. Lanolin can also be a sensitizer, but neomycin is the classic culprit.",1
6873293a-7023-4192-be50-1b1b42ff1f9d,What is the diagnosis in this patient who developed chest pain after coughing?,"I need a few details (vitals, exam, and imaging such as CXR) to be sure. Chest pain after coughing is most commonly due to costochondritis/muscle strain, but can also be spontaneous pneumomediastinum or a pneumothorax.",0.5
8323d364-a614-473a-963e-e3ea7251a1ae,"7 year old child presented with fever, bleeding gums and fatigue for 4 days. On examination, she had splenomegaly. CBC shows Hb of 6gm%, TLC 75,000/HL, Platelet count 35,000 / HL. Bone marrow aspiration showed these cells as comprising 50% of marrow cells. What is the diagnosis?","Acute lymphoblastic leukemia (ALL). The child’s age, fever, splenomegaly, anemia/thrombocytopenia with leukocytosis, and >25% blasts (≈50%) in the marrow are typical.",1
c65acd17-90ba-4aef-abd9-2564ff758d93,"A patient presented with peripheral field loss and fundus examination shows waxy exudates & pale disc with pigmentation around retinal vessels, diagnosis is –","Retinitis pigmentosa (primary pigmentary degeneration of the retina).  
Features: peripheral field constriction (tunnel vision), waxy pale optic disc, and bone‑spicule–like perivascular pigmentation.",1
f4ee606e-0e80-48e6-bb5f-ab2b69898926,"A 50 yr old male Raju present with occasional dysphagia for solids, regurgitation of food and foul smelling breath. Probable diagnosis is","Zenker’s diverticulum (pharyngoesophageal diverticulum).  
The combination of dysphagia for solids, regurgitation of undigested food, and foul-smelling breath is classic.",1
2e3711b9-2475-48a9-9c9b-9019706ee195,Patient presents with recurrent duodenal ulcer of 2.5 cm size; procedure of choice,Truncal vagotomy with antrectomy (distal gastrectomy) and Billroth II/Roux-en-Y reconstruction is the procedure of choice for a recurrent giant (≈2.5 cm) duodenal ulcer.,0.95
a7e3eafd-a253-484d-9048-488c4916ae9c,"An 8-yr old child comes to your clinic with large front teeth having jagged margins, what is the treatment plan for this patient?","These are likely mamelons on newly erupted permanent incisors; no treatment is needed as they usually wear away with normal chewing. If esthetics are a concern, conservative enameloplasty/polishing can be done, and assess for an anterior open bite or malocclusion if they persist.",1
d038ce06-e759-4238-94ec-d0a4f94df89b,"If an osseous fill procedure is successful, the type of bone formed in the defect is?",Lamellar (mature) vital bone.,0
a57f2bc5-7600-48f1-8a7a-aabc43eecf1b,A 9 year old boy with elevation in both PT and A PTT. What is the diagnosis? -,"Prolongation of both PT and aPTT suggests a common-pathway coagulopathy—most commonly vitamin K deficiency/warfarin effect or severe liver disease (deficiency of factors II, V, X, and fibrinogen).",0.9
1bd51114-d766-4fd1-a8a8-bb28c29e7182,"A 15 year old boy has bilateral optic atrophy, diabetes mellitus and diabetes insipidus. The diagnosis is-","Wolfram syndrome (DIDMOAD). It features diabetes mellitus, diabetes insipidus, and optic atrophy (often with sensorineural deafness).",1
82b986fb-5633-4f36-80a2-d2c00b395796,A female patient has TSH elevated above normal and subnormal free T4. What is the likely diagnosis?,Overt primary hypothyroidism. The most common cause is autoimmune (Hashimoto) thyroiditis.,1
25fa3335-ffd7-41c9-bc82-23faae0779ec,"A male Shyam, age 30 years presented with Trismus, fever, swelling pushing the tonsils medially and spreading laterally posterior to the middle sternocleidomastoid. He gives an h/o excision of 3rd molar a few days back for dental caries. The diagnosis is -","Parapharyngeal space abscess (lateral pharyngeal abscess), likely odontogenic following third molar extraction.",0.95
d251b6d9-475f-4406-83f6-97b9a6e0507f,A 40 year old male underwent coronary aery bypass grafting. During the procedure the surgeon applied clamp to the vessel lying anterior to thhe transverse pericardial sinus. The vessel is,"Ascending aorta. 
The transverse pericardial sinus lies posterior to the ascending aorta and pulmonary trunk.",0.5
de66f8cf-d1cf-44f2-93f3-0dab5ee6a155,Paul Bunnell Test is the standard diagnostic procedure for,Infectious mononucleosis (glandular fever) due to Epstein-Barr virus. The Paul-Bunnell test detects heterophile antibodies that agglutinate sheep RBCs.,1
d88c7555-9e0f-49d8-bc51-561b68403c11,"The child presents to you with learning disabilities. On examination, horseshoe kidney&;s and streak gonads are noted. What is your diagnosis?","Turner syndrome (45,X), characterized by streak gonads and commonly associated horseshoe kidney.",1
55067ce5-5a35-4f3a-82cb-35ce7b85bf9f,A 23-year old young boy with schizophrenia is well maintained on risperidone for the last 2 months. He has no family history of the disease. For how long medication should be continued in this patient?,"For a first-episode schizophrenia, continue antipsychotic maintenance for at least 1 year after full remission (many guidelines prefer 1–2 years) before considering a slow taper. Continue longer if there are relapses or high-risk features.",0.875
cd8075e4-4ede-4537-8cb3-064a03f820fe,A patient was diagnosed with isolated increase in LDL. His father and brother had the same disease with increased cholesterol. The likely diagnosis is:,"Familial hypercholesterolemia (Type IIa), an autosomal dominant disorder due to LDL receptor (or ApoB-100) defects causing isolated elevation of LDL cholesterol.",0.75
5e5d5d94-31e7-44ff-a261-e8c532e31eb4,An elderly multiparous woman with intrauterine foetal death was admitted with strong labor pains.The patient suddenly goes in shock with cyanosis respiratory disturbances and pulmonary oedema.The most likely clinical diagnosis is:,"Amniotic fluid embolism (anaphylactoid syndrome of pregnancy) causing sudden cardiopulmonary collapse with shock, cyanosis, and pulmonary edema.",1
fe907f58-cd1b-4e2c-bcb5-139a6e369084,Most common complication of whipple's procedure is,Delayed gastric emptying (DGE) is the most common complication after a Whipple’s procedure.,1
7cabcd42-0c06-4786-a4ad-29dbd20fe270,"A 21 year old medical student and his batchmate and girlfriend came to psychiatry outpatient for evaluation. The girlfriend of the patient, said that he is very boring and its getting difficult for her to continue in the relationship. She repoed that 'He is way too serious about studies '. He goes to every single clinical posting and also asks the postgraduates to take attendance. After the college, he routinely goes to library, where he stays till late night and has staed reading Harrison's medicine. A couple of days back he got into argument with a pharmacology professor about drug of choice of a paicular disorder and argued with the professor in front of entire batch. The patient on the other hand repoed, I don't understand why is she upset with me. I am doing the right thing and i don't understand why other students, teachers and principal cannot be as dedicated as me. What is the diagnosis?","Obsessive‑compulsive personality disorder (anankastic): rigid perfectionism, preoccupation with rules/work, inflexibility and moral rigidity, and ego‑syntonic belief he’s “doing the right thing.”",0.9
6346f3cb-919e-4950-a3c1-dd1e4e94f454,A 38-year-old man with a history of fever associated with abdominal pain of 3-week duration presents now with a sudden onset of abdominal pain and copious vomiting. Plain abdominal x-rays reveal air under a diaphragm. A CT scan shows mesenteric lymphadenopathy and splenomegaly is found. Laparotomy is performed and 3 feet of ileum resected. The luminal aspect of the resected bowel shows marked ulceration of Peyer's patches. What is the most likely diagnosis?,"Typhoid (enteric) fever due to Salmonella typhi, with ulceration of Peyer’s patches leading to ileal perforation.",0.9
a57bc4ab-c7e7-4791-b0f3-16c578b681a1,"According to the ICD-10 revision, for establishing a diagnosis of mania, the symptoms should persist for at least:","At least one week. (In ICD-10, a manic episode is typically ≥7 days, or of any duration if hospitalization is required.)",1
cc3c3c9e-4d50-44bc-a22c-e8a9c4477604,"A 6 months old baby with H/0 bloody diarrhoea of 2 days duration with abdominal distension and on examination the baby screams, diagnosis is -","Intussusception. 
The age, bloody “currant jelly” stools, abdominal distension, and episodic severe pain causing screaming are classic.",1
9dec05e6-20c9-4b14-805d-436c3d9aa49a,A 32-year lady with uterine fetal death after normal vaginal delivery continues passing of urine from vagina. What is the most probable diagnosis?,Vesicovaginal fistula—continuous urine leakage per vaginam after delivery (especially following prolonged/obstructed labor with stillbirth) is classic for a VVF due to ischemic necrosis.,1
a24cd326-492d-4bb9-98d5-844cfba7ba40,Lallo 40 years has recently staed writing books. But the matter in this book could not be understood by anybody since it contained words which were never there in any dictionary and the theme was very disjoint. Now adays he has become very shy and self absorbed. When he addresses people he speaks about metaphilosophical ideas. What is likely diagnosis,"Schizophrenia—most consistent with the disorganized (hebephrenic) type given neologisms, disjointed thought, and self-absorption.",1
0a710281-870c-46fd-91d2-4bc72fd8260a,"A patient with sinus infection develops chemosis ,B/L proptosis and fever, the diagnosis goes in favour of-","Septic cavernous sinus thrombosis—classically presents after sinusitis with fever, chemosis, and bilateral proptosis.",0.9
90ddf9b2-09fc-41f3-b497-adc11dac9cf2,"A person has poor performance in front of his seniors in public place, has tachycardia when he has to deliver a lecture, avoids going to parties. The diagnosis is -","Social anxiety disorder (social phobia), characterized by performance anxiety and avoidance of social situations.",0.95
6ef92aa7-13df-4f02-a8b3-53e22bba33e1,"A 15 year old boy died suddenly while playing in the field. On autopsy, fibrofatty replacement of right ventricular myocardium is seen. Most likely diagnosis is:",Arrhythmogenic right ventricular cardiomyopathy (arrhythmogenic right ventricular dysplasia).,0.9
daae86fc-72a7-4d48-9a58-0c9b44801645,"A woman tells you that she cannot urinate in a public restroom because she is embarrassed. Because of this problem, she can rarely leave home. The best diagnosis is?","Paruresis (shy bladder syndrome), a performance-type Social Anxiety Disorder.",0.7
ac9641ce-50fd-422c-81bf-6c3a1535299d,"A 50 year old female presents with lesions on cheek, chin and forehead. On examination the skin is erythematous, with dilated blood vessels, nodules and pustules without any comedones. What is the MOST likely diagnosis in this patient?",Rosacea (acne rosacea) is most likely. The central facial erythema with telangiectasias and papulopustules without comedones distinguishes it from acne vulgaris.,1
7aabc5a3-63de-463f-89ca-d4d032003977,"A 35 year old has a firm unshakable belief that his wife is cheating on him. He never allows her to go out of home alone and locks his house, while going out. In spite of all this, he is persistently suspicious that his wife has an affair. The probable diagnosis is:","Delusional disorder, jealous (Othello) type—morbid jealousy with a fixed delusion of infidelity.",0.9
ff9e3050-edb5-4744-916a-2c94a5246e56,"A 7 years girl, parents gave a history of fever for which she was treated with Paracetamol following which the fever subsided. Later she developed seizures and altered sensorium. The urine examination revealed oxalate crystals on microscopy, Blood anion gap and osmolality were increased. The diagnosis is",Ethylene glycol (antifreeze) poisoning—suggested by high anion and osmolar gaps with calcium oxalate crystalluria causing seizures and altered sensorium.,1
605350cd-6e2d-4c38-b0ab-17abed8105c9,"A man presented with difficulty walking and urinary incontinence. On examination, his pupils were nonreactive to bright light but constricted when focusing on a near object. What is the diagnosis?","Tabes dorsalis due to neurosyphilis (tertiary syphilis), evidenced by Argyll Robertson pupils (accommodate but don’t react) with gait disturbance and urinary incontinence.",1
0c0d76b5-320b-4c8d-9684-01c17fc30cda,"A normal born child presents with mental retardation, blond hair and convulsions at 1 year of age. Most probable diagnosis is?","Phenylketonuria (PAH deficiency). The classic triad is developmental delay, fair/blond hair/skin, and seizures beginning after a normal birth.",1
6bfd7264-3891-49cd-90f8-6cb0fc417346,Function of wetting agents used in casting procedure is,"To lower surface tension and contact angle so the investment uniformly wets the wax pattern, minimizing air bubbles/nodules and improving surface detail of the casting.",0.7
e2c278d5-a114-4844-be25-c577996883c9,"A 50-year-old woman who is known case of hypothyroidism and is taking treatment for the same, was diagnosed with endometrial fibroids and staed on iron recently. She repoed excessive fatigue & constipation in her follow up visit. Her BP & cholesterol levels have been stable. A TSH is checked, and it is found to be elevated. What is the most likely cause of her elevated TSH?","Reduced absorption of levothyroxine due to the newly started oral iron (ferrous) supplements, which bind levothyroxine in the gut, leading to undertreatment and elevated TSH. Separating doses by at least 4 hours (or adjusting the levothyroxine dose) usually resolves this.",0.95
55c06fe8-8137-4d00-8d97-7f85953cbfac,"Husband having suspicion that his wife is having affair with another man, diagnosis is ?","Delusional disorder, jealous type—also called morbid jealousy or Othello syndrome (delusion of infidelity).",1
3d21ff00-104b-472c-b6de-043552bc0f53,"A young man had a stab injury in left 5th ICS at the mid clavicular line. On examination there is no deviation of trachea, heart sounds diminished, systolic BP is 80 mmHg, and RR is 20/min. The diagnosis is",Cardiac tamponade (hemopericardium) from a penetrating precordial injury.,1
cd02a0c2-50cf-43f4-93fc-badbdc6a559f,"4 year old child presents with developmental delay and episodes of multiple seizures types. 
The child did not respond despite multiple drug therapy. EEG showed 1-2Hz spike and wave pattern.
What is the diagnosis","Lennox–Gastaut syndrome.  
It presents in early childhood with multiple drug‑resistant seizure types, developmental delay, and the characteristic 1–2 Hz slow spike‑and‑wave EEG pattern.",1
0c6dc31d-36bc-415f-8e24-689b73c1a369,"A 36 year old female with symptoms of hyperparathyroidism, pituitary adenomas, islet cell tumor with cutaneous angiofibromas. What is the diagnosis?","Multiple Endocrine Neoplasia type 1 (MEN1, Wermer syndrome) due to MEN1 (menin) mutation.",1
cee9783c-8750-40db-985e-d4f70a7cff28,"A male presenting with respiratory distress is put on a ventilator. Tracheal culture was obtained and sent for diagnosis. In the meanwhile, he was empirically staed on amikacin and ceftriaxone. Culture repo after 48 hrs shows growth of Klebsiella pneumoniae which is ESBL +ve on antimicrobial susceptibility testing. The modification needed in his antibiotic treatment is:","Switch ceftriaxone to a carbapenem (e.g., meropenem or imipenem) for ESBL-producing Klebsiella; aminoglycoside can be stopped once clinical response/susceptibilities allow.",0.9
ff97b877-aeba-4bac-b3c8-1238d9fc0ed2,"A patient with condylar fracture, the occlusion is normal with normal mouth opening. The best treatment is?",Conservative management. Soft diet with analgesia and early jaw physiotherapy/functional mobilization; no IMF or surgery needed.,0.9
0a882142-350e-4783-ae1a-a622b9e50108,"A 25-year-old man has bronchospasm that is exercise induced, paicularly in the cold weather. He takes his medication 15 minutes prior to anticipated exercise, which will help to prevent the asthmatic attack but does not produce bronchodilation. Which drug does he take?",Cromolyn sodium (a mast cell stabilizer) taken via inhalation about 15 minutes before exercise prevents exercise‑induced bronchospasm without causing bronchodilation.,0.5
5a34148e-9ef7-4277-91ff-92ae0fc79677,"A 30-year-old man who was recently staed on haloperidol 30mg/day developed hyperpyrexia, muscle rigidity, akinesia, mutism, sweating, tachycardia and increased blood pressure. The investigations showed increased WBC count, increased creatinine phosphokinase. There is no history of any other drug intake or any sign of infection. The most likely diagnosis","Neuroleptic malignant syndrome (NMS), a life-threatening reaction to antipsychotics like haloperidol.",1
73804295-4372-495e-ab3f-ca5ded8f2c20,"A 20-year-old male presents with a rash on the scalp, (extensor) elbows, knees and umbilicus. The rash is sharply demarcated erythematous plaques with silvery scale in those locations; there is no central clearing. The soles of the feet are normal. What is the most likely diagnosis?","Plaque psoriasis (psoriasis vulgaris), given the sharply demarcated erythematous plaques with silvery scale on scalp, extensor elbows/knees, and umbilicus.",1
4d97ca14-09ec-4bad-a8fd-cc995ce25f0d,A 60 year old male patient operated for cataract 6 months back now complains of floaters and sudden loss of vision. The diagnosis is –,"Rhegmatogenous retinal detachment—post‑cataract patients are at higher risk, and new floaters with sudden painless vision loss are classic.",0.8
0464a995-a550-4eda-80ae-03865bac3062,A 32 year old female patient is 38 weeks pregnant. She begins to experience severe abdominal pain and has to undergo an emergency C-section. The infant shows signs of respiratory distress in the delivery room and there was difficulty in passing nasogastric tube through nares of the child. What would be the diagnosis for this infant?,"Bilateral choanal atresia. Newborns are obligate nasal breathers, so posterior nasal obstruction causes immediate respiratory distress and failure to pass a nasogastric tube through the nares (often associated with CHARGE syndrome).",0.75
cc9aebaa-5190-47da-94eb-a3321713f8d3,"This patient presented with hypertension, proteinuria, and renal failure. What is the most likely diagnosis?",Preeclampsia (hypertensive disorder of pregnancy).,0
45d2125d-128a-4f61-a0ba-804ee4e768bd,A 54-year-old man presents to his primary care provider with dyspnea and a cough. He is a non- smoker with no relevant occupational exposures. His pulmonary function test results are as follows. What can be the most probable diagnosis? Pre-Bronchodilator (BD)Post - BDTestActualPredicted% PredictedActual% ChangeFVC (L)3.194.22764.0025FEV1 (L)2.183.39642.8330FEV1/FVC (%)6880 714,"Asthma—PFTs show an obstructive pattern (low FEV1/FVC) with marked bronchodilator reversibility (>12% and >200 mL increase), favoring asthma over COPD in a non-smoker.",0.7
3725fc49-94c1-498b-8836-43d2d3934255,drug used in the management of treatment resistant schizophrenia is,Clozapine is the gold-standard treatment for treatment-resistant schizophrenia (after failure of two adequate antipsychotic trials). It requires regular blood count monitoring due to risk of agranulocytosis and other adverse effects.,1
b69cc76d-d301-4121-ae7f-af6f4839f1bc,"A child finds difficulty to spell and read, otherwise his IQ is normal, interacts well with parents and friends. Vision is normal. Most probable diagnosis of this condition is?",Developmental dyslexia (specific learning disorder with impairment in reading/spelling).,1
684c3d87-874b-44a7-9206-b592b97d5368,A 40-year-old man is brought to emergency. On examination he appears conscious and oriented but repos hearing voices of people threatening him. He admits to a history of chronic alcohol use. What is the most appropriate diagnosis?,"Alcoholic hallucinosis (alcohol‑induced psychotic disorder), given prominent auditory hallucinations with a clear sensorium in the context of chronic alcohol use.",1
8cd82824-445e-4568-83b5-06e9670bce56,Caldwell Luc procedure is carried out to access?,"The maxillary sinus (antrum), accessed via the canine fossa (Caldwell–Luc approach).",1
f43a56a1-c5cb-48ce-9697-a9048bc3efb6,A 35 years old man Ramu has fasting and post prandial blood sugar within normal limit but urine sugar is 3 plus (+++). The diagnosis is.,"Renal glycosuria (benign isolated glycosuria) due to a low renal threshold for glucose, with normal fasting and postprandial blood glucose.",1
9f62aa3a-6b43-4653-b2d5-ef2a7d2ee403,"A child presented with frothy urine, massive proteinuria and edema. Urine examination revealed RBC nil, WBC nil, nocasts, no crystal. No prior episode of similar presentation. What is your diagnosis?","Idiopathic nephrotic syndrome, most likely minimal change disease.",0.9
0b1afe89-0809-43bc-9c53-680f655458d1,A patient presented with headache and episodes of hypertension. In between the episodes he was found to be normal. His urinary VMA levels were found to be raised. The diagnosis is,Pheochromocytoma—a catecholamine-secreting adrenal tumor causing episodic hypertension and elevated urinary VMA.,1
a245ff26-5221-4550-b6aa-7a9c5562fc72,A child presented with severe pain with twisted cord. The treatment is,"Testicular torsion: urgent scrotal exploration with detorsion and bilateral orchiopexy; if the testis is nonviable, perform orchiectomy. Manual detorsion can be a temporizing measure only if immediate surgery isn’t available.",1
db5d448c-3a13-4fbc-af66-960e7cb87784,"A 55 year aged chronic alcoholic male, presented with irrelevant talks, tremor and sweating. He had his last drink 3 days back. What will be probable diagnosis?","Delirium tremens (severe alcohol withdrawal), typically occurring 48–72 hours after cessation, with confusion, tremor, and autonomic hyperactivity (sweating).",1
d8d114eb-f4c0-438b-aa14-df2916eb6125,A 8 month old infant is brought to the hospital complaining that baby is losing previously acquired motor skills. Baby had hepatosplenomegaly and liver biopsy showed presence of leukocytes with intracellular sphingomyelin accumulations. what is the possible diagnosis,"Niemann–Pick disease type A (autosomal recessive sphingomyelinase deficiency) causing sphingomyelin accumulation in “foam cells,” hepatosplenomegaly, and neurodegeneration.",1
29d27d2a-5871-40ee-a09d-8bc1bcdd8c41,Pringle manoeuvre may be required for treatment of,Severe hepatic hemorrhage—typically from liver trauma or during hepatic resection—by temporarily occluding the portal triad (hepatic artery and portal vein) to control inflow bleeding.,0.8
55028634-8dc2-4249-95a1-3f7b9fef5105,"An 8-month-old girl suddenly developed a high fever (103degF). Her pediatrician examined her and found no signs of upper respiratory tract infection, meningitis, or encephalitis. Two days later, the girl's fever reached 105degF and she suffered a febrile seizure. By the time the child was brought to the pediatrician's office, her temperature had dropped. The doctor noted a generalized papular rash. What was the doctor's most likely diagnosis for this child?",Roseola infantum (exanthem subitum) due to HHV‑6/7—high fever with possible febrile seizure followed by a generalized maculopapular rash as the fever resolves.,1
202967cf-326a-4d90-8091-3acc72213d96,"A 48-years old woman comes with bilateral progressive weakness of both lower limbs, spasticity and mild impairment of respiratory movements. MRI shows an intradural mid-dorsal midline enhancing lesion. What is the diagnosis?","Thoracic spinal meningioma (intradural extramedullary), classically seen in middle‑aged women with progressive spastic paraparesis and a dorsal midline enhancing lesion on MRI.",1
1e68750a-435d-43b1-87a2-321ebd3afdcc,"A child has recurrent abdominal pain & biliolus vomiting. The condition was diagnosed by barium follow through. Surgical procedures followed - Lad's band division , appendectomy & mesenteric widening, diagnosis is",Congenital intestinal malrotation (Ladd’s syndrome) causing duodenal obstruction/midgut volvulus.,0.8
68aad833-a180-403b-a9b5-2da794eefeb3,The gold standard for diagnosis of pulmonary embolism,"Conventional catheter-based pulmonary angiography is the gold standard for diagnosing pulmonary embolism. In practice, multidetector CT pulmonary angiography (CTPA) is the preferred first-line test.",0.95
6f7ab13f-2f64-4cbb-85bb-537f87f5f967,"A six-year-old child is admitted to the Paediatric ICU for seizures. He has been on treatment with Tacrolimus and Prednisolone. On investigations, his blood urea is 68 mg.dk Serum Sodium is 136 meq/l likely cause of his seizures -","Tacrolimus-induced neurotoxicity—classically posterior reversible encephalopathy syndrome (often with hypertension)—is the most likely cause, not hyponatremia. Elevated urea suggests tacrolimus-related renal dysfunction that can raise drug levels and risk of seizures.",0.9
5dde2d33-f048-45d0-b5b0-b816b78be088,"A child has microcephaly, blue eyes, fair skin, and mental retardation; ferric chloride test is positive. What is the likely diagnosis?",Phenylketonuria (PKU) due to phenylalanine hydroxylase deficiency.,1
aaa66b01-27a0-4080-9d8e-b92e9bd3a45d,A 9-year-old female child with history of head ache and visual disturbance. What could be your possible diagnosis:,"Differentials include migraine with aura, idiopathic intracranial hypertension, and an intracranial mass such as a craniopharyngioma compressing the optic chiasm. If symptoms are persistent/progressive or there are red flags (vomiting, papilledema, focal deficits), urgent ophthalmologic and neurologic evaluation with MRI is indicated.",0.5
d7e04551-8521-4b7e-9f20-72fbad71fcf3,Kostmann&;s syndrome-treatment is,"First-line therapy is long‑term recombinant G‑CSF (filgrastim) to raise neutrophil counts, with aggressive treatment/prophylaxis of infections. Hematopoietic stem cell transplantation is considered for G‑CSF nonresponders, intolerance, or progression to MDS/AML.",1
dc91e15c-efbf-486e-8479-3f014b9e5197,"A 72 year old white male complains of difficulty reading fine print and fatigue after prolonged reading. O/E multiple, Confluent soft drusen over the macula are present. Most probable diagnosis?",Dry age-related macular degeneration (non-exudative/atrophic AMD) characterized by confluent soft macular drusen.,1
428aef0e-7e60-4f1b-b6e4-211d92918e86,"A 20 years old female presented to emergency with high grade swinging fever, abdominal tenderness and flank mass. On CT there was collection around kidney. Antibiotics were staed but patient condition didn't improve after 48 hours. What is the next best treatment option?","Image‑guided percutaneous drainage (pigtail catheter) of the perinephric abscess with culture-directed IV antibiotics. If drainage is not feasible or fails, proceed to surgical drainage (and consider nephrectomy if the kidney is nonfunctional).",0.75
7efe9080-b0da-44c6-a327-ced795f29370,"A 42-year-old Bengali male presents with painless nodules over the face. The face is erythematous, and the surface of some of the large nodules is discolored. He gives history of insect bite in past while he went to the jungle for work. What is the most likely diagnosis?","Post‑kala‑azar dermal leishmaniasis (cutaneous leishmaniasis due to sandfly bite), presenting with painless erythematous facial nodules.",1
d14e7cd2-934d-4671-858e-c9a982eaf34c,A 54 year old smoker man comes with severe hemoptysis weight loss and oligoahritis. Serial skiagram shows fleeting opacities. What is the diagnosis?,"Granulomatosis with polyangiitis (Wegener’s).  
Severe hemoptysis with weight loss, oligoarthritis, and fleeting pulmonary opacities fits ANCA‑associated vasculitis with diffuse alveolar hemorrhage.",0.5
b495f2ce-4022-4c43-b232-7fc500e4d0dd,"A 35 year old lady Malti has unilateral headache, nausea, vomiting and visual blurring. The diagnosis is -","Migraine—likely migraine with aura, given the unilateral headache with nausea/vomiting and visual disturbance.",0
0aef8d53-0899-41e8-9398-a43e999e6e08,A patient with abdominal pain diarrhea and weight loss. He gives a history of taking treatment for pulmonary TB. What does the barium film of the patient show?,"Findings suggest ileocecal (intestinal) TB: a pulled‑up, contracted cecum with a narrowed/strictured terminal ileum and a patulous IC valve—classically the Stierlin sign (rapid emptying of terminal ileum with nonfilling/rigid cecum).",0.5
0e98c3a6-c4dc-430f-8a5c-a9d0c7d8da76,"A 14 year old male was presented to the casualty on a saturday night with left sided upper abdominal pain. Clinical examination revealed massive splenomegaly. He has history of massive hematemesis 2 year back, and was diagnosed to have Extrahepatic Poal Venous Obstruction (EHPVO) and bleeding was controlled by ligation of the esophageal varices. What is the likely diagnosis?",Splenic infarction due to congestive splenomegaly from extrahepatic portal vein obstruction.,0.8
8e2a7bc1-232d-4aa8-9348-fc933b4ed385,"A patient came with exudative lesions in cubital fossa, popliteal fossa & neck. The diagnosis is","Atopic dermatitis (flexural eczema), given the exudative lesions in the cubital and popliteal fossae and neck.",1
cfa4350b-e6e6-4bbd-ae0e-cd00314d90c3,"An 18-year-old man is admitted to the hospital with acute onset of substernal chest pain that began abruptly 30 minutes ago. He repos the pain radiating to his neck and right arm. He has otherwise been in good health. On physical examination, he is diaphoretic and tachypnoeic. His BP is 102/48 mmHg and hea rate is 112 bpm, regular rhythm but is tachycardiac. A 2/6 holosystolic murmur is heard best at the apex and radiates to the axilla. His lungs have bilateral rales at the bases. The ECG demonstrates 4 mm of ST elevation in the anterior leads. In the past he was hospitalized for some problem with his hea when he was 4 years old. His mother, who accompanies him, repos that he received aspirin and g- globulin as treatment. Since that time, he has required intermittent follow-up with echocardiography. What is the most likely cause of this patient's acute coronary syndrome?","Prior Kawasaki disease causing a coronary artery aneurysm with superimposed thrombosis/stenosis, leading to acute myocardial infarction.",0.8
652eb25e-ac84-4447-b086-e0cb4b4a14bb,"A 35 year old athlete has height 184 cm., arm span 194cm., pulse rate 64/min., BP148/64 mm Hg. Chest ausultation reveals long diastolic murmur over right 2nd intercostal space on routine examination. The probable diagnosis is -","Chronic aortic regurgitation, likely due to aortic root dilatation (Marfan phenotype), given the wide pulse pressure and long early diastolic murmur at the aortic area. The increased arm span relative to height supports Marfan-related aortopathy.",0.9
1e812663-a401-4688-bacd-e22499f81525,"A 30-year-old male patient came to Medicine OPD for swellings which looks like grapes, he said initially it was small cluster of swelling which later increased in size. He also complained of yellowish pigmentation of creases of palms. His fasting lipid profile was done, both cholesterol and triacylglycerols level was elevated. What is the diagnosis?","Type III hyperlipoproteinemia (familial dysbetalipoproteinemia), presenting with palmar xanthomas (xanthoma striatum palmare) and tuberoeruptive “grape-like” xanthomas.",1
f9f1c0a0-a0c4-4ffb-ab92-ad97081a8349,A patient with hip in adduction and medial rotation and is unable to move probable diagnosis is -,"Posterior dislocation of the hip.  
Classically presents with the limb adducted, flexed, and internally (medially) rotated with severe pain and inability to move.",0.95
47c18b9c-18a6-4bb0-8694-f104bf775cf5,A 55 year old chronic alcoholic male was brought to OPD with tremors and sweating. He is found to have irrelavent talks since 3days. What is the most likely diagnosis?,Delirium tremens (severe alcohol withdrawal).,1
2c5bec35-c22f-482e-b796-ed291723ff4a,A patient was diagnosed to have single skin lesion of Leprosy without any AFB positive bacteria from the scrapings. What should be the treatment of this patient according to latests guidelines?,Treat as paucibacillary leprosy with WHO MDT for 6 months: rifampicin 600 mg once monthly supervised plus dapsone 100 mg daily (weight‑adjusted in children). Single‑dose ROM for single‑lesion PB is no longer recommended in current WHO/NLEP guidelines.,0.8
37cff1b3-14a6-4560-8846-1f8a975d268d,The best diagnostic procedure of M.tuberculosis,"Mycobacterial culture (solid or liquid media) is the gold standard for definitive diagnosis and drug-susceptibility testing. In practice, rapid nucleic acid amplification tests such as Xpert MTB/RIF are preferred initial tests because they quickly detect MTB and rifampin resistance.",0.7
f2b36175-dd02-49b7-be12-fe83c5725c41,"A CKD patient is having protracted vomiting episodes. pH=7.42, pC02= 40, HCO3= 25, Na= 140mEq, Chloride= 95mEq and HCO3= 25mEq. Comment on the diagnosis.","Mixed acid–base disorder: high anion gap metabolic acidosis from CKD (AG = 140 − [95 + 25] = 20) plus hypochloremic metabolic alkalosis from protracted vomiting. These opposing processes offset, giving a near-normal pH and HCO3.",0.8
0accc3af-a316-4ebd-a206-613ab3f860d2,45 year old patient presents with acute cholecystitis. Blood investigation showed raised bilirubin. His pain resolved over the period but raised Bilirubin persisted. ERCP showed cholecystocholedochal fistula. What is the  probable diagnosis,Mirizzi syndrome—specifically a cholecystocholedochal fistula (Csendes Type II).,1
582ed582-6464-4ee4-b524-3fa9c6cafbcf,Ideal imaging method for diagnosis of hydrocephalous in infant is,Cranial ultrasonography through the open anterior fontanelle is the ideal initial imaging for diagnosing hydrocephalus in infants. MRI is preferred if detailed anatomy or etiology needs clarification.,0.9
b896839c-a737-48ae-8df5-de4719112535,'Gold standard' in diagnosis of GERD is,Ambulatory 24-hour esophageal pH monitoring—ideally pH-impedance monitoring—is the gold standard for diagnosing GERD.,1
054244f1-b78b-42e8-bc34-9d812662cb63,"A 21 yrs old girl with 8 weeks amenorrhoea, now comes in shock. The likely diagnosis is",Ruptured ectopic (tubal) pregnancy causing hemoperitoneum and hypovolemic shock.,1
4f682e47-9e23-45ea-ac3c-831811cfd6d8,"A 40-year-man, working in farm, presented with headache, malaise, sense of tightness in chest, dimness of vision. On examination he had pinpoint pupils. Likely diagnosis is","Acute organophosphate (cholinesterase inhibitor) poisoning from insecticide exposure, causing a cholinergic syndrome with miosis.",0.9
5ea7e2d9-4885-4857-bc63-e052da9d03da,"A 26 year old engineering student presented to the emergency with pain in the wrist after a fall on an outstretched hand from the motorcycle travelling at a very high speed. Examination shows swelling, diffuse tenderness, deformity, and limited wrist movement. 'Spilled teacup' sign is seen on a PA view X-ray wrist. What is the likely diagnosis?",Volar lunate dislocation of the wrist. The “spilled teacup” sign is classic for a lunate that has rotated volarly after a high-energy FOOSH.,0.5
b2f777c2-8717-4687-95d4-68450e59adc9,A 40 year old male who is being treated for UTI with Oflazacin presents to you with sudden onset of pain in the back of the ankle while running. It is still possible for him to walk but finds it difficult to stand on tiptoe. What is your diagnosis?,"Achilles (calcaneal) tendon rupture, likely precipitated by fluoroquinolone (ofloxacin) therapy. A positive Thompson test would support this.",1
100ff550-2733-4a80-aa30-750984133276,An 8 month old female child presented to emergency with a hea rate of 220/minute and features of cogestive hea failure. Her hea rate comes down to normal after administering intravenous adenosine. What is the most likely diagnosis ?,"Paroxysmal supraventricular tachycardia (SVT), most likely an AV node–dependent re-entrant tachycardia (e.g., AVRT).",1
d7019cd4-5375-42c2-b659-947fd8fcd2af,A female patient presents with diffuse alopecia to you. She had suffered from typhoid fever 4 months back. Most probable diagnosis is-,Telogen effluvium — diffuse shedding occurring a few months after a febrile illness like typhoid.,1
421a8ce7-9dd1-4dd7-8650-4c35700269b5,Patient is on autocoids for 1 year complains of severe pain epigasrium relieved iv antacids now complains of pain in right iliac fossa and epigastrium with fever and loss of liver dullness diagnosis -,"Perforated duodenal (peptic) ulcer with pneumoperitoneum causing peritonitis.  
Loss of liver dullness indicates free intraperitoneal air.",0.8
88ca809d-2bd0-4af6-a9a2-8c517593f96a,A 60 years old man presented with itchy tense blisters on normal looking skin and uicarial rash. Investigation done for the diagnosis:,Suspect bullous pemphigoid; confirm with skin biopsy (H&E showing subepidermal blister with eosinophils) and direct immunofluorescence of perilesional skin showing linear IgG and C3 along the basement membrane. Serum BP180/BP230 autoantibodies by ELISA and salt-split skin IIF (roof binding) can support the diagnosis.,0.7
6e218e5c-2a3c-4b0e-b164-b0a21756f009,An infant present with bilateral white pupillary reflex. On slit lamp examination a zone of opacity is observed arround the fetal nucleus with spoke like radial opacities. The most likely diagnosis is-,Congenital lamellar (zonular) cataract.,1
cc45ca4a-58dd-4128-aad7-74c2f0e3719b,A 2 year old child with Beckwith-Wiedemann syndrome is brought to you with history of an abdominal mass in the right hypochondrium. It was also associated with thrombocytosis and anemia. A CT showed enlarged pulmonary hilar nodes. What is the most probable diagnosis? Note that viral markers are -ve in this patient.,"Hepatoblastoma — a BWS-associated embryonal liver tumor presenting with a right upper quadrant mass, thrombocytosis/anemia, and lung (hilar) metastases, with negative viral markers.",1
6a841e42-39fd-4a5b-9111-d1600c653ae0,"Sheela, a middle aged diabetic female presented with flank pain and fever. On U/S the kidney was irregular and showed fat density lesion with calculi. The diagnosis is most probably -","Xanthogranulomatous pyelonephritis.  
Diabetic with flank pain/fever and an irregular kidney showing fat-density areas with calculi is classic for XGP.",0.9
a6fa2624-167d-4d43-8271-d005c5c01fa9,"When asked about his impending heart operation, patient recollects the entire procedures in detail. He seems well versed & on asking, says that he has been reading everything he can about it. He discusses the details for hours, but shows no emotional reaction to the operation. The defense mechanism most likely used here?","Intellectualization. He copes with anxiety by immersing in technical details and facts about the operation, avoiding the associated emotions.",1
a27573cc-b861-4320-a0a7-061125f69421,A 48 year old male presents with non-itchy generalised papulo-nodular lesion of three months duration. Physical examination does not show any other abnormaly.Slit smear from a nodule does not show AFB. Blood VDRL is reactive 1:2 dilution.The most likely diagnosis is-,"Papulonodular secondary syphilis. The generalized, non-itchy papulo‑nodular eruption with a reactive (albeit low-titer) VDRL and negative slit-skin AFB supports this over leprosy.",0.9
b384104a-eeb3-4778-b3c0-ff30dfcbbfbd,"A 27-year-old homosexual male presents with a foreign body in the rectum. During the extraction of the foreign body, a large tear in the sigmoid colon with extensive devitalization and contamination is observed. What is the preferred method of treatment?","Hartmann’s procedure: emergent laparotomy with resection of the devitalized/contaminated sigmoid, end colostomy, and closure of the rectal stump, with thorough peritoneal lavage and broad-spectrum antibiotics.",0.8
e645305b-e228-45c1-aa09-6f5b3682067b,"A 30-year-old man presented with this lesion on his right lower eyelid that had grown over 3 days. Two weeks before his presentation, a cyst had ruptured on the same eyelid. What is the diagnosis?","Pyogenic granuloma (lobular capillary hemangioma) of the eyelid, likely arising after the ruptured chalazion/cyst. It characteristically grows rapidly and appears as a red, friable mass.",1
96516f8b-aaa5-4e24-ad58-de6cd5a1219d,A 40-year-old man is brought to the doctor by his family for the rapid intellectual decline. Examination shows fast semi-purposive movements in hands. His father and grandfather had a similar illness. What is the diagnosis?,"Huntington disease—an autosomal dominant neurodegenerative disorder with chorea and cognitive decline, due to CAG repeat expansion in the HTT gene (anticipation, often paternal).",0.9
225d869c-1591-45be-a957-bcd81ff93a4a,25 year old labourer 3 yrs back presented with penile ulcer not treated. Later he presented with neurological symptoms for which he got treated. Test to monitor response to treatment is,Serial quantitative non-treponemal test titers—VDRL (or RPR)—are used; falling titers indicate treatment response.,1
e6315631-071a-44d9-8f4d-963985f7719b,"A 30-year-old male presented with trismus, fever, swelling pushing the tonsils medially and spreading laterally posterior to the middle of sternocleidomastoid. He gives a history of extraction of third molar few days back for dental caries. The diagnosis is:","Parapharyngeal (lateral pharyngeal) space abscess, likely odontogenic from the recent mandibular third molar extraction.",1
8c3ffe54-362a-45ab-8b4d-a4947e674b45,A 61-year-old female patient presents to your clinic due to sudden episodes of left-sided facial pain for the last two days. She states that the pain feels like a 'sharp stabbing ' and is a 9/10 in terms of intensity. The pain lasts about 5-10 seconds and then dissipates rapidly. The pain is often brought on by talking and cold wind. Her past medical history is significant for depression and type 2 DM. What is the diagnosis?,"Trigeminal neuralgia (tic douloureux). The brief, electric shock–like unilateral facial pain triggered by talking and cold wind is classic.",1
94dd8214-9ad5-42a1-b869-12bd091c8a92,"A child comes with abdomen pain, arthralgia, hematuria, hypertension diagnosis is-","Henoch–Schönlein purpura (IgA vasculitis).  
It classically presents with abdominal pain, arthralgia, and renal involvement (hematuria ± hypertension), often with palpable purpura.",0.86
b9c6b2c1-99ae-4a8f-b2d4-5f5b2968171e,BAL of a patient shows foamy macrophages with decreased CD4: CD8 ratio. What is the diagnosis?,Amiodarone-induced pneumonitis (drug-induced interstitial lung disease).,0
cd282004-153c-43a7-a814-3a61ff4a565f,"A 21-year-old female presents because her urine has turned a brown color. She states that about 2 months ago her urine turned brown 2 days after a cold and stayed brown for about 3 days. At the current time a urinalysis reveals blood with red cells and red cell casts. Fuher laboratory tests include a complete blood count (CBC), serum electrolytes, BUN, creatinine, glucose, antinuclear antibodies (ANAs), and serum complement levels (C3 and C4). All of these tests are within normal limits. Immunofluorescence examination of a renal biopsy from this patient reveals the presence of large, irregular deposits of IgA/C3 in the mesangium. A linear staining pattern is not found. What is the most likely diagnosis for this patient?","IgA nephropathy (Berger disease), causing synpharyngitic gross hematuria with mesangial IgA/C3 deposition and normal complement levels.",0.95
c884882f-cd03-4982-bdfc-8421fe8484ac,A 38 year old male presents to the OPD with swelling in the inguinal region. On examination inguinal nodes are enlarged along with multiple discharging sinuses from the enlarged lymphnodes. What is the most probable diagnosis?,"Lymphogranuloma venereum (LGV) due to Chlamydia trachomatis (L1–L3), which causes inguinal buboes that often suppurate and form multiple discharging sinuses.",1
365913f7-864b-4fb7-b89b-96735f82c7d4,Comment on the diagnosis of 1-year-old child?,"I can’t comment on a diagnosis without details—please share the child’s symptoms, duration, exam findings, and any test results. If there are red flags like trouble breathing, lethargy, poor feeding/dehydration, persistent high fever, seizures, or a rapidly spreading rash, seek urgent medical care.",0
b4c87bf0-f7c4-4766-88ba-fa2ec29ec296,"A 19 yrs old male has a small circumscribed sclerotic swelling over diaphysis of femur, likely diagnosis is:",Osteoid osteoma—typical small nidus with dense surrounding sclerosis in the diaphyseal cortex of long bones in adolescents.,1
026cfef1-9278-46eb-beb8-61a723e7cfd1,"After suffering a severe bout of pneumonia, a 46-year-old renal transplantation patient develops a lung abscess. She has been receiving immunosuppression therapy since her last kidney transplantation 3 years ago. What is the most appropriate treatment?","High-dose trimethoprim–sulfamethoxazole for presumed Nocardia lung abscess, typically for a prolonged course. Also screen for CNS dissemination.",0.4
f94dc278-3751-4133-85f7-e7f03b4a8f24,A 20-year-old girl Neelu enjoys wearing male clothes. Wearing male clothes gives her a feeling of more confidence and after these episodes she is an absolutely normal girl. The likely diagnosis is:,"Dual‑role transvestism: episodic cross‑dressing for comfort/confidence without sexual arousal or desire for gender change, with otherwise normal functioning.",1
e4a003b1-d35e-4de3-a870-2b5c02cbd1b5,A child presented with sho stature and some abnormalities of the hand and pelvis. What is your diagnosis.,Achondroplasia—short‑limbed dwarfism—suggested by a trident hand and characteristic “champagne-glass” pelvis with horizontal acetabular roofs.,1
66417d88-0b54-4ae4-b2ca-02b870446420,A child's growth variation is normal but bone development is not acc to the chronological age.What is diagnosis ?,Constitutional delay of growth and puberty (CDGP) — normal growth velocity with delayed bone age relative to chronological age.,1
525309a6-bfd3-4ab2-8605-7a17c0b2e0d2,"A child undergone bilateral adrenalectom, later he developed headache, visual field defect, Hyper pigmentation of skin,what is the most probable diagnosis?","Nelson’s syndrome — development of an ACTH-secreting pituitary adenoma after bilateral adrenalectomy, causing hyperpigmentation, headache, and visual field defects.",1
b3ab9516-a119-47fc-8724-3b12e841c30d,A child is brought by mother with HO massive hematemesis with HO drug intake previously with NSAIDS and on Rx. Associated with moderate splenomegaly diagnosis is -,"Most likely variceal upper GI bleed from portal hypertension due to extrahepatic portal vein obstruction (portal vein thrombosis), given the splenomegaly. NSAID‑induced gastritis/ulcer is less likely as it doesn’t explain the splenomegaly.",0.8
a067ba64-a70d-4a96-ac91-37bb729c20e6,"A 20 year old woman presents with fever, severe myalgia and ahralgia, pain behind the eyes and rash for 3 days. Lab repos show thrombocytopenia and leucopenia. What is the most likely diagnosis?","Dengue fever (breakbone fever) is most likely, given the high fever with retro-orbital pain, severe myalgia/arthralgia, rash, and lab findings of leukopenia and thrombocytopenia.",1
eecbf966-911e-41ae-b5ba-92d00917163b,"A 60-year-old male reports for denture adjustment. His
OPG shows 1 cm lytic area in the lower bicuspid region. The most probable diagnosis is",Residual (radicular) cyst—left behind after extraction in an edentulous mandibular premolar region.,0.5
981e2dea-46ee-4d4f-bc1b-46b2801069e7,"A patient presented with pain abdomen, X-Ray, AP view shows calcification on right side of abdomen. In lateral view calcification is seen to overlie the spine. What is the most likely diagnosis?","Right renal (renal pelvis) calculus. On lateral view, a calcification that overlies the spine indicates a posterior, retroperitoneal location consistent with renal tract stones rather than anterior gallstones.",1
7dd61444-b195-4a6b-9934-fc5c9c198d6a,Dahlman's procedure is done for management of:,Zenker’s (pharyngoesophageal) diverticulum—endoscopic diverticulotomy/cricopharyngeal myotomy.,0.9
67381436-dfc3-4c86-b063-960d5f9754e4,"A 6-month-old infant had itchy erythematous papules and exudative lesions on the scalp, face, groins and axillae for one month. She also had vesicular lesions on the palms. The most likely diagnosis is –","Infantile scabies. The pruritic papules involving scalp, face, axillae/groin with vesicles on the palms are characteristic of scabies in infants.",1
51b17007-5f6b-45d7-875a-651574a91478,"A 5 year old child develops non blanching macules, papules and petecheal hemorrhage on lower extremities, mild abdominal pain, and skin biopsy showed IgA deposition along blood vessels and perivascular neutrophilic infiltrate. Most probably diagnosis is","Henoch–Schönlein purpura (IgA vasculitis), a small-vessel IgA-mediated vasculitis.",1
73459d57-9156-49f8-8a57-f8b70eaec495,Stimulant drug is given to child for the treatment of,"Attention-deficit/hyperactivity disorder (ADHD, hyperkinetic disorder).  
Common stimulants used include methylphenidate and amphetamines.",1
6826f0b6-3533-4efc-9646-21c16dfcc60a,Kostmann's syndrome-treatment is,"First-line therapy is long-term subcutaneous G‑CSF to maintain an adequate neutrophil count, with prompt antibiotics for infections. Hematopoietic stem‑cell transplantation is considered for G‑CSF nonresponders, intolerable dose requirements, or progression to MDS/AML.",1
6505b2bc-103a-40fb-8e88-6108fbf5ce59,"A 12-month-old infant with a history of recurrent infections, eczema, generalized edema, and easy bruising is diagnosed with an X-linked, recessive, congenital immunodeficiency. The CBC shows thrombocytopenia. What is the most likely diagnosis?","Wiskott–Aldrich syndrome—an X-linked recessive immunodeficiency marked by the triad of recurrent infections, eczema, and thrombocytopenia with small platelets (easy bruising).",1
dc3e6664-a961-4c50-848f-8fe60217f995,2 year old baby having testicular lump. Increased AFP diagnosis -,Yolk sac (endodermal sinus) tumor. It’s the most common testicular tumor in young boys and characteristically elevates AFP (often with Schiller-Duval bodies on histology).,0.9
e7eb4966-860c-4cda-9f09-698e382b6be9,"A patient has small, oval multiple ulcers in oral cavity with red erythematous margins. The diagnosis is ?",Recurrent aphthous stomatitis (minor aphthous ulcers).,0.9
185cd7b8-086f-430e-a628-df4049b03029,Plain radiograph of a patient with chronic abdominal pain is given. What could be the probable diagnosis?,"Chronic pancreatitis, suggested by pancreatic calcifications visible on the plain abdominal radiograph.",1
a9d4afbb-9e61-4b7e-8207-e8b25cfe2756,"27 year old man oh his trip to Hawai consumes an exotic food for the first time . Just after consuming he developed intense pruritis, swelling of face & lips, shoness of breath, vomiting. What could be most likely diagnosis?","Acute anaphylaxis (IgE-mediated type I hypersensitivity) to a food, likely seafood/shellfish.",0.95
2c4cac73-1967-46ae-a586-185549de5c20,"A thiy five year old female has proximal weakness of muscles, ptosis and easy fatigability. The most sensitive test to suggest the diagnosis is.",Single-fiber electromyography (SFEMG) showing increased jitter is the most sensitive test for myasthenia gravis.,0.5
09680419-46c1-44d4-bc80-2091b940bac8,"A 40 year old male with history of RTA with multiple long bones fracture, develops tachypnoea, periumbilical rashes and has urinary fat globules, the most likely diagnosis is",Fat embolism syndrome (FES) secondary to long-bone fractures.,1
934cc55f-b337-46cf-af29-f670d6143d99,A patient presented to you with vaginal discharge. Whiff test was positive. What is the diagnosis?,"Bacterial vaginosis, typically due to Gardnerella vaginalis—the positive whiff (amine) test with fishy odor is characteristic.",1
98bf8c0f-6852-4432-9e33-d73d862d81ac,"A girl has primary amenorrhea with normal ovaries, absent internal genitalia but normal external genitalia. Most probable diagnosis?","Müllerian agenesis (Mayer–Rokitansky–Küster–Hauser syndrome): a 46,XX female with normal ovaries and external genitalia but absent uterus/upper vagina causing primary amenorrhea.",1
c0800fac-c24c-4900-adf0-ffd62156a992,"A 30-year-old woman with family history of hearing loss from mother's side developed hearing problem during pregnancy. Hearing loss is B/L, slowly progressive. Pure tone audiometry shows an apparent bone conduction hearing loss at 2000 Hz. What is the most likely diagnosis:","Otosclerosis (stapedial fixation), evidenced by the Carhart’s notch at 2 kHz on bone conduction. It classically affects young women, often worsens during pregnancy, and can be familial.",1
bf090474-8b0f-4abe-9cf0-b5a53b5fc21a,"A child finds difficulty to spell and read, otherwise his IQ is normal, interacts well with parents and friends. Vision is normal. Most probable diagnosis of the condition is:",Specific learning disorder with impairment in reading (developmental dyslexia).,1
b66f46b8-6757-4e36-850a-6e3778e55ebd,"A 24 year male came to OPD with brownish itchy patches in axilla, blood lamp examination shows ""coral red"" fluroscence. Most likely diagnosis is:",Erythrasma due to Corynebacterium minutissimum. The coral-red fluorescence under Wood’s lamp is from porphyrins (coproporphyrin III) produced by the bacteria.,1
abda6ac9-fa74-4a35-b75e-dedeb0c56673,A female patient with a mechanical heart valve who is taking warfarin informs you that she hopes to get pregnant in the near future. What advice do you give her regarding her antithrombotic medication during the anticipated pregnancy?,"Warfarin is teratogenic, so plan preconception with cardiology/MFM to switch to therapeutic, monitored heparin (LMWH/UFH) during early pregnancy (especially weeks 6–12) and again from ~36 weeks to delivery, often with low‑dose aspirin if safe. Depending on your warfarin dose and valve type, you may resume warfarin in the second trimester under close specialist supervision.",1
3a74a1d6-6730-46fb-aa69-e49ff050fa89,Best procedure to be done after an injury to leg associated with exposure of underlying bone and skin loss -,"Vascularized flap coverage is best—ideally early—using a local muscle/fasciocutaneous or free flap (or cross‑leg flap if local options are unavailable), since skin grafts won’t take on exposed bone.",0.5
29986844-1c38-47d7-8084-0092f8072914,A patient after valve replacement will require follow up treatment with,Anticoagulation therapy—typically warfarin with INR monitoring—especially lifelong for mechanical valves. Bioprosthetic valves usually need short-term anticoagulation followed by antiplatelet therapy; endocarditis prophylaxis is also indicated for high‑risk procedures.,1
adea7e09-5a75-454d-91df-88d3835167f7,"A 55-year-old female developed ESRD due to poorly controlled diabetes. She underwent dialysis 2-3 times a week. She was advised for kidney transplant which she received from cadaveric donor. She was put on immunosuppressive therapy with azathioprine, cyclosporine, methylprednisolone and anti-thymocyte globulin. Two weeks following the surgery, the patient was discharged on medications. 2 weeks later she presented to emergency with complaints of decreased urine output. On examination, her BP was noted to be 160/95 mm hg. The region of the graft is enlarged and is tender to touch. Lab investigations revealed serum creatinine of 4 mg/dl. Her differential diagnosis includes transplant rejection and drug toxicity. Which drug could be held responsible for the above clinical scenario?","Cyclosporine, due to calcineurin-inhibitor nephrotoxicity (afferent arteriolar vasoconstriction), can cause acute rise in creatinine, oliguria, and hypertension mimicking rejection.",1
994b385e-a9fe-43e8-84c1-e7bbeec0c063,"A 1-day-old infant was born with the vault of the skull undeveloped, leaving the malformed brain exposed. A diagnosis of exencephaly is made. What is the embryologic cause of this condition?","Failure of closure of the cranial (anterior/rostral) neuropore during week 4 of neurulation, resulting in acrania and exposed, malformed brain (exencephaly/anencephaly).",0.9
1ff37812-1d88-4fd9-9567-3b0399526985,"A 70 year old male, Babulal was brought to the hospital with the history of third person auditory hallucinations. He has no history of similar problems previously. What is the most likely diagnosis?","Schizophrenia (paranoid type), since third-person auditory hallucinations are a Schneiderian first-rank symptom. Given the age (70), also rule out organic causes of psychosis before confirming.",0.5
141bd57d-0246-4944-a422-1e38721133ae,A 12 years old girl with tremors and emotional liability has golden brown discolouration in Descement's membrane. The most likely diagnosis is?,"Wilson disease (hepatolenticular degeneration), evidenced by Kayser–Fleischer rings from copper deposition in Descemet’s membrane causing tremor and emotional lability.",1
bc7677bc-b5e6-4bc4-8397-59840c4c6166,A patient presents with claudication in both buttocks and has impotence. The clinical examination reveals bruit over lower abdomen. What is the clinical diagnosis?,"Leriche syndrome (atherosclerotic aortoiliac occlusive disease), classically presenting with bilateral buttock claudication, impotence, and aortoiliac bruit/diminished femoral pulses.",0.5
059608e7-4388-4edd-8946-f39715fec464,A Patient presents with recurrent episodes of sharp pain over his right cheek that is precipitated on chewing. Between attacks patient is otherwise normal. The most probable diagnosis is?,"Trigeminal neuralgia (tic douloureux), most likely involving the maxillary (V2) division, given sharp, brief, chewing‑triggered facial pain with normal periods between attacks.",1
d2130d74-d487-4d73-82c1-ac8fe719224a,"Post administration of antibiotics a patient has developed facial puffiness, rash, hypotension and breathing difficulty. What is the test treatment?","This is anaphylaxis—immediately give intramuscular adrenaline (epinephrine) 0.5 mg (0.5 mL of 1:1000) into the mid‑anterolateral thigh; repeat every 5–15 minutes if needed. Support airway, give high‑flow oxygen and rapid IV fluids; antihistamines and steroids are adjuncts.",1
b720b68a-23e2-4db7-a6ad-0010c345c7ed,The mother of a one and a half year old child gives history of increasing proptosis of left eye for the past 1 month. Examination revels left eye white reflex. On computed tomography scan of the orbit there is left orbital mass with calcification mainly centred within the globe. The most likely diagnosis is?,"Retinoblastoma. The leukocoria with intraocular calcifications on CT in a toddler, with proptosis suggesting advanced disease, is classic for this diagnosis.",1
e0992ffc-55b5-4b43-ba6e-e25b3b651b21,"For a child 3-5 months age with H1N1, treatment Oseltamivir dose is",3 mg/kg per dose orally twice daily for 5 days (for infants 0–8 months).,0.5
959c53a8-a215-4063-b3f9-0fcc663b2c35,Gold standard investigation for diagnosis of insulinoma -,"A supervised 72‑hour fasting test is the gold standard, showing hypoglycemia with inappropriately elevated insulin, C‑peptide (± proinsulin) and negative sulfonylurea screen.",1
d5f43634-eeb6-4188-860f-6eb78289bc62,An 8 year old has 1st molar in a cusp-to-cusp relation. The treatment is:,"No active treatment—observe and allow late mesial shift after exfoliation of the second primary molars, which typically converts the end-on (cusp-to-cusp) relation to Class I.",0.8
d4fbec65-3343-461c-8aed-342bf8d6df5f,Child has lesion on buttocks since 2 year spreading peripherally with central scarring non symptomatic diagnosis?,"Most likely lupus vulgaris (cutaneous tuberculosis) — a slowly expanding plaque with peripheral activity and central atrophy/scarring. Confirm with skin biopsy, Mantoux/IGRA, and start appropriate anti‑TB therapy.",0.5
42c4734b-6a25-4b2f-8901-8ed15fbb62a4,An 8–month–old female child presented to emergency with a heart rate of 220/minute and features of congestive heart failure. Her heart rate comes down to normal after administering intravenous adenosine. What is the most likely diagnosis ?,"Paroxysmal supraventricular tachycardia (AV node–dependent tachycardia, most likely AV reentrant tachycardia as in WPW).",1
7a1aa239-df16-4763-92d9-44c26d81310c,"A 70-year-old man was administered penicillin intravenously. Within 5 minutes, he developed generalized uicaria, swelling of lips, hypotension and bronchospasm. The first choice of treatment is to administer -",Immediate intramuscular epinephrine (adrenaline) in the mid‑anterolateral thigh—0.3–0.5 mg (0.3–0.5 mL of 1 mg/mL [1:1000])—and repeat as needed.,1
32b01b95-4423-4743-a79d-9a75f966cfd7,"A 28 year old woman was admitted electively to a HDU following C- section. A diagnosis of 'fatty liver of pregnancy' had been made preoperatively. She was commenced on a continuous morphine infusion at 5 mg/hr and received oxygen by mask. This was continued overnight and she was noted to be quite drowsy the next day. Aerial blood gases were- pH 7.16, pCO2- 61.9 mmHg, pO2- 115 mmHg and HCO3- 21.2 mmol/l?","Severe acute hypercapnic respiratory acidosis (pH 7.16, pCO2 62) likely from opioid-induced hypoventilation, with possible concomitant metabolic acidosis. Stop morphine, give naloxone, and provide ventilatory support (consider intubation) while rechecking ABGs.",1
872e09c2-0d8a-47f5-9a31-747849eb1bf4,"A 18-year-old female develops breathlessness with perioral tingling, similar 2 episodes in the past; what is your diagnosis?","Hyperventilation syndrome due to a panic attack, causing respiratory alkalosis with perioral tingling/paresthesias.",0.9
aa0ad540-978b-4705-a27c-1b33d31abbaf,A 56 year old woman has not passed stools for the last 14 days. Xray shows no air fluid levels. Probable diagnosis is ?,"Fecal impaction (severe constipation), rather than mechanical intestinal obstruction.",0.5
7189be9f-0388-4423-97a8-a957e6e60a97,A 72-year-old woman presented with skin changes over her left breast. She had a history of breast cancer 5 years earlier and was treated with a lumpectomy and radiation therapy. What is the diagnosis?,"Post‑radiation cutaneous angiosarcoma of the breast (secondary angiosarcoma), which often presents 4–10 years after lumpectomy with radiation as violaceous, bruise-like skin changes.",0.9
1708113f-5c00-463a-bf34-6c0fe1cd69a2,"A patient was undergoing surgical procedure under general anaethesia. Suddenly he developed tachycardia, sweating, hypeension and tachypnea. What is the best immediate step to manage the situation-","These signs suggest light anesthesia with sympathetic stimulation; immediately deepen anesthesia—give an IV bolus of opioid (e.g., fentanyl) and/or propofol and increase the volatile agent. Simultaneously check oxygenation/ventilation and end‑tidal CO2 to exclude hypoxia, hypercarbia, or malignant hyperthermia.",0.75
922e998c-86f3-4fa4-b869-ba7d7adb703d,A newborn had bluish swelling over upper eyelid. There was no lid edema or eye involvement and the swelling regressed spontaneously at about one year of age. What is the diagnosis:,"Infantile hemangioma (capillary hemangioma) of the eyelid—likely a deep/subcutaneous lesion, hence bluish—which typically involutes spontaneously.",0
62785789-2e68-432a-8137-73d5d64567ba,"G1 P0 patient presents with blood pressure of 160 / 102 mmHg, 3+ proteinuria, and right upper quadrant discomfort at 36 weeks gestation. Following induction of labor, she delivers vaginally. She had blood loss 1500mL. Her serum creatinine rises from 0.98mg / dL predelivery to  1.42  mg / dL diagnosis","Severe preeclampsia (hypertension, proteinuria, RUQ pain) complicated postpartum by hemorrhage with acute kidney injury, most consistent with acute tubular necrosis.",0.9
c6cbeac5-bddf-4f44-8855-c1424ab6e900,A 45 year old hypertensive male patient presented in the casualty with two hours history of sudden onset of severe headache associated with nausea and vomiting on clinical examination the patient had necks stiffness and right sided ptosis. Rest of the neurological examination was normal. What is the clinical diagnosis :,Aneurysmal subarachnoid hemorrhage. The sudden severe headache with meningism and ipsilateral ptosis suggests a painful third-nerve palsy from a posterior communicating artery aneurysm.,1
a0edd0e3-c4c2-4e54-bb77-4f52012c674a,A child with fever presents with multiple tender erythematous skin lesions. n microscopic examination the skin lesions are seen to have neutrophilic infiltration in the dermis. What is the diagnosis -,Sweet’s syndrome (acute febrile neutrophilic dermatosis).,1
76aa3482-4d40-4961-8073-428fffa59af8,"Lalita, a female pt. presents with pigmentation of the lips and oral mucosa and intestinal polyps. Her sister also gives the same history. Most probable diagnosis","Peutz–Jeghers syndrome—an autosomal dominant hamartomatous polyposis syndrome characterized by mucocutaneous pigmentation (lips/oral mucosa) and GI polyps, typically due to STK11 mutations.",1
4102d4a4-3279-4ed7-9b6c-046f28ede7c4,A child with schizophrenia was on medications. Suddenly he developed neck stiffness 8t spasm. What is most probable cause?,Acute dystonic reaction (extrapyramidal side effect) from antipsychotic therapy—classically with D2 blockers like haloperidol—causing torticollis/neck spasm.,1
d4841ba2-af27-47e0-8d5c-b8e39741cc94,A 21-year-old man presents with scrotal swelling and pain. What is the MOST likely diagnosis?,"Testicular torsion. In a young man with acute scrotal pain and swelling, torsion is most likely and is a surgical emergency requiring immediate urologic evaluation.",0.9
b5536d8b-f83d-41d4-a74b-d03a627311c4,A young male presents with elevated bilirubin levels. Examination of urine shows presence of bilirubin while urobilonogen is absent. Likely diagnosis is:,Obstructive (post‑hepatic) jaundice—most consistent with extrahepatic biliary obstruction.,1
afa1a50f-e4ab-43fe-be97-2b8487f7ef37,"A child presents with hypovolemic shock, anuria and respiratory acidosis, treatment is:","Immediate airway protection and mechanical ventilation to correct the respiratory acidosis, plus rapid isotonic crystalloid boluses (20 mL/kg) for hypovolemic shock. If shock persists after fluids, start vasopressors; treat anuria by restoring perfusion and catheterizing to monitor output.",0.9
591b6f72-cd42-4163-bcd3-186916023582,"In a patient of 8 years having history of trauma at the age of 5 years. The TMJ gets ankylosed, what should be treatment","Early surgical release of the ankylosis (gap/interpositional arthroplasty, often using temporalis fascia) with ipsilateral ± contralateral coronoidectomy and reconstruction of the condyle with a costochondral graft to restore growth, followed by early mobilization and intensive physiotherapy.",0.7
159aea13-07ae-44f0-b5a3-363a899c0671,Fick's operation and Cody Tack's procedure is for ?,They are procedures for nasal vestibular stenosis/internal nasal valve collapse (alar collapse) to relieve nasal obstruction.,0
e88b12ed-7758-4203-a380-bb80f5a55641,A 45 year old male has multiple grouped vesicular lesions present on the T10 segment dermatome associated with pain. The most likely diagnosis is,Herpes zoster (shingles) due to reactivation of varicella-zoster virus along the T10 dermatome.,1
ad019d16-1b04-42ec-a6c5-63fcb1d7d89e,In a A patient sustained trauma to left side of chest and abdomen. Fluid in the peritoneum & sign of hypotension was found on physical examination. Most probable diagnosis is?,Splenic rupture with hemoperitoneum causing hypovolemic shock.,0.7
7005ea41-c8fa-48f8-8f50-9c6cd1296b96,"A 30-year-old lady complains of sudden onset breathlessness, anxiety, palpitations and feeling of impending doom. Physical examination is normal. What is the diagnosis","Panic attack (acute panic/anxiety episode). The sudden dyspnea, palpitations, intense fear, and sense of impending doom with a normal exam are classic.",1
a396c72e-15a5-4825-80b9-11149bf76bd8,"A 50-year-old man presents to the emergency in a wheelchair complaining of weakness that has developed over the past 2 days. He first noticed that he had generalized fatigue and felt like he was having a hard time moving his feet. Over the past 24 hours, the weakness has progressed to the point that he can barely stand with assistance. He is beginning to feel that it is difficult to lift his arms. He also complains of a sharp pain in his shoulders and along his spine. Both his hands and feet are tingling. On physical examination, his initial blood pressure is 140/80 mmHg. On repeat 1 hour later, it is 90/50 mmHg. His hea rate is 106 bpm, respiratory rate is 25 breaths/min, temperature is 37.0degC, and SaO2 is 96% on room air. Deep tendon reflexes are absent at the knee, ankle, and wrist. The brachioradialis reflex is 1+. Strength throughout the lower extremities is diminished as the patient is unable to lift either leg against gravity. What is the appropriate diagnosis?","Guillain-Barré syndrome (acute inflammatory demyelinating polyradiculoneuropathy) presenting with ascending symmetric weakness, areflexia, paresthesias, pain, and autonomic instability. He needs ICU monitoring with serial FVCs and treatment with IVIG or plasmapheresis.",1
f364f784-252d-46cd-9f15-9996617fc45c,"A 36-yr-old male worker presented with itchy, annular, scaly diffuse plaques in both the groins. Application of coicosteroid ointment relieved the symptoms temporarily but the plaques continued to spread at the periphery. The most likely diagnosis would be?","Tinea cruris (dermatophyte “ringworm” of the groin), likely steroid‑modified tinea (tinea incognito) given temporary relief with corticosteroids and peripheral spread.",0.95
b4a39d87-7beb-406f-993b-573496c46acf,Saliva produced during stimulation by eating or by mechanical manipulation during dental procedures arises principally from the:,"Parotid gland. During stimulation (eating or dental procedures), the parotid provides the majority of salivary flow.",0.5
4f393747-2214-41a5-8095-ec9f845661b4,"A patient presents with malena, hyperpigmentation over lips, oral mucosa and skin; and his sister is also having similar complaints. The diagnosis is :",Peutz–Jeghers syndrome. An autosomal dominant hamartomatous polyposis syndrome characterized by mucocutaneous pigmentation (lips/oral mucosa/skin) and gastrointestinal bleeding/melena.,1
78a63b2b-d498-46cc-b321-e0eeb4e7b647,"A 35-year-old lady complains of dysphagia, Raynaud's phenomenon and her hands show the following appearance. Investigations show positive ANA. The likely diagnosis is","Limited cutaneous systemic sclerosis (CREST syndrome) — Raynaud’s, esophageal dysmotility (dysphagia), and sclerodactyly, with ANA often anticentromere positive.",0.9
771e0d93-33f4-473c-900d-c2a78b1c03b6,A teenage girl presented in OPD with moderate acne and history of irregular menses. What treatment will you give?,"Start topical retinoid (adapalene/tretinoin) nightly with benzoyl peroxide, adding a 3‑month course of doxycycline/minocycline if inflammatory lesions are moderate (avoid antibiotic monotherapy). Given irregular menses suggesting androgen excess/PCOS, add a combined oral contraceptive with an antiandrogenic progestin (ethinyl estradiol + drospirenone or cyproterone; or spironolactone with reliable contraception) and evaluate for PCOS.",0.75
fbf0c12f-28f7-4d9e-be1d-e7ed5d69d0d2,A newborn infant was referred with intermittent cyanosis which improved on crying but worsened when quiet. What is the most likely diagnosis?,"Bilateral choanal atresia. Newborns are obligate nasal breathers, so nasal blockage causes cyanosis at rest, which improves when crying due to mouth breathing.",0.9
e93921ae-f3a8-4ab1-bb8b-27373d1c5f56,"A male child with coarse facies, macroglossia, thick lips with hepatosplenomegaly presents with copious mucus discharge from nose. Probable underlying diagnosis is:","Hunter syndrome (MPS II) — an X‑linked mucopolysaccharidosis with coarse facies, macroglossia, thick lips, hepatosplenomegaly, and copious nasal discharge, typically without corneal clouding.",0.5
7a424bf8-55f6-43fd-b7af-348e711ee860,"A patient after a trip to Bangkok has developed fever and perioral vesicles, diagnosis is:","Herpes simplex virus infection (herpes labialis, usually HSV‑1).",1
f64b7dad-743e-42db-8b07-8299c210e803,A 10 year old child develops hematuria after 2 days of diarhoea. Blood film shows fragmented RBCs & thrombocytopenia. Ultrasound shows marked enlargement of both kidneys. The likely diagnosis is:,"Hemolytic uremic syndrome (typical, post-diarrheal HUS due to Shiga toxin–producing E. coli), causing MAHA with schistocytes, thrombocytopenia, and acute kidney injury.",0.5
bbd93241-9f60-4ca9-8bd0-d6ff0c7f077e,"A healthy appearing, 8-year-old boy is evaluated for an abdominal mass, felt by his mother during a bath. What is the most likely diagnosis?","Wilms tumor (nephroblastoma) — a painless, smooth renal mass often first noticed by a parent during bathing.",1
c96e7781-c280-4050-920b-0c139dba7b0b,2 years old child was brought to the emergency department. He was having convulsions. On a rapid general physical examination kyphoscoliosis was discovered X-ray showed swollen lower end of radius. What is the likely diagnosis?,"Nutritional rickets (vitamin D deficiency), presenting with hypocalcemic convulsions and wrist metaphyseal swelling.",1
01519bac-b973-4fa0-8b72-cfafe15f95cd,"A 14 year old boy present with headache, fever and cought for 2 days. Sputum is scant and non-purulent and gram stain reveals many whit cells but no organisms. The treatment should be initiated with:","Start empiric therapy for atypical pneumonia with a macrolide, e.g., azithromycin (erythromycin or doxycycline are alternatives), targeting Mycoplasma pneumoniae.",0.8
99185d11-a011-411c-87dd-5211182e8908,"A 36-year-old factory worker developed itchy,annular scaly plaques in both groins. Application of a coicosteroid ointment led to temporary relief but the plaques continued to extend at the periphery.The most likely diagnosis is","Tinea cruris (jock itch), likely steroid-modified “tinea incognito,” given annular scaly plaques in the groins worsening despite corticosteroid use.",0.5
4a61194f-3941-402a-a833-9e6f7108e04c,A 45-years-old multipara presents with dysmenorrhea and menorrhagia. Uterus is symmetrically enlarged upto 14 weeks. What is the probable diagnosis?,"Adenomyosis (diffuse). The combination of menorrhagia, dysmenorrhea, and a uniformly enlarged, tender uterus in a multiparous woman around 45 strongly suggests it.",1
ac3d2d00-73df-45ef-82d3-163e2f14897a,A newborn child presents with inverted foot and the dorsum of the foot cannot touch the anterior tibia. The most probable diagnosis is -,Congenital talipes equinovarus (clubfoot). The inverted foot with inability to dorsiflex so the dorsum touches the anterior tibia distinguishes it from flexible metatarsus adductus.,1
a97f9982-865c-44a3-82c2-7360244cb025,"A 50 years old male presents with severe refractory hypeension, weakness, muscle cramps and hypokalemia, the most likely diagnosis is","Primary hyperaldosteronism (Conn syndrome), typically from an aldosterone-producing adrenal adenoma or bilateral adrenal hyperplasia.",0.1
68e63a43-122d-4f4d-9988-221ca575bf38,Very commonly used suture material in oral surgical procedures,"Black braided silk (usually 3-0 or 4-0) is the most commonly used suture in oral surgery due to its handling and knot security. Absorbable polyglactin 910 (Vicryl) is also widely used, especially for mucosa.",1
9ceb61f6-225f-42ce-9ec9-71d6cd7c05d5,"Male staed drinking alcohol at age of 20 years, presently taking 3 quaers daily over 30 years, complains that now he gets the kick in 1 quaer. Probable diagnosis is:","Reverse tolerance (loss of tolerance) to alcohol, likely due to alcoholic liver disease causing increased sensitivity to smaller amounts.",1
4b920efb-33ed-4766-9c10-ee254bee7c8d,"A six-year-old child is admitted to the Paediatric ICU for seizures. He has been on treatment with Tacrolimus and Prednisolone. On investigations his blood urea is 68 mg/dl, Serum Sodium is 136 meq/l likely cause of his seizures –","Tacrolimus-induced neurotoxicity—classically PRES/hypertensive encephalopathy—is the most likely cause of his seizures. Sodium is normal and the BUN is only moderately elevated, making hyponatremia or uremic encephalopathy less likely.",0.75
867016d7-45a5-4e60-8970-24d586382b32,A patient appears awake and is not talking. No voluntary movements. He can signal with vertical eye movements. The CT scan shows infarction of ventral pons. The diagnosis is,"Locked-in syndrome due to ventral pontine infarction (often from basilar artery occlusion), with preserved consciousness and vertical eye movements but quadriplegia and anarthria.",0.75
a7667a44-3de5-4f3f-8018-e13e8caa91a1,"A child presented with seizures. On examination an Oval hypopigmented macules noted on the trunk, Low IQ and angiofibroma on face. What is the most probable diagnosis","Tuberous sclerosis complex (Bourneville disease).  
Seizures with hypopigmented “ash-leaf” macules, facial angiofibromas, and developmental delay are classic; it’s an autosomal dominant disorder (TSC1/TSC2).",1
71887682-8009-45d2-b038-49e48e00a108,A 9 year old boy with elevation in both PT and A PTT. What is the diagnosis?,Prolonged PT and aPTT point to a common pathway coagulopathy—classically factor X deficiency. Vitamin K deficiency or liver disease can also cause this pattern.,0.8
e56698c6-98e2-449b-9306-58d1e2bf72b6,The active search for unrecognized disease or defect in apparently health people using rapidly applied tests or procedures is-,Screening.,1
0d9ba8b0-b18c-4b1d-ae1a-6421a38bacb0,"A six-year-old girl has brief, irregular contractions in her feet; symptoms are suspected to be a result of an untreated strep infection. What is the diagnosis?","Sydenham chorea (rheumatic chorea), a post–streptococcal manifestation of acute rheumatic fever.",1
0ddacd64-db54-452a-8dff-454cb4477ba0,"A patient on anti-psychotic drugs develops temperature of 104°C, BP about 150/100 and abnormal behavior.What is the likely diagnosis?","Neuroleptic malignant syndrome — a life-threatening reaction to antipsychotics with hyperthermia, autonomic instability, and altered mental status.",1
fb9ef57c-0bb2-4e7d-b02b-4cfda7082f26,"A patient presented with scarring alopecia, thinned nails, hypopigmented macular lesions over the trunk and oral mucosa. The diagnosis is –","Lichen planus (lichen planopilaris variant), with nail dystrophy and oral mucosal involvement.",1
6d0d7da8-9746-402c-8008-ffed9773d68d,"A 36-year-old female with symptoms of hyperparathyroidism, tumor in the pancreas, adrenal cortical hyperplasia, pituitary adenomas, islet cell tumor with cutaneous angiofibroinas. What is the diagnosis?","Multiple Endocrine Neoplasia type 1 (MEN1, Wermer syndrome).",1
617290c2-88d3-4421-8900-b0959cbfba19,"A boy 10-year-old, fractured his central incisor 1 ½ year
back. His pulp test is negative. What is the treatment:","Non-vital immature incisor—perform apexification (e.g., MTA apical barrier or Ca(OH)2) followed by root canal obturation and definitive restoration.",0.5
f7f138b8-e167-47a0-a8ca-284148aea2d9,"The mother of a 4-year-old child notes blood when laundering his underwear. Physical examination reveals a rectal mass. On proctoscopy, there is a smooth-surfaced, pedunculated, 1.5-cm polyp. It is excised and microscopically shows cystically dilated crypts filled with mucin and inflammatory debris, but no dysplasia. What is the most likely diagnosis?","Juvenile (hamartomatous) polyp of the rectum (retention polyp), a benign lesion typical in young children causing painless rectal bleeding.",0.9
55e0d7e2-caed-48fa-a104-b5e4fdd6ccb1,"A female with symptoms mimicking heart disease with normal ECG & X-ray, the diagnosis is -",Da Costa’s syndrome (neurocirculatory asthenia/cardiac neurosis) due to anxiety/panic—functional chest symptoms with normal ECG and chest X‑ray.,0.5
05a64e1c-537d-437a-9803-cbf812f88a4f,"A 30 year old male, Kallu, with a history of sexual exposure comes with a painless indurated ulcer over the penis with everted margins. The diagnosis is :","Primary syphilis (hard chancre) — a painless, indurated genital ulcer.",1
c3962a1d-92f1-46bc-aa14-9a72d18b6f7a,"A patient is diagnosed with TB meningitis and is started on antituberculosis treatment. Because the facial weakness persists despite starting on ATT, the physician decides to administer high dose steroids. Within one week of introducing prednisolone, the patient develops pain radiating down the back of his right leg and difficulty dorsiflexing the right foot. This is due to","Paradoxical tuberculous radiculomyelitis (spinal arachnoiditis) causing L5 root involvement—manifesting as sciatica and foot drop—during ATT, not a direct steroid adverse effect.",0
3f8cf208-8617-45bc-bf33-75791766c078,"An elderly female presents with the features of fever, headache, diplopia. Biopsy of the aery revealed panaeritis. What is the most probable diagnosis","Giant cell (temporal) arteritis.  
Elderly woman with fever, headache, diplopia and panarteritis on temporal artery biopsy is classic.",0.9
f0829ed3-23ff-4eef-ab1d-b1733ca0752a,In a RTA patient sustained trauma to left side of chest and abdomen. Fluid in the peritoneum & sign of hypotension was found on physical examination. Most probable diagnosis is?,Traumatic splenic rupture with hemoperitoneum (splenic injury) causing hypovolemic shock.,0.8
da86a7bf-47f0-4b0b-a090-23b3030836db,Direct procedure for fabrication of provisional restoration has a prime disadvantage of,Pulpal and soft‑tissue irritation from the intraoral exothermic polymerization and residual monomer exposure.,0.5
112f7694-aca1-44b6-a43b-6ce1a8206be7,Make the diagnosis of a 26 day old infant presenting with recurrent nonbilious vomiting with costipation and loss of wt-,Infantile hypertrophic pyloric stenosis. Confirm with abdominal ultrasound (thickened pylorus) and treat with IV fluids/electrolyte correction followed by pyloromyotomy.,1
ec39a8df-eeb9-4217-848b-057aa975a569,A 23-year old young boy with schizophrenia is well maintained on risperidone for the last 2 months. He has no family historv of the disease. For how long medication should be continued in this patient?,"Continue antipsychotic maintenance for at least 1–2 years after full remission (many aim for ~2 years in a first episode). Taper only very gradually with close monitoring, and continue longer or indefinitely if there are relapses or residual symptoms.",1
f90b95d9-e701-4fbe-b28a-26a68e0fe47c,A 2 year child presented with low grade fever and stridor. What is the likely diagnosis?,"Acute viral croup (laryngotracheobronchitis), most commonly due to parainfluenza virus.",1
5d3acee6-94c3-4dbf-8084-84aa52b338c6,"A 35 year old male came with jaundice, palpable mass in the right hypochondrium not associated with pain. The probable diagnosis is -",Carcinoma of the head of the pancreas (painless obstructive jaundice with a palpable gallbladder—Courvoisier sign).,0.5
01da52da-4def-4d88-9d75-694686a35f68,A 56-year-old man has suffered from intermittent claudication for 5 years. He has recently developed cramping abdominal pain that is made worse by eating. He has a history of a 15-lb weight loss. What is the most likely diagnosis?,Chronic mesenteric ischemia (“intestinal angina”) from atherosclerotic occlusion of mesenteric arteries. The postprandial cramping and weight loss in a patient with PAD are classic.,1
e7494353-e2dd-4bd1-8efe-d0d5226b0c82,"A 65-year-old woman with a history of chronic constipation is transferred from a nursing home because of abdominal pain and marked abdominal distention. On examination, her abdomen is found to be distended and tender in the LLQ. What is the most likely diagnosis?","Sigmoid volvulus causing large-bowel obstruction—classic in elderly, chronically constipated, institutionalized patients with marked distention and LLQ tenderness.",0.9
59dc01ea-488a-40fe-bb86-395eb5e60bc5,"A 71/2 months old child with cough, mild stridor is staed on oral antibiotics. The child showed initial improvement but later developed wheeze, productive cough, and mild fever. X-ray shows hyperlucency and PFT shows an obstructive curve. The most probable diagnosis is,","Post‑infectious bronchiolitis obliterans (likely after adenoviral croup), causing air‑trapping with hyperlucent lungs and an obstructive PFT pattern.",0.8
936cb9cc-644e-4c87-b40e-8d6965f467de,A six-year-old male baby presents to a hospital with recurrent gross hematuria for 2 years. There is no h/o burning micturition or pyuria. Urine routine examination demonstrated no pus cells and urine culture was sterile. Serum C3 levels were normal.What is the most probable diagnosis?,"IgA nephropathy (Berger disease), which classically causes recurrent episodes of gross hematuria with normal serum C3 levels.",1
dc6316d9-f4cd-4db8-8b1f-d7a808b64dae,"A 56-year-old woman has noticed an enlarging lump on the right side of her neck for the past 7 months. On physical examination, there is a 3-cm nodule in the right upper neck, medial to the sternocleidomastoid muscle and lateral to the trachea at the angle of the mandible. CT scan shows a circumscribed, solid mass adjacent to the carotid bifurcation. Microscopic examination of the excised mass shows nests of round cells with pink, granular cytoplasm. Tests for immunohistochemical markers chromogranin and S-100 are positive. Electron microscopy shows neurosecretory granules in the tumor cell cytoplasm. The tumor recurs 1 year later and is again excised. What is the most likely diagnosis?","Carotid body paraganglioma (chemodectoma), showing zellballen nests of neuroendocrine cells (chromogranin+) with S-100–positive sustentacular cells at the carotid bifurcation.",0.95
aa9806b8-3583-4fc8-ad74-4f3e5e9ceba4,A 40 year old patient it comes with right upper quadrant pain from last 48 hours. Ultrasound reveals calculous cholecystitis. What is the preferred treatment,"Early laparoscopic cholecystectomy (ideally within 72 hours of symptom onset) is preferred, with supportive care including IV fluids, analgesia, and antibiotics. Percutaneous cholecystostomy is reserved for patients unfit for surgery.",1
ea94e744-18d9-4710-bece-910526acb39e,"A child of 1 year presents with muscle wasting, loss of subcutaneous fat with no signs of edema and weight below 60% of WHO standard. The mother gives history of not giving enough proteins and other nutrients to the child after six months of age. The likely diagnosis is","Marasmus — severe protein-energy malnutrition characterized by marked wasting, loss of subcutaneous fat, and absence of edema.",1
bc938929-be2c-4f6e-8dd7-2d6a0ea745ae,The procedure done in cases of clinical suspicion of amyloidosis is,"Abdominal fat pad aspiration (or other tissue biopsy) with Congo red staining is performed, looking for apple‑green birefringence under polarized light. Biopsy of the involved organ or rectal/gingival mucosa can also be used if needed.",1
67787c9d-8765-4e51-9461-8e1316689899,"A patient with the complaint of sore throat, dysphagia, and ulcers over the palate since 1 week, comes to OPD. On examination, you found vesicles over the soft palate and tonsillar pillar. The ulcers have a gray base and inﬂamed periphery. What could be the possible diagnosis?","Herpangina due to Coxsackie A enterovirus, characterized by vesicles/ulcers on the posterior oropharynx (soft palate, tonsillar pillars) with gray bases and an erythematous halo.",1
101b1441-b74c-4b36-a375-fa14cdf94589,"A 62-year-old farmer presented with a way plaque on the sole of the right foot since a year. Examination revealed a large, way, hyperpigmented plaque on the sole of the involved foot. What is the probable diagnosis?","Chromoblastomycosis—a chronic verrucous fungal infection common in barefoot farmers, presenting as a large warty, hyperpigmented plaque on the lower extremities/sole.",0.5
3defb11c-20a3-4cf7-ae26-6fa9f020723e,A 67-year-old woman with a prosthetic aoic valve develops progressive anemia. Examination of a peripheral blood smear reveals reticulocytosis and schistocytes. What is the appropriate diagnosis?,"Mechanical hemolytic anemia (macroangiopathic hemolytic anemia) due to a prosthetic aortic valve, causing intravascular hemolysis with schistocytes and reticulocytosis.",0.9
9d61bd68-e3e0-4db0-a702-52053e8ba60f,"A young couple has been unsuccessful in conceiving a child over a 4-month period. The 28-year-old wife had been extensively investigated by a female reproductive specialist, and no abnormalities were detected. The husband, who initially refused to undergo semen analysis now agreed to this investigation, which revealed a low volume and azotemia. Follicle-stimulating hormone (FSH) level is normal. What is the most likely diagnosis?",Obstructive azoospermia—most likely ejaculatory duct obstruction—given the low semen volume with azoospermia and normal FSH (normal spermatogenesis).,0.5
c465fac7-b2ff-4d4c-a1f3-a9246e9b1592,Most common mode of treatment of a 1 year old child with asthma is:,"Inhalation therapy—using a pressurized metered-dose inhaler with spacer and face mask (e.g., inhaled SABA, and ICS as indicated)—is the preferred mode in a 1‑year‑old.",0.5
9e1de97b-a389-490b-890f-f66a8d245ed3,"Nine days following splenectomy, a 13-year- old patient presents with fever and leukocytosis. The chest x-ray shows free air under the diaphragm. What is the most likely diagnosis?",Left subphrenic abscess— a post-splenectomy complication presenting with fever/leukocytosis and subdiaphragmatic air on chest x-ray.,0.5
3a637895-5adf-4aa5-ae52-2ebc2bbfd0fd,In Jorgensen technique on IV sedation for dental procedure drugs used are,"Primarily intravenous diazepam titrated to effect. Some variants add a small dose of opioid (e.g., meperidine or pentazocine) if extra analgesia is needed.",1
6d955b8f-73f9-4289-960e-fb310139e9be,"Kamla, a 48-years-old lady underwent a hysterectomy. On the seventh day, she developed fever, burning micturition and continuous urinary dribbling. She can also pass urine voluntarily. The diagnosis is:",Ureterovaginal fistula. Continuous dribbling with preserved voluntary voiding about a week after hysterectomy is classic for a ureteral injury.,1
89306bef-ee71-4d12-96f5-4a95e4190b29,A 45-year-old man presented with regurgitated food paicles eaten several days earlier. He has foul smelling breath and occasional dysphagia for solid food. What is the probable diagnosis,"Zenker’s diverticulum (pharyngoesophageal pouch), causing halitosis and regurgitation of undigested food retained for days.",0.9
f432e379-ff09-4384-b042-758d3f0ffaba,"An 18-year-old woman presents with a fever and headache. She also complains of vaginal itching and dysuria. When asked, she says that she recently became sexually active. Physical examination reveals tender inguinal lymphadenopathy and red, pustular, painful vesicles on her labia majora. What is the most likely diagnosis?","Primary genital herpes infection (most commonly HSV-2), given the painful vesicles, dysuria, systemic symptoms, and tender inguinal lymphadenopathy.",1
77a5df11-139c-4077-b102-aea20f2b561a,"In a patient with renal cell carcinoma with a thrombus in IVC renal vein, which is the best investigation for diagnosis?",Contrast‑enhanced MRI (MR venography) is the investigation of choice to delineate and stage IVC/renal vein tumor thrombus in RCC.,0.5
c82b8fc4-9011-4fa1-bc69-84e3221cb127,"A 65 year old  smokes presents with right Inguinal mass, He complains of recent difficulty with micturation and nocturia. The swelling which does not extend to the scrotum,reduce when resting.what is the likely diagnosis.","Most likely a direct inguinal hernia, which in older men presents as a reducible groin swelling that usually doesn’t extend into the scrotum; his urinary symptoms may reflect coexisting BPH or, rarely, bladder herniation. He should be assessed by a surgeon/urologist for confirmation and management.",1
4a23a7b2-c800-4837-a558-c9d8898a3c06,Y.V plasty procedure is used for,Y–V plasty is an advancement flap used to release contractures and widen stenotic openings—classically for anoplasty in anal stenosis (also used for meatal or nostril stenosis).,0
9c421d14-3c22-4f6f-92b2-7b021dfa9923,"A 30-year-old man who was recenlty started on haloperidol 30 mg/day developed hyperpyrexia, muscle rigidity, akinesia, mutism, sweating, tachycardia and increased blood pressure. The investigations showed increased WBC count, increased creatinine phophokinase. This is no history of any other drug intake or any signs of infection. The most likely diagnosis is:","Neuroleptic malignant syndrome—a life-threatening reaction to antipsychotics marked by hyperthermia, severe rigidity, autonomic instability, leukocytosis, and elevated CPK.",1
1faf4aac-df26-42f5-9618-0c6c03201170,A patient presented with complaints of diplopia. O/E pupils were dilated. Both direct and consensual light reflexes were lost. The diagnosis is :,"Oculomotor (III) nerve palsy with parasympathetic involvement—i.e., a complete third-nerve palsy causing mydriasis and loss of both direct and consensual light reflexes.",1
deaa03ff-05cb-4d51-98bb-954e5a8af469,"A diabetic female at 40 wks of gestation delivered a baby by elective cesarean section. Soon after birth, the baby developed respiratory distress. The diagnosis is -","Transient tachypnea of the newborn (wet lung disease) due to delayed lung fluid clearance after elective cesarean, a risk increased in infants of diabetic mothers.",1
bbcf58a8-c361-438c-924a-b8db2bdf8287,"Sheela, a middle aged diabetic female presented with flank pain and fever. On U/S the kidney was irregular and showed fat density with calculi. The diagnosis is most probably:","Xanthogranulomatous pyelonephritis — classically seen in diabetics with chronic obstruction, showing an irregular kidney with fat-density areas and calculi (often staghorn).",0.7
9178a07e-3cb8-4397-830d-97a75ae98557,"A 13 year girl with fatigue and weakness was found to be having reduced hemoglobin. Her MCV 70FC, MCH22pg and RDW 28. What is her likely diagnosis","Iron deficiency anemia—microcytic, hypochromic anemia suggested by low MCV/MCH with markedly elevated RDW (unlike thalassemia trait, where RDW is often normal).",1
47c0359c-faf5-4e2b-b746-f8a67b0f04a9,"A female presented with loss of vision in both eyes and on examination has normal pupillary responses and normal fundus, Her visually evoked response (VER) examination shows extinguished responses.The most likely diagnosis is -","Cortical blindness due to bilateral occipital lobe (retrogeniculate) lesion.  
Normal pupils and fundus with extinguished VER point to a cortical, not optic nerve, pathology.",1
196e2b31-7af5-44c2-8b05-f3c89b90863e,"A young male with gallbladder stones shows the following test results; serum bilirubin 2.5, Hb 6; urine test positive for urobilinogen; diagnosis is:","Hemolytic (prehepatic) jaundice, likely from hemolytic anemia causing black pigment gallstones.",0.8
3f3d386e-dcba-42b7-b2a4-a3b908dc1a2d,"A 6 year old child from Tamil Nadu presents with a solitary nonanaesthetic patch on face, the possible diagnosis is –","Pityriasis alba. This benign, ill-defined hypopigmented, non-anaesthetic facial patch is common in children.",0
f2778e0b-7e9e-477e-bf2f-19b0b69166c6,"A 54-year-old obese man was diagnosed with NIDDM 1 year earlier. He was started on glipizide and metformin. His other medications are propranolol and nifedipine for hypertension, and naproxen, which he began 2 weeks ago for severe osteoarthritis. His BP is 154/92. His BUN is 29 mg/dL and a creatinine of 1.8 mg/dL; both had been normal 1 year earlier. Which medications is most likely responsible for the increase in BUN and creatinine?","Naproxen. NSAIDs inhibit renal prostaglandins, causing afferent arteriolar vasoconstriction and decreased GFR, leading to an acute rise in BUN and creatinine.",1
ac44751d-b56e-4c54-a4cd-bc64abc2262f,Duval procedure in case of chronic pancreatitis involves,"Transection near the pancreatic neck with distal pancreatojejunostomy—i.e., distal pancreatectomy and end‑to‑side Roux‑en‑Y pancreaticojejunostomy to drain the body and tail when the head/duct is obstructed.",0.5
820378fb-7dda-4afb-8d7b-691b6f3104ea,"35 years male presents with a swelling in scrotum that is non tender and seperate from testes and on transillumination, chinese lantern pattern is seen diagnosis","Epididymal cyst (spermatocele). It’s a non-tender, testis-separate, transilluminant swelling with the classic “Chinese lantern” pattern.",1
292e79bb-2c88-4169-8f39-8fa08a8278f2,"A 44 year old male presents to the OPD with a swelling on the palate. On intraoral examination, marked swelling is seen in the region of palatine papilla, situated mesial to the roots of 11 & 21. These teeth respond normally to vitality test. IOPA is given below. What is the most probable diagnosis?",Nasopalatine duct (incisive canal) cyst. The midline palatal swelling near the incisive papilla with vital 11 and 21 and a characteristic midline/heart-shaped radiolucency on IOPA is classic.,0.95
d36d0bd1-4055-4ee9-a1b4-9e463214e39b,The position adopted for tonsillectomy is also adopted for this procedure.  -,Adenoidectomy (using the Rose position).,0
b18afa5e-1de4-4ed6-b52e-50ecbf8abda9,A 41 year old obese female patient comes with acute abdominal pain in the right hypogastrium. USG examination shows a stone in the common bile duct. Which is the treatment of choice for stone in CBD?,Endoscopic retrograde cholangiopancreatography (ERCP) with endoscopic sphincterotomy and stone extraction is the treatment of choice. Cholecystectomy is typically done afterward to prevent recurrence.,1
d636ae37-ce3d-4f67-aa76-59c2f2036dea,"A patient presented with peripheral field loss and fundus examination shows waxy exudates & pale disc with pigmentation around retinal vessels, diagnosis is",Retinitis pigmentosa. The triad of peripheral field loss with bone-spicule pigmentation around vessels and a waxy pale optic disc is characteristic.,1
381bc8f7-722c-4303-8f15-fb59660fc84d,"38 year old male with pain and tenderness in dorsolumbar junction. Radiograph shows destruction of 12th dorsal vertebra with loss of disc space between D12 and L1, most probable diagnosis",Tuberculous spondylitis (Pott’s disease) involving the D12–L1 level.,1
15d2a5ae-cc38-4d27-9f5c-48419f3c20fe,"A 35-year-old male develops involvements of PIP, DIP and metacarpophalangeal joints with sparing of the wrist and carpometacarpal joints. The probable diagnosis is -","Psoriatic arthritis. The DIP involvement with PIP and MCP, along with sparing of the wrist and first CMC, favors psoriatic arthritis over RA or osteoarthritis.",0.75
de199236-369f-4bf9-a78f-1fc0236c4a46,One month old baby is referred for failure to thrive. On examination there are features of congestive cardiac failure. Femoral pulses are feeble compared to brachial pulses. The likely diagnosis is,"Coarctation of the aorta, most likely the infantile (preductal) type, causing upper–lower limb pulse discrepancy and congestive heart failure.",0.95
9b1532fe-85c1-4a99-87d4-ef4707e7f84d,"A 30-year-old man who was recently staed on haloperidol 30mg/day developed hyperpyrexia, muscle rigidity, akinesia, mutism, sweating, tachycardia and increased blood pressure. The investigations showed increased VVBC count, increased creatinine phosphokinase. There is no history of any other drug intake or any signs of infection. The most likely diagnosis is:","Neuroleptic malignant syndrome. It’s characterized by hyperthermia, “lead-pipe” rigidity, autonomic instability, leukocytosis, and elevated CPK after antipsychotic use.",1
072855bc-5876-4c6f-811c-35259b9d55e9,The most sensitive test for the diagnosis of herpes simplex (HSV) meningitis in a newborn infant is,CSF HSV DNA PCR is the most sensitive test for diagnosing neonatal HSV meningitis.,1
de00ead6-545f-4c86-9b69-97d33f48c9e7,A young lady presented with white lacy lesions in oral cavity and her proximal nail fold has extended onto the nail bed. What is the likely diagnosis –,"Lichen planus. The white lacy oral lesions are Wickham’s striae, and the proximal nail fold extending onto the nail bed (pterygium) is a classic nail change in lichen planus.",1
a8f94c80-04ea-4319-bb88-c28d33a26269,"A young patient has a midline, tender swelling in neck occurring after an attack of sore throat. The diagnosis is -",Infected thyroglossal duct cyst (inflamed thyroglossal cyst).,0.6
2ff44281-1ac2-434e-a082-a262f5e9a1e6,A 30-year-old male evaluated for loss of erection is found to have low testosterone and high prolactin level in blood. What is the most likely diagnosis?,A prolactin-secreting pituitary adenoma (prolactinoma) causing hypogonadotropic hypogonadism and erectile dysfunction.,0.8
4eeadd01-3c6f-4be7-a3d2-526dab3df298,A 40 year old patient has undergone an open chlecystectomy. The procedure was reported as uneventful by the operating surgeon. She has 100 ml of bile output from the drain kept in the gallbladder bed on the first post operative day. On examination she is afebrile and anicteric. The abdomen is soft and bowel sounds are normally heard. As an attending physician. What should be your best possible advice?,"Keep the drain in situ and observe; a small bile leak (likely cystic duct/Luschka) often seals spontaneously in 24–72 hours. If output persists beyond 48–72 hours or rises (>150–200 mL/day) or she becomes symptomatic, arrange ERCP with sphincterotomy/stenting.",0.75
be8950e6-2178-4f3c-888b-b671512ecca2,A 13 years boy presented with swelling in the cheek with recurrent epistaxis. Most likely diagnosis is,Juvenile nasopharyngeal angiofibroma (JNA) — a vascular tumor of adolescent males causing recurrent epistaxis and facial/cheek swelling.,0.9
0b05e7b2-2a2e-4195-95d6-626ed75d96f7,40 yrs old diabetic patient presents with round lesions for 2 weeks on abdomen. HPE shows palisading granuloma. What is the diagnosis?,"Granuloma annulare. The palisading granuloma on histology with annular round lesions, often associated with diabetes, is characteristic.",1
33d0bce1-5d8b-43d4-8ec7-c6a14d5b691c,"This patient was a former smoker and was being treated for essential hypertension, hypercholesterolemia, and hyperuricemia. Oral examination during the three follow up visits are being shown What is the most likely diagnosis of the tongue involvement?",Benign migratory glossitis (geographic tongue/erythema migrans) — migrating erythematous depapillated patches with serpiginous white borders that change location over time.,1
ad09bb60-71ef-47e4-b42f-53f1f29feb1f,Gold standard for diagnosis of osteoporosis -,Dual‑energy X‑ray absorptiometry (DXA) of the hip and lumbar spine; a T‑score ≤ −2.5 confirms osteoporosis.,1
bc302924-c9e8-43b7-9460-9ea24ebed0ab,"After 8 weeks of visit to female sex worker male patient develops painless ulcer over penis that bleeds on touch without any lymphadenopathy, diagnosis is?","Donovanosis (granuloma inguinale) — a painless, beefy-red genital ulcer that bleeds easily, typically without regional lymphadenopathy.",1
de068135-f6e9-457e-ab0f-fad45f476e45,This technetium-99m sulfur colloid scan was performed after the patient presented with abdominal pain. Howell-Jolly bodies were present on a peripheral-blood smear. What is the diagnosis?,"Functional asplenia (autosplenectomy) due to sickle cell disease, evidenced by Howell–Jolly bodies and absent splenic uptake on the Tc‑99m sulfur colloid scan.",0.5
f55c62b7-58f4-42ad-95b5-0b6dc6febe60,A 50-year-old female complains of dry mouth and foreign body sensation in her eyes. It is difficult for her to speak for more than a few minutes. There is no history of diabetes mellitus or neurological disease. The patient is on no medications. During clinical examination the buccal mucosa appears dry and the salivary glands are enlarged bilaterally. The next step in evaluation would be?,"Suspect Sjögren syndrome—start with a Schirmer test to document decreased tear production. If positive, check anti-SSA/SSB (and ANA/RF) and confirm with a labial salivary gland (lip) biopsy if needed.",0.75
fd1e42c0-2f58-4b3e-aec3-22cd2a4819d8,"10 years old child with 10 days continuous fever with soft, enlarged spleen, diagnosis is –",Enteric (typhoid) fever.,0.95
a9e9e2d9-33de-4813-851d-daf0c7b1102f,"A 34 year old lady, Ruchi, with a diagnosis of borderline personality disorder was admitted to the medicine casualty with claims of consumption of some form of poison following an argument with her husband. She was reluctant to disclose the nature of the consumed substance. She was initially treated with stomach wash and IV fluids. She developed jaundice followed by ascites and encephalopathy after 1 week. What is the likely poison that is responsible for acute liver failure?","Yellow phosphorus (rat-killer paste/fireworks), which typically causes delayed fulminant hepatic failure with jaundice, ascites, and encephalopathy about a week after ingestion.",0.5
6a680ad4-ba92-4be5-9959-5e79c900234d,Latest drug used for treatment of MDR TB patients is -,Bedaquiline is the latest key drug used for MDR-TB. Delamanid (and pretomanid in specific regimens) are other newer options.,1
8131e115-a303-4b86-ae1e-53c80dd47fe8,"A 3-year-old child presented with progressive anaemia, jaundice & failure to thrive. 0/E: Pallor, splenomegaly are seen. Peripheral smear showed normoblasts and small round intensely stained red cells. The likely diagnosis is","Hereditary spherocytosis (congenital spherocytic hemolytic anemia), suggested by jaundice, splenomegaly, and spherocytes (small, hyperchromic RBCs) on smear.",1
3c621a20-423a-48e1-ba8f-bf4d4759fce5,"An infant has papulovesicular lesions on palms, soles, face and trunk. The diagnosis would he","Infantile scabies. In infants, scabies commonly causes papulovesicular lesions involving the palms, soles, face, and trunk.",1
d5210d12-6dda-4a4c-b9c2-cd2d934a4118,A 20 year old patient presents with syncope. His current ECG is shown below. His elder brother had died suddenly while watching television. The patient was given Cardioversion and subsequent cardiac MRI revealed fibro-fatty changes in RV myocardium. What is the diagnosis of this patient?,"Arrhythmogenic right ventricular cardiomyopathy/dysplasia (ARVC), characterized by fibro‑fatty replacement of the RV causing VT (often with epsilon waves/T-wave inversions in V1–V3) and risk of sudden death.",1
506ed80f-1da0-4cea-8049-a58bdc371400,A 58-year-old postmenopausal woman on estrogen replacement complains of recent onset of spotting. A bimanual pelvic examination is unremarkable. Most likely diagnosis?,Endometrial hyperplasia from unopposed estrogen stimulation is most likely. Evaluate with an endometrial biopsy to exclude carcinoma.,1
4da94c06-23ef-48cc-89ff-4d90acd1a09c,"A patient presented with splenomegaly, anemia & shows reticulocytosis with increased bone marrow cellularity. The diagnosis is:","Hemolytic anemia—likely extravascular (hypersplenism)—given splenomegaly, anemia, reticulocytosis, and a hypercellular marrow.",1
1f9df3c1-6fff-40ce-8054-bab5a4284d88,"A 9-years-old female child presented with polyuria, polydipsia and metabolic acidosis. On slit lamp examination crystal deposits are seen in cornea. What is the diagnosis?","Nephropathic cystinosis (renal Fanconi syndrome) — corneal cystine crystals with polyuria, polydipsia, and metabolic acidosis are classic.",0.5
f07ecd3f-33ac-440c-9ccf-90842b2c5ba4,"A 30-year-old woman complains of headache, visual disturbances, deepening of the voice, and generalized weakness. She reports amenorrhea for the past year and states that she recently required a larger shoe size. Laboratory studies show impaired glucose tolerance. What other procedure would be useful for establishing your diagnosis?",Pituitary MRI (sella turcica) to identify a growth hormone–secreting pituitary adenoma.,1
cf708ea8-d49f-4324-bb12-ddd31dc94e77,"A 27 year old patient presented with left sided abdominal pain to the emergency room, 6 hours after an A. He was hemodynamically stable and FAST positive. Contrast Enhanced CT (CECT) scan showed grade III splenic laceration. What will be the most appropriate treatment?",Non‑operative (conservative) management with close observation and serial exams/hemoglobin monitoring is appropriate; add splenic artery embolization only if there’s contrast blush or evidence of ongoing bleeding.,1
a744f407-feaf-4249-b18b-47fa452cc10a,Patient a known case off alcohol dependence after 12 to 18 hrs of last drink develops seizure for the first time in his life.possible diagnosis is rum fits. treatment for the above patient,"Likely alcohol‑withdrawal seizure (“rum fits”). Treat with benzodiazepines (e.g., diazepam 10 mg IV, repeat q5–10 min, or lorazepam 2–4 mg IV), give thiamine 100 mg IV before any glucose, correct Mg/K and fluids, continue CIWA‑guided/scheduled benzos to prevent delirium tremens; avoid phenytoin unless another seizure cause is present and consider phenobarbital if refractory.",0.75
b8ea2eb5-d55c-44d3-acc8-3c4cc333a537,"A 32-year-old patient has decreased pain and temperature sensation in the upper extremities, atrophy of the intrinsic muscles of his hand, and brisk deep tendon reflexes in the upper extremity. Your diagnosis?","Syringomyelia (central cord syndrome) of the cervical spinal cord, classically causing cape-like loss of pain/temperature and intrinsic hand muscle atrophy, often associated with Chiari I malformation.",1
9c8369fc-14e1-45f9-a3a5-25709a9cf714,"A 9-year-old boy is brought with history of decreased urine output, cola colored urine and swelling of the face & hands of 2 days duration. He is hypeensive, has a puffy face and pitting edema of the lower limbs. He has history of skin lesions 4 weeks earlier. A diagnosis of post streptococcal glomerulonephritis is made. C3 levels are likely to return to normal in?","About 6–8 weeks after onset; persistence beyond ~8 weeks suggests another diagnosis (e.g., MPGN).",0.9
e0d7c92d-7e34-406c-9f0d-cf61f9cf5d89,"Pain in left hypochondrium vomiting, diarrhea, malena, weight loss diagnosis","This pattern is concerning for upper GI disease—most notably a bleeding peptic ulcer or gastric cancer—though pancreatitis/pancreatic tail tumor, colitis, or splenic pathology are also possible. Because melena and weight loss are red flags, seek urgent evaluation for labs and imaging/endoscopy.",0.5
86012788-6f8c-4ccb-8f75-fbc4dc7902c0,"A 55-year-old man complains of pain in his back, fatigue and occasional confusion. He admits to polyuria and polydipsia. An X-ray examination reveals numerous lytic lesions in the lumbar veebral bodies. Laboratory studies disclose hypoalbuminemia, mild anemia, and thrombocytopenia. A monoclonal IgG peak is demonstrated by serum electrophoresis. Urinalysis shows 4+ proteinuria. A bone marrow biopsy discloses foci of plasma cells, which account for 18% of all hematopoietic cells. What is the appropriate diagnosis?","Multiple myeloma (symptomatic plasma cell myeloma), evidenced by lytic bone lesions, anemia, monoclonal IgG spike, Bence Jones proteinuria, and ≥10% clonal plasma cells in marrow.",1
fb1109b3-6119-4c6f-b479-4a5be4408e0b,"20 year old patient presents with hypokalemia, alkalosis with normal blood pressure and no edema. the diagnosis is",Gitelman syndrome—thiazide‑like renal tubulopathy causing hypokalemic metabolic alkalosis with normal blood pressure and no edema.,1
96716f22-0f35-4fed-9a4b-9868742d19c8,"A patient presented with history of recurrent attacks of optic neuritis, an episode of transverse myelitis with no white mater lesions on mri brain. Aquaporin 4 antibody testing was positive. What is the most likely diagnosis?","Neuromyelitis optica spectrum disorder (NMOSD, formerly Devic’s disease), supported by AQP4-IgG positivity with recurrent optic neuritis and transverse myelitis and a normal brain MRI.",0
f1156838-0cdb-4583-b8bf-39448a505f39,A young patient presents with enlargement of costocondral junction and with the white line of fraenkel at the metaphysis. The diagnosis is-,Scurvy (vitamin C deficiency). The white line of Fraenkel at the metaphysis is characteristic.,1
009c43cf-5ce9-4e6f-9dc6-130d19eeed65,"A 54-year-old woman presents with prominent scattered erythematous papules on the right side of her forehead. She had ""burning"" pain and hypersensitivity in that area for the past 2 days. Her pain is localized to the right supraorbital area and the right aspect of the dorsum of her nose. She denies headaches, mental status changes, or recent infections. What is the most plausible diagnosis?","Herpes zoster ophthalmicus (shingles involving the ophthalmic branch of CN V), suggested by dermatomal pain and rash on the forehead and dorsum of the nose (Hutchinson sign) with risk of ocular involvement.",0.8
b28001b1-1308-464d-a018-ba0b9dd88ef6,Gold standard test for diagnosis of laryngopharyngeal reflux is -,Ambulatory 24‑hour dual‑probe pH monitoring (esophageal and hypopharyngeal) is the gold standard; ideally using hypopharyngeal‑esophageal multichannel intraluminal impedance‑pH (MII‑pH) to detect acid and non‑acid reflux.,1
bcb88621-6e51-495d-b7ee-3b5decc1fd7e,A 60-year man had undergone cardiac bypass surgery 2 days back. Now he staed forgetting things and was not able to recall names and phone numbers of his relatives. What is the probable diagnosis?,Postoperative cognitive dysfunction (early postoperative neurocognitive disorder) following cardiopulmonary bypass. It typically presents within days with memory and attention problems and is often transient.,1
ccb0fa34-a5f0-4130-a90e-5ad3b9e86baa,Most common Complication of TIPSS procedure,"Hepatic encephalopathy is the most common complication of TIPS, occurring in roughly 25–40% of patients due to diversion of portal blood away from hepatic detoxification.",1
63171850-88da-4d16-ad44-4419876674c0,"A young 25 year old man following A presented with proptosis (pulsatile in nature) ,chemosis and pain in right eye after 4 days. On Examination there was bruit on forehead and right eye. The probable diagnosis is","Traumatic carotid–cavernous fistula (direct CCF), presenting with pulsatile proptosis, chemosis, pain, and an orbital/forehead bruit after head injury.",1
1eb901dd-422a-458b-ab13-f684e54ffb7d,A female is admitted in the ICU with the symptoms of GBS. She is getting these symptoms for the third time during few weeks. Nerve biopsy reveals onion-bulb appearance. What can be the MOST probable diagnosis?,Chronic inflammatory demyelinating polyradiculoneuropathy (CIDP). The relapsing course over weeks and onion-bulb formations from repeated demyelination/remyelination strongly support CIDP rather than acute GBS.,1
82cb9f1e-8ca8-4609-8c02-208fba5e70a4,A 22 year old female presents with diy way papules in the seborrheic areas especially in the summer. Her father also gives a h/o similar lesions. What is the most probable diagnosis?,"Darier disease (keratosis follicularis), an autosomal dominant disorder causing greasy, warty papules in seborrheic areas that flare in summer.",1
103c7053-4cb6-43a7-88cb-e44cff6062b3,"A patient on treatment for leukemia, develops chest pain, pulmonary infiltrates and pleural effusion. The likely cause is :",ATRA (all‑trans retinoic acid) differentiation syndrome in APL—retinoic acid syndrome causing pulmonary infiltrates and pleural/serosal effusions.,0.8
4c26706a-35d8-46d7-a836-ceeefb5fe066,"A 27-yrs-old librarian has been worried that the small lymph nodes she can palpate in her groin are a sign of lymphoma. She also worries about developing laryngeal cancer due to the second-hand smoke she is exposed to at home. For a diagnosis of hypochondriasis, her symptoms should have been present for at least what period of time?","At least 6 months. In DSM-5 this corresponds to illness anxiety disorder, which also requires a ≥6-month duration of health anxiety/preoccupation.",1
517ed9a4-788e-43f7-985c-1412a8fcb3bc,This patient presented with chest pain. What is the diagnosis?,"I can’t determine the diagnosis without the ECG/imaging or key exam findings—please upload the image or describe the findings. If the pain is acute or severe, seek emergency care, as causes can include myocardial infarction, pulmonary embolism, aortic dissection, pneumothorax, or pericarditis.",0.3
a80bf51b-6b81-413a-af79-3c17f89836ce,"A 67 year old lady is brought in by her 6 children saying that she has gone senile. Six months after her husband's death she has become more religious, spiritual and gives lots of money in donation. She is occupied in too many activities and sleeps less. She now believes that she has a goal to change the society. She does not like being brought to the hospital and is argumentative on being questioned on her doings. The diagnosis is:-",Bipolar affective disorder—current manic episode with psychotic (grandiose/religious) features.,0.8
a0a269b2-39d3-4952-ac4a-b94612a51731,"A 10 years boy presented with sensory neural deafness not benefited with hearing aid, Next treatment is",Cochlear implantation (after evaluation by a cochlear implant team) is the next step.,1
84c6ab92-006a-40fd-8ec5-cef733fb56f0,"A 15-year-old boy complains of right-sided weakness and gait impairment. A CT scan shows a large, non-enhancing cyst in the posterior cranial fossa, with an enhancing tumor nodule in the left cerebellum. What is the most likely diagnosis?",Juvenile pilocytic astrocytoma (cystic cerebellar astrocytoma) presenting as a posterior fossa cyst with an enhancing mural nodule.,0.7
71f44cd9-e1a7-4614-a954-e78a73e718e1,A patient presented with vomiting and ataxia. There were oxalate crystals in the urine. The patient was given ethanol and 4 methyl pyrazole for treatment. The likely diagnosis of the patient was?,"Ethylene glycol (antifreeze) poisoning, evidenced by calcium oxalate crystalluria and treated with alcohol dehydrogenase inhibitors (ethanol/fomepizole).",0.75
bd8e2393-f07d-493e-8a47-04a0548ccfe5,"A woman has a bilateral headache that worsens with emotional stress; she has two children, both doing badly in school; diagnosis is",Tension-type (muscle-contraction) headache—classically bilateral and worsened by emotional stress.,1
a14b3941-8e39-4751-a11d-bd6902347986,Best treatment of old fracture is,"Usually surgical: open reduction and rigid internal fixation, often with debridement of fibrous tissue and bone grafting to stimulate union; exact approach depends on the bone involved, alignment, and patient factors. Consult an orthopedic surgeon for case-specific planning.",1
