subject_name,question,opa,opb,opc,opd
Anaesthesia,"A 72-year-old man with diabetes, renal insufficiency, and coronary aery disease presents in septic shock from emphysematous cholecystitis. His oxygen saturation is 100% on 6-L nasal cannula and his hemoglobin is 7.2 mg/dL. His mixed venous oxygen saturation is 58%. Which of the following treatment options will improve his oxygen delivery the most?",Increase his inspired oxygen concentration,Transfer him to a hyperbaric chamber,Administer an erythropoietic agent,Transfuse two units of packed red blood cells
Anaesthesia,A 30-year-old woman in her last trimester of pregnancy suddenly develops massive swelling of the left lower extremity. Which of the following would be the most appropriate workup and treatment at this time,Venography and heparin,Duplex ultrasonography and heparin,"Duplex ultrasonography, heparin, and vena caval filter","Duplex ultrasonography, heparin, warfarin (Coumadin)"
Anaesthesia,"A 63-year-old man with a 40-pack per year smoking history undergoes a low anterior resection for rectal cancer and on postoperative day 5 develops a fever, new infiltrate on chest x-ray, and leukocytosis. He is transferred to the ICU for treatment of his pneumonia because of clinical deterioration. Which of the following is a sign of early sepsis?",Respiratory acidosis,Decreased cardiac output,Hypoglycemia,Peripheral vasodilation
Anaesthesia,"A 43-year-old woman develops acute renal failure following an emergency resection of a leaking abdominal aoic aneurysm. One week after surgery, the following laboratory values are obtained: Serum electrolytes (mEq/L): Na + 127, K+ 5.9, Cl - 92, HCO3 - 15 Blood urea nitrogen: 82 mg/dL Serum creatinine: 6.7 mg/dL The patient has gained 4 kg since surgery and is mildly dyspneic at rest. Eight hours after these values are repoed, the following electrocardiogram is obtained. Which of the following is the most appropriate initial treatment in the management of this patient?",10 mL of 10% calcium gluconate,0.25 mg digoxin every 3 hours for 3 doses,100 mg lidocaine,Emergent hemodialysis
Anaesthesia,A 63-year-old man undergoes a paial gastrectomy with Billroth II reconstruction for intractable peptic ulcer disease. He presents several months postoperatively with a megaloblastic anemia. Which of the following is the best treatment for this surgical complication?,Transfusion with 1 unit of packed red blood cells,Oral iron supplementation,Oral vitamin B12 supplementation,Intravenous vitamin B12 (cyanocobalamin) supplementation
Anaesthesia,The following are used for treatment of postoperative nausea and vomiting following squint surgery in children except:,Ketamine,Ondansetron,Propofol,Dexamethasone
Anaesthesia,"Sholy after the administration of an inhalational anesthetic and succinylcholine for intubation prior to an elective inguinal hernia repair in a 10-year-old boy, he becomes markedly febrile, displays a tachycardia of 160, and his urine changes color to a dark red. Which of the following is the most appropriate treatment at this time?",Complete the procedure but pretreat with dantrolene prior to future elective surgery.,Administer inhalational anesthetic agents.,Administer succinylcholine,Hyperventilate with 100% O2 .
Anaesthesia,Which of the following is the first treatment for an anesthetized patient experiencing bronchospasm,Administer inhalational beta-2 agonists,Administer intravenous epinephrine,Administer additional anesthetic,Administer neuromuscular blocking agent
Anaesthesia,"A 73-year-old woman with a long history of heavy smoking undergoes femoral aery-popliteal aery bypass for rest pain in her left leg. Because of serious underlying respiratory insufficiency, she continues to require ventilatory suppo for 4 days after her operation. As soon as her endotracheal tube is removed, she begins complaining of vague upper abdominal pain. She has daily fever spikes of 39degC (102.2degF) and a leukocyte count of 18,000/mL. An upper abdominal ultrasonogram reveals a dilated gallbladder, but no stones are seen. A presumptive diagnosis of acalculous cholecystitis is made. Which of the following is the next best step in her treatment?",Nasogastric suction and broad-spectrum antibiotics,Immediate cholecystectomy with operative cholangiogram,Percutaneous drainage of the gallbladder,Endoscopic retrograde cholangiopancreatography (ERCP) to visualize and drain the common bile duct
Anaesthesia,The following are used for treatment of postoperative nausea and vomiting following squint surgery in children except –,Ketamine,Ondansetron,Propofol,Dexamethasone
Anaesthesia,"A 35 year old male underwent the following procedure before his surgery, After 2 days he developed headache which gets relieved by lying down.What is the definitive treatment for this?",NSAIDs and caffeine,Physiotherapy,Autologous blood patch,Caffeine
Anaesthesia,The following are used for treatment of postoperative nausea and vomiting following squint surgery in children except:-,Propofol,Ketamine,Dexamethasone,Ondansetron
Anaesthesia,A 59-year-old man is planning to undergo a coronary aery bypass. He has osteoahritis and consumes nonsteroidal anti-inflammatory drugs (NSAIDs) for the pain. Which of the following is the most appropriate treatment prior to surgery to minimize his risk of bleeding from his NSAID use?,Begin vitamin K 1 week prior to surgery.,Give FFP few hours before surgery,Stop the NSAIDs 1 week prior to surgery.,Stop the NSAIDs 3 to 4 days prior to surgery.
Anatomy,In a patient with compensated liver cirrhosis presented with history of variceal bleed. The treatment of choice in this patient is,Propanalol,Liver transplantation,TIPS(Transjugular intra hepatic poal shunt),Endoscopic sclerotherapy
Anatomy,"In patient with chronic pancreatitis limited to tail and body with MPD diameter 4mm, ideal treatment would be",Stenting,Puestow's operation,Frey's operation,Distal pancreatectomy
Anatomy,Patient a known case off alcohol dependence after 12 to 18 hrs of last drink develops seizure for the first time in his life.possible diagnosis is rum fits. treatment for the above patient,.phenytoin,IV THIAMINE,Lorazepam,clobazam
Anatomy,"A 22-year-old woman is found in a comatose condition, having lain for an unknown length of time on the tile floor of the courtyard. She is found in possession of cocaine. The patient is transported to the hospital while EMT personnel receive instructions for treatment of drug overdose. During the physical examination the patient's gluteal region shows signs of ischemia. After regaining consciousness, she exhibits paralysis of knee flexion and dorsal and plantar flexion and sensory loss in the limb. What is the most likely diagnosis?",Tibial nerve loss,S1-2 nerve compression,Gluteal crush injury,Piriformis entrapment syndrome
Anatomy,Which type of gout is seen in a patient who is on treatment of CML?,Secondary gout,Pseudogout,Acute gout,Primary gout
Anatomy,"A 55 year old man comes to his primary care clinician of erectile dysfunction. He is given a prescription for sildenafil, and on follow-up, repos that his ability to sustainn an erection has been improved markedly by this treatment. The action of which of the following vasoactive mediators would primarily be prolonged in this patient",Histamine,Endothelin-1,Prostacyclin,Nitirc Oxide
Anatomy,A 14 year old boy present with headache fever and cough for 2 days. Sputum is scant and non purulent and gram stain reveals many white cells but no organisms. The treatment should be initiated with,Cefazolin,Erythromycin,Amikacin,Trovafloxacin
Anatomy,"A patient needs antibiotic treatment for Aificial valve, culture positive infective entercoccal endocarditis. His medical history include several anaphylactic reaction to penicillin G during the past year. The best approach would be treatment with",Amoxicillin clavulanic acid,Aztreonam,Cefazolin plus gentamicin,Vancomycin
Anatomy,A 30 Yr old male presents to emergency depament with symptoms of epigastric pain radiating to back that wakes him up at night and is relieved by consuming food. He gives history of similar pain in the past which was diagnosed as perforated duodenal ulcer and treatment with omental patch surgery on two occasions.. Pain before and after surgery has been controlled with proton pump inhibitors and analgesics. The likely diagnosis on this occasion is,Duodenal ulcer,Gastric ulcer,Atrophic gastritis,Chronic pancreatitis
Anatomy,A 50-year-old manhas a history of frequent episodes of renal colic with high calcium renal stones. The most useful diuretic in the treatment of recuurent calcium stones is:,Furosemide,Spironolactone,Hydrochlohiazide,Acetazolamide
Anatomy,"A female newborn was found to have a large midline tumor in the lower sacral area, which was diagnosed as a sacrococcygeal tumor. Which of the following courses of treatment is recommended for this child?",Immediate chemotherapy and radiation treatment,Surgical removal by age 6 months,Surgical removal at age 4-5 years,Surgical removal at age 13-15 years
Anatomy,"A 19-year-old man is brought to the emergency department after dislocating his shoulder while playing football. Following treatment of the dislocation, he cannot initiate abduction of his arm. An MRI of the shoulder shows a torn muscle. Which muscle was most likely damaged by the injury?",Coracobrachialis,Long head of the triceps,Pectoralis minor,Supraspinatus
Anatomy,In a patient with compensated liver cirrhosis presented with history of variceal bleed. The treatment of choice in this patient is -,Propranolol,Liver transplantation,TIPS (Transjugular intrahepatic poal shunt),Endoscopic sclerotherapy
Anatomy,A 69 year old male patient having coronary Aery disease was found to have gallbladder stones while undergoing a routine ultrasound of the abdomen. There was no history of biliary colic or jaundice at any time. What is the best treatment advice for such a patient for his gallbladder stones,Open cholecystectomy,Laparoscopic cholecystectomy,No surgery for gallbladder stones,ERCP and removal of gallbladder stones
Anatomy,A 30-year-old woman complains of weakness and fatigability over the past 6 months. She has a 3-month acute history of severe hypertension that has required treatment with antihypertensive medications. Radiographic examination reveals a tumor of her right suprarenal gland. The patient is diagnosed with a pheochromocytoma (tumor of the adrenal medulla) and is scheduled for a laparoscopic adrenalectomy. Which of the following nerve fibers will need to be cut when the adrenal gland and tumor are removed?,Preganglionic sympathetic fibers,Postganglionic sympathetic fibers,Somatic motor fibers,Postganglionic parasympathetic fibers
Anatomy,A 25 year old female complaints of discharge of blood from a single duct in her breast. The most appropriate treatment is,Radical excision,Microdochectomy,Radical mastectomy,Biopsy to rule out carcinoma
Biochemistry,An infant presents to OPD with a history of vomiting and poor feeding. Musty odor is present in baby's urine. Guthrie test was done and found to be positive. Which of the following is not a treatment modality for this patient?,Administration of large neutral amino acids,Sapropterin dihydrochloride intake,Low–phenylalanine diet,None of the above
Biochemistry,"An 8-year-old child is taken for a physical examination because of pressure from the boy's teachers that something is ""not right"" and that the child is underperforming in class. The boy is remarkable for being tall and thin, with long limbs, and a small curvature to his spine (scoliosis). He displays pectus carinatum and a dislocation of the lens in one eye. He has also had a number of recent blood clots that required treatment. After examination, and the running of some tests, the boy was placed on pharmacologic doses of vitamin B6, and this treatment appeared to alleviate some of the symptoms. The enzyme that is most likely to be defective in this child is which one of the following?",Cystathionine b-synthase,S-Adenosylhomocysteine hydrolase,Methionine synthase,"N5,N10-Methylenetetrahydrofolate reductase"
Biochemistry,"A 52-year-old man, after suffering a heart attack, was put on 81 mg of aspirin daily by his cardiologist. The purpose of this treatment is to reduce the levels of which one of the following?",Cytokines,Leukotrienes,Thromboxanes,Cholesterol
Biochemistry,"A medical student has been exposed to a patient with tuberculosis and developed a positive tuberculin test (PPD) but exhibited a normal chest X-ray. Fie is placed on a 6-month course of prophylactic treatment, but subsequently develops peripheral neuropathies. Which one of the following vitamins would be considered a treatment for the neurotoxicity?",B1,B2,B3,B6
Biochemistry,"A 55-year old man who was a chronic alcoholic presented with confusion, ataxia, and diplopia. What is the treatment protocol?",Thiamine infusion alone,thiamine injection followed by glucose infusion,Glucose infusion alone,Glucose infusion followed thiamine injection
Biochemistry,"7 year old child presents with poor wound healing, Perifollicular hemorrhages and sharp and painful swellings at the costochondral junction of ribs. Which of the following treatments are recommended",Leafy vegetables in the diet,Animal products containing liver in the diet,Avoidance of eggs from diet,Oranges and amla in the diet
Biochemistry,"A 55 year old male patient complains of abnormal growth on right cheek. Patient has a habit of tobacco chewing since 30 years. Radiologic findings reveal 8x8 cm fungating mass, invading maxilla and mandible on right side. Histologic findings are suggestive of squamous cell carcinoma. Which of the following is not true regarding the treatment of this condition?",The drugs used are designed to block DNA replication,Methotrexate and 5-fluorouracil block nucleotide synthesis,Topoisomerase inhibitors promote the unwinding of parental DNA  strands and prevent replication,The drugs used for cancer therapy inhibit the enzymes that participate in replication
Biochemistry,"A 48 year old male patient comes to the clinic for routine general checkup. He is a known diabetic and is on insulin. On general examination, truncal obesity is seen.
The agent used in the treatment of this patient has all the following actions except:",It inhibits the release of FFA from adipose tissue,It enhances the uptake of glucose into adipose cells via the GLUT4 transporter,"In adipose tissue, it inhibits the activity of hormone-sensitive lipase",Adipose tissue is less sensitive to it than many other tissues
Biochemistry,A male 45 year old presents to the clinic for routine checkup. He is a known case of hypertension and is under treatment. The clinician advises him to have a balanced diet involving which of the following fatty acids?,ω3 fatty acids,ω6 fatty acids,ω9 fatty acids,Fatty acids need not be taken at all
Dental,"A young female patient reports to the dental office with complaint of small gaps between her teeth

The most feasible and economic treatment option for such a situation would be",Porcelain veneers,Porcelain jacket crown,Orthodontic tooth movement,Diastema closure using composite
Dental,A mother reported to clinic with her 40 days old child. There is a small ulcer on the tongue which is tender with erupted teeth In mandibular anterior alveolus. What will be your treatment plan:,Remove teeth under LA,Take IOPA if it is primary tooth then save it and do coronoplasty,Advise mother that it is primary tooth and roots will develop later and no treatment of requires,Apply LA gel on tongue and counsel the mother that no treatment is required.
Dental,A boy age 8 years came to your dental clinic with no crowding in both arches. Lateral cephalogram reveals SNA angle of 78 and SNB angle of 82 the line of treatment is,Reverse pull head gear with chin cap,Frankel III (n) reverse activator,Surgery in both maxilla and mandible followed by definite orthodontic treatment,Extraction followed by orthodontic treatment
Dental,In multibacillaryleprosy the follow-up examination after adequate treatment should be done yearly for-,3 years,3 years,5 years,10 years
Dental,"A Female patient comes for treatment of discoloured maxillary canine tooth. On examination there is yellowish discoloration of tooth which is not tender on palpation or percussion test. Radiograph reveals obliteration of root canal. History of trauma is elicited on questioning.

What investigations to be done further?",Test cavity,Transillumination test,Electric pulp testNone,None
Dental,"If the patient shows tamper tantrum and you send the patient back without any treatment, this is known as:",Positive Reinforcer.,Negative Reinforcer.,Negative Reinforcement.,None.
Dental,"During treatment of a child aged 5 years, their parents must be:",Seated along with child on dental chair,Present in operating room,Excluded from operating room,Not to be in clinic at time of treatment
Dental,"A Female patient aged 40 years comes for routine general examination. Full mouth radiographs are taken. Oval shaped radiolucent areas are seen in the root canals of maxillary central incisors Teeth are asymptomatic and show feeble response to vitality tests.

What is your line of treatment?",Keep the teeth under observation of call the patient after 3 months,Suggest root canal treatment,Suggest OPG for confirmatory diagnosis,Do test cavity
Dental,"A 10 year old male patient complains of spacing between his upper front teeth. On clinical examination, a midline diastema is seen. It is noted that the patient is in the mixed dentition period. Which of the following is an appropriate treatment protocol for this patient?",Frenectomy followed by orthodontic space closure,"No intervention, spontaneous resolution",Fixed orthodontic therapy,Removable appliance to close the midline diastema
Dental,If a patient is allergic to penicillin and antibiotic prescription is an absolute need in endodontic treatment than which of the following antibiotic can be given:,Clindamycin.,Clavulanic acid.,Doxycycline.,Erythromycin.
Dental,A 10-year-old girl presents with scalp pruritus for several weeks. Nits are visible on her hair. Which of the following treatment recommendations would you recommend?,"1% permethrin lotion, apply to clean, dry hair for 10 minutes, re-treat in 4 weeks","1% permethrin lotion, apply to wet hair for 10 minutes, re-treat in 4 weeks","1% permethrin lotion, apply to clean, dry hair for 10 minutes, re-treat in 1 week","1% permethrin lotion, apply to wet hair for 10 minutes, re-treat in 1 week"
Dental,Your patient is 4 years old. The maxillary right primary central incisor was traumatically avulsed 60 minutes ago. What is the treatment of choice?,"Replant, splint, primary endo","Replant, splint, formocresol pulpotomy","Replant, no splint, primary endo",None of the above
Dental,"A 24 year old unmarried woman has multiple nodular, cystic, pustular and comadonic lesions on face, upper back and shoulders for 2 years. The drug of choice for her treatment would be –",Acitretin,Isotretinoin,Doxycycline,Azithromycin
Dental,"3 year old child has a central incisor that has turned
bluish black. There is a small radiolucent area at the
apex of the tooth. Ideal treatment is",Extraction,Pulpotomy with formocresol,Pulpectomy; fill with zinc oxide eugenol,Pulpotomy with calcium hydroxide
Dental,An 8 year old has 1st molar in a cusp-to-cusp relation. The treatment is:,Fixed appliance,Removable appliance,Continuous recall and observe,None of the above
Dental,"A 45 year old female patient reports to the clinic with a history of pain with tooth 37. The tooth appears normal on clinical and radiographic examination except for the fact that pain occurs on biting on a hard object and then releasing the bite.

Immediate treatment of such a tooth involves",Stabilization with orthodontic band,Extraction,Relief from occlusion,Full coverage crown
Dental,A 26 year old female patient complains of discoloured teeth. Intra-oral examination reveals generalized intrinsic tetracycline stains. Which of the following is an effective and esthetic treatment in this case?,External bleaching,Intracoronal bleaching,Veneers,Full coverage crowns
Dental,A 63-year-old man asks if you can get rid of a wa from his back that catches on his clothes and bleeds on occasion. He thinks it has been there for only a couple of months. The lesion is shown below. Which one of the following would be the single most appropriate treatment for this lesion?,Cryotherapy,Silver nitrate cautery,Salicylic acid,Excision biopsy
ENT,A 31-year-old female patient complains of B/L impairment of hearing for the past 5 years. Audio- gram shows a B/L conductive deafness. Impedance audiometry is given below. All constitute part of treatment except:,Hearing aid,Stapedectomy,Sodium fluoride,Gentamicin
ENT,"A 50 year old male chronic smoker complaints of hoarseness of voice for the past 4 months. Microlaryngoscopic biopsy shows it to be keratosis of the larynx. All are suggested treatment modalities for this condition, EXCEPT:",Stop smoking,Laser vaporizer,Paial laryngectomy,Stripping of vocal cord
ENT,"A 31-year-old female patient complains of bilateral Impairment of hearing for the past 5 years. On examination, tympanic membrane (TM) is normal and audiogram shows a bilateral conductive loss. Impedance audiometry shows AS type of curve and absent acoustic reflex. All constitute part of treatment except:",Hearing aid,Stapedectomy,Sodium fluoride,Gentamicin therapy
ENT,Which of the following would be the most appropriate treatment for rehabilitation of a patient who has bilateral profound deafness following surgery for bilateral acoustic schwannoma,Bilateral with powered digital hearing aid,Bilateral cochlear implants,Unilateral cochlear implant,Brain stem implant
ENT,"A 30 year old female with history of singing, vocal abuse and gastrooesophageal reflux developed nodules at junction of anterior 1/3rd & middle 3rdof her vocal cords. What is treatment of choice ?",Speech therapy and Proton pump inhibitor (PPI),Microlaryngascopic surgery & CO2 laser,Microlaryngectomy,Direct laryngoscopy and biopsy
ENT,Commando operation is used as treatment for,Colon cancer,Carcinoma esophagus,Parotid gland tumour,Carcinoma of oral cavity
ENT,24. In a patient with multiple bilateral nasal polyps with x ray showing opacity in the paranasal sinuses. The treatment consists of following except:,epinephrine,Coicosteroids,Amphoterecin B,Antihistamines
ENT,"A 10 years boy presented with sensory neural deafness not benefited with hearing aid, Next treatment is",Cochlear implant,Fenestromy,Stapedectomy,Stapes fixation
ENT,A 3-year-old male child presents with multiple laryngeal papillomas with hoarse voice and slight airway distress. Papillomas are involving the glottis. The best treatment is:,Tracheostomy and observation,Steroids,Interferon therapy,Microlaryngoscopy and excision
ENT,Which of the following would be the most appropriate treatment for rehabilitation of a patient with bilateral profound sensorineural loss following surgery for bilateral acoustic schwannoma?,Bilateral high powered digital hearing aid,Bilateral cochlear implants,Unilateral cochlear implant,Brain-stem implant
ENT,True about juvenile respiratory papillomatosis -a) Affects children commonlyb) Lower respiratory tract can be involvedc) May resolve spontaneouslyd) Microlaryngoscopic surgery is treatment of choice,abc,bcd,abd,All of the above
ENT,"An old man who is edentulous, presents with squamous cell carcinoma in buccal mucosa that has developed and infiltrated to the alveolus. Following is not indicated in treatment:",Radiotherapy,Segment mandibulectomy,Marginal mandibulectomy involving removal of outer table only,Marginal mandibulectomy involving removal of upper half of mandible
ENT,A boy has developed epistaxis. What is the treatment of choice,Digital pressure,Nasal packing,Cauterization of vessels,Surgical ligation
ENT,Epley's manoeuvre is used in treatment of,Infective labyrinthitis,Tinnitus,Cervical spondylosis,BPPV (Benign primary positional vertigo)
ENT,"10 year old boy developed hoarseness of voice following on attach of diphtheria, No other significant OLE or VR is paralysed, treatment of choice is",Get foam infection of right VC,Fat injection of rigth VC,Thyroplasty Type 1,Walt for spontaneous recovery
ENT,"A 31 year old female patient complainsts of bilateral impairment of hearing for the 5 year.On examination, tympanic membrane is normal and audiomgram shows a bilateral conductive deafness. Impedance audiometry shows As type of curve and acoustic reflexes are absent. All constitute part of treatment,except -",Hearing aid,Stapedectomy,Sodium fluoride,Gentamycin
ENT,"A 50 year old male chronic smoker complains of hoarseness for the past 4 months. Microlaryngoscopic biopsy shows it to be keratosis of the larynx. All are suggested treatment modalities for this condition, except -",Laser vaporizer,Stop smoking,Stripping of vocal cord,Partial laryngectomy
ENT,A mother brought her child with glue ear. Child had otitis media two weeks before. What is the treatment of choice for glue ear?,Myringotomy with cold knife,Myringotomy with diode laser,Myringotomy with ventilation tube inseion,Conservative treatment with analgesics & antibiotics
ENT,"A-7 year child presenting with acute otitis media, does not respond to ampicillin. Examination reveals full and bulging tympanic membrane, the treatment of choice is -",Systemic steroid,Ciprofloxacin,Myringotomy,Cortical mastiodectomy
Forensic Medicine,A male did not have alcohol for 2 days presented with seizures treatment given: AIIMS 13,Diazepam,Phenobarbital,Disulfiram,Thiamine
Forensic Medicine,"A 34 year old rickshaw puller has been using heroin for the past ten years. One evening his family members found him unconscious. He was brought to the casualty. On examination he had bradycardia, shallow breathing, constricted pupils. His blood pressure was 100/70 mm of Hg. He had brisk bilateral deep tendon reflexes. The plantar reflexes were flexor on both sides. Which of the following is the best treatment for him ?",Buprenorphine,Flumazenil,Methadone,Naloxone
Forensic Medicine,"A female, Lalita, aged 26 yrs accidentally takes 100 tablets of paracetamol. What is treatment of choice -",Lavage with charcoal,Dialysis,Alkaline diuresis,Acetyl cysteine
Forensic Medicine,"A female, Lalita, aged 26 yrs accidentally takes 100 tablets of paracetamol. What is treatment of choice:",Lavage with charcoal,Dialysis,Alkaline diuresis,Acetyl cystein
Forensic Medicine,A young man with known history of heroine addiction is brought in the emergency in unconscious state by his friends. On examination his pupils are pin point. What will be the treatment of choice?,Oral naltrocene,IV Nalxone,Oral diazepam,Oral buprenorphine
Forensic Medicine,"A 52-year-old man comes with jaundice and extrapyramidal symptoms. On ophthalmic examination, the below finding is noted. The treatment is:",BAL,Penicillamine,Calcium edetate,Desferrioxamine
Forensic Medicine,When a doctor shows gross absence of skill and care during treatment resulting in death of patient is called:,Criminal negligence,Malpractice,Maloccurence,Misadventure
Forensic Medicine,"A 45 year old patient chronic alcoholic, who was regular treatment for diabetes, died from acute exacerbation of chronic pancreatitis. As per Medical ceification of cause of death, the column pa 1 (a) of death ceificate is filled with________",Acute exacerbation of Chronic Pancreatitis,Chronic Pancreatitis,Chronic alcoholism,Diabetes Mellitus
Forensic Medicine,A young man with known history of heroine addiction is brought in the emergency in unconscious state by his friends. On examination his pupil are pin point. What will be the treatment of choice?,Oral naltrexone,IV naloxone,Oral diazepam,Oral buprenorphine
Forensic Medicine,"A 52 year old man comes with jaundice and extra pyramidal symptoms. On ophthalmic examination, the above finding is noted. The treatment is :",Calcium gluconate,Pencillamine,Calcium edentate,Desferrioxamine
Forensic Medicine,"An inpatient of the hospital suffers burns injury when hot bottles were used for the treatment. In the case, the hospital incharge was also charged for the negligence under the doctrine of ___",Vicarious liability,Res ipsa loquitur,Novus actus interveniens,Contributory negligence
Forensic Medicine,A young man with known history of heroine addiction is brought in the emergency in unconscious state by his friends. On examination his pupil are pin point. What will be the treatment of choice,Oral naltrexone,IV naloxone,Oral diazepam,Oral buprenorphine
Forensic Medicine,"A 34-year old rickshaw puller has been using heroin for the past ten years. One evening his family members found him unconscious. He was brought to the casualty. On examination he had tachycardia, shallow breathing, constricted pupils. His blood pressure was 100/70 mm of Hg. He had brisk bilateral deep tendon reflexes. The planter reflexes were flexor on both sides. Which of the following is the best treatment for him?",Buprenorphine,Flumazenil,Methadone,Naloxone
Gynaecology & Obstetrics,"A 40-year-old primiparous woman suspected to be suffering from endometriosis is subjected to diagnostic laparoscopy. Findings indicate - uterus normal, both the ovaries show presence of chocolate cysts; endometriotic deposits are seen on the round ligament right side, both the fallopian tubes and the pouch of Douglas; moderately dense adhesions are present between the fallopian tubes and the pouch of Douglas. The treatment of choice in this case is :",Total hysterectomy with bilateral salpingo-oophorectomy,Danazol therapy,Progesterone therapy,Fulguration of endometriotic deposits
Gynaecology & Obstetrics,"Asymptomatic UTI in pregnancy, true is:a) Most are usually asymptomatic in pregnancyb) If untreated, progresses to pyelonephritisc) Early and prompt treatment prevents abnormalities in fetusd) Increase chance of premature infante) Increase risk of chronic renal lesion",abcd,bcde,acde,abde
Gynaecology & Obstetrics,A young nulliparous woman has 3'd degree of uterovaginal prolapse without any cystocele or rectocele. There is no stress incontinence. The uterus is retroveed. Uterocervical length is 3 inches. All other symptoms are normal. The best treatment plan for her will be :,Observation and reassurance till child bearing is over,Shirodkar's vaginal repair,Shirodkar's abdominal sling,Fothergill's operation
Gynaecology & Obstetrics,"A 35 yr old female, mother of 3 children is observed to have CIN grade III on colposcopic biopsy. Best treatment will be:",Cryosurgery,Conization,LEEP,Hysterectomy
Gynaecology & Obstetrics,"A hemodynamically stable patient with early pregnancy has adnexal mass of 2.5 x 3 cms and beta hCG titre of 1500 mIU /ml, with no intrauterine gestational sac. What modality of treatment is suitable for her",Progesterone therapy,Medical management,Laparoscopic surgery,Laparotomy
Gynaecology & Obstetrics,"A 30-year-old woman para 2+0, hypertension have menorrhagia. Which is best treatment for her?",Combined pills,Mirena,Hysterectomy,Transcervical resection of endometrium
Gynaecology & Obstetrics,"A 23-year-old woman presents to your clinic with complaints of vulvar pain. The patient's history is significant for a new sexual partner and a recent history of flu-like symptoms and vaginal burning. On physical examination, extremely painful shallow ulcers with red borders are appreciated on the vulva, vagina, and perineal region.Which of the following is the most appropriate course of treatment for this patient?",Penicillin,Azithromycin,Doxycycline,Acyclovir
Gynaecology & Obstetrics,What is the ideal treatment for a 55 yr female with Simple Hyperplasia of endometrium with Atypia?,Simple hysterectomy,Medroxy progesterone Acetate (MPA),Levonorgesterol (LNG),IUCD
Gynaecology & Obstetrics,"A pregnant lady at 32 weeks of gestation presents with a BP of 160/110 mmHg, proteinuria with retinal haemorrhage. What is the definitive treatment of choice in this patient?",Ritodrine,Nifedipine,Magnesium sulphates,Termination of pregnancy
Gynaecology & Obstetrics,"A 36-year-old G1P0 at 35 weeks gestations presents with several days H/O generalised malaise, anorexia, nausea emesis and abd. discomfort. She has loss of apetite and loss of several pounds wt in 1 week. Fetal movements are good. There is no headache, visual changes, no vaginal bleeding, no regular uterine contractions or rupture of membranes. She is on prenatal vitamins. No other medical problem. On exaeration she is mild jaundiced and little confused. Her temp is 100 degree F, PR- 70, BP- 100/62, no significant edema, appears dehydrated. FHR is 160 and is nonreactive but with good variability. Her WBC- 25000, Hct- 42.0, platelets- 51000, SGOT/SGPT-287/ 350, GLUCOSE-43, Creatinine- 2.0, fibrinogen-135, PT/PTT- 16/50, S. Ammonia level- 90 micromol/L. Urine is 3+ Proteins with large amount of ketones.What is the the recommened treatment for this patient",Immediate delivery,Cholecystectomy,Intravenous diphenhydramine,MgSO4 therapy
Gynaecology & Obstetrics,A female developed ovarian hyperstimulation syndrome during the treatment of infeility. What is the MOST common cause of ovarian hyperstimulation?,FSH/LH therapy,GnRH drugs,Clomiphene,Danazol
Gynaecology & Obstetrics,"56 years old woman has come to OPD with the complaints of hot flushes, irritability, joint pains and lack of sleep. Most appropriate treatment would be:",Hysterectomy,Calcium and vitamin supplementation,"Combined estrogen, progesterone preparations",Bisphosphonates
Gynaecology & Obstetrics,A patient is receiving external beam radiation for treatment of metastatic endometrial cancer. The treatment field includes the entire pelvis. Which of the following tissues within this radiation field is the most radiosensitive?,Vagina,Ovary,Bladder,Rectum
Gynaecology & Obstetrics,"A 30 week pregnant woman comes to you for antenatal check up. She complains of mild dyspnea and palpitation. On examination pedal edema is present, ejection systolic murmur is present, ECG shows sinus tachycardia, left axis detion, occasional premature ventricular beat. ECHO - Small pleural effusion and mild MR. No other relevant findings are present. What is the next line of treatment?",Sta diuretics,Sta endocarditis prophylaxis,No treatment needed,Terminate pregnancy as features are diagnostic of hea failure
Gynaecology & Obstetrics,"A 40-year-old primiparous woman suspected to be suffering from endometriosis is subjected to diagnostic laparoscopy. Findings indicate - uterus normal, both the ovaries show presence of chocolate cysts; endometriotic deposits are seen on the round ligament right side, both the fallopian tubes and the pouch of Douglas; moderately dense adhesions are present between the fallopian tubes and the pouch of Douglas. The treatment of choice in this case is",Total hysterectomy with bilateral salpingo-oophorectomy,Fulguration of endometriotic deposits,Progesterone therapy,Danazol therapy
Gynaecology & Obstetrics,A woman presents with a fluctuant non-tender swelling at the introitus. The best treatment is :,Marsupilization,Incision and drainage,Surgical resection,Aspiration
Gynaecology & Obstetrics,"At the time of Annual examination, a patient expresses concern over exposure to sexually transmitted diseases. During your pelvic examination, a singular, indurated, Nontender ulcer is noted on the vulva. VDRL and FTA tests are positive. Without treatment, the next stage of this disease is clinically characterized by:",Optic nerve atrophy and generalized paresis,Tabes dorsalis,Gummas,Macular rash over the hands and feet
Gynaecology & Obstetrics,"Sucheta, a 29 year old nulliparous women complains of severe menorrhagia and lower abdominal pain since 3 months. On examination there was a 14 weeks size uterus with fundal fibroid. The treatment of choice is :",Myomectomy,GnRH analogues,Hystrectomy,Wait and watch
Gynaecology & Obstetrics,A 40 years old P4+2 female has been diagnosed to have H.mole. The treatment would be:,Radiotherapy,Chemotherapy,Total hysterectomy,Radio-Chemotherapy
Medicine,"A 52-year-old male with toxic adenoma, treatment of choice is -",Surgical-removal of adenoma,Radiotherapy,Radioactive I2,Medical treatment
Medicine,"A patient with Renal cell carcinoma is on treatment with Erythropoetin. Erythropoetin use may be associated with all of the following, except:",Decreased reticulocytes,Increased hemtocrit,Increased hemoglobin,Eliminates need for transfusion
Medicine,"A-65, year old farmer presents with sweating, hypothermia and pulse rate of <50/min treatment is -",Physostigmine,Neostigmine,Atropine,Pilocarpine
Medicine,Vitamin that should be first supplemented during treatment of alcoholic patient?,Cyanocobalamine,Folic acid,Thiamine,Vitamin C
Medicine,A young man with tuberculosis presents with massive recurrent hemoptysis. For angiographic treatment which vascular structure should be evaluated first?,Pulmonary aery,Bronchial aery,Pulomary vein,Superior vena cava
Medicine,"A 40-year-old obese man presents with intense pain in his left first metatarsophalangeal (MTP) joint for the past few hours. He has no history of trauma, fever, chills, and no previous similar episode. He has no history of renal disease or diabetes though he has been told he is ""prediabetic."" He does not recall any recent skin infections and no family members have had any reported staphylococcal infection. On examination he has a swollen, red, warm, tender first MTP joint on the left. Uric acid level is 9 mg/dL; serum creatinine is normal. What is the best treatment approach for this patient?",Start allopurinol immediately and titrate for a uric acid level below 6. Add colchicine if this is not effective within the first 24 hours.,Begin prednisone until symptoms subside.,"Begin indomethacin. As the patient improves, reduce the dose to minimize gastrointestinal side effects.",Prescribe a narcotic until pain is under control.
Medicine,The treatment options for patients with RRMS (relapsing-remitting multiple sclerosis) are all except,IFN - 1 b,IFN - 1 a,Glatiramer acetate,TNF - a
Medicine,"A 46-year-old woman presents for her annual examination. Her main complaint is frequent sweating episodes with a sensation of intense heat starting at her upper chest and spreading up to her head. These have been intermittent for the past 6 to 9 months but are gradually worsening. She has three to four flushing/sweating episodes during the day and two to three at night. She occasionally feels her heart race for about a second, but when she checks her pulse it is normal. She reports feeling more tired and has difficulty with sleep due to sweating. She denies major life stressors. She also denies weight loss, weight gain, or change in bowel habit. Her last menstrual cycle was 3 months ago. Physical examination is normal. Which treatment is most appropriate in alleviating this woman's symptoms?",Levothyroxine,Estrogen,Estrogen plus progesterone,Citalopram
Medicine,"A patient got admitted with status epilepticus .During initial treatment , an intern reports to a senior resident that the patient has just lost his bladder control and that the urine appears darker than normal. The senior resident should take what measure?",Order placement of an indwelling urinary catheter,Order methacholine to regulate bladder emptying,Order condom catheter,Request urologist consultation to assess incontinence
Medicine,An 83-year-old woman has chronic congestive heart failure (CHF) due to grade IV left ventricular function (ejection fraction <20%). She requires 80 mg/day of furosemide as part of her treatment. Which of the following metabolic abnormalities is most likely to be seen while she is taking this medication?,metabolic acidosis,respiratory alkalosis,metabolic alkalosis,hyperkalemia
Medicine,"A female presents with anorexia, weight loss, hyperpigmentation, bowel changes, and light headedness on standing. The cosyntropin stimulation test shows random serum coisol of 11 mcg/dL (normal is greater than or equal to 20 mcg/dL). Serum coisol 1 hour after 0.25 mg cosyntropin N is 14 mcg/dL. (The rise in coisol is expected to be > 7 mcg/dL). Aldosterone level is 10 ng/dL. Which of the following is an appropriate treatment for this patient?",Hydrocoisone 15 mg daily for life,Prednisone 5 mg daily for life,Hydrocoisone 15 mg and fludrocoisone 0.1 mg daily for life,Prednisone 60 mg daily tapering to 10 mg a day and fludrocoisone 0.1 daily mg for life
Medicine,"As a junior resident , you are managing a patient of COVID-19 . When will you stop the treatment in COVID 19 patient ?",Two consecutive negative PCR repos atleast 48 hours apa with Clinico-radiological improvement,2 consecutive negative PCR repos atleast 24 hours apa with Clinico-radiological improvement,3 consecutive negative PCR repos atleast 48 hours apa with Clinico-radiological improvement,3 consecutive negative PCR repos atleast 24 hours apa with Clinico-radiological improvement
Medicine,"A patient was on treatment with penicillin. He developed pallor but there was no shortness of breath, urticaria or wheezing. On investigation, antibodies against penicillin were found in his blood. What is the type of hypersensitivity reaction that most likely occurred in this patient?",Type I hypersensitivity,Type II hypersensitivity,Type III hypersensitivity,Type IV hypersensitivity
Medicine,"A 58-year-old woman is admitted to hospital with left-sided hemiparesis. She is diagnosed with an ischemic right cortical stroke, and started on amino salicylic acid (ASA) for secondary prevention. Her carotid ultrasound reveals no arterial stenosis. She has no other significant past medical history but she does smoke half pack a day. Her fasting lipid profile is T-chol 240 mg/dL, HDL 50 mg/dL, LDL 160 mg/dL, and triglycerides 130 mg/dL.For the above patient with dyslipidemia, select the most appropriate treatment.","fibric acid derivatives (clofibrate, gemfibrozil)",nicotinic acid,"bile acid-binding resins (cholestyramine, colestipol)","hepatic hydroxymethylglutaryl coenzyme A (HMG-CoA) reductase inhibitors (lovastatin, simvastatin, pravastatin)"
Medicine,"A 16year old boy presents with symptoms similar to parkinsonism, on examination found to have dytonia and had no abnormalities on FD-PET scan, had clinical response to treatment with levodopa. What is the likely diagnosis?",Dementia with lewy bodies,Atypical parkinsomism,Dopa-responsive dystonia,Multiple system atrophy - parkinsonism type
Medicine,"A 65-year old man presented with skin lesions on his chest and left arm and shoulder six weeks after i returning from a cacation in Belize at the beach in the fain forest. The lesions occasionally stung, drained a dark exudates, and enlarged despite two weeks of treatment with cephalexin. The patient had no constitutional symptoms. Physical examination reverled five nodules of varying sizes with surrounding erythema and a central pore through which a single, moving larva was observed. This condition is caused by -",Tungiasis,Cutaneous leishmaniasis,Bot fly,d) Onchocerciasis
Medicine,A 32-year-old patient with Restless leg syndrome comes to the OPD. What is the most appropriate first line treatment?,Pramipexole,Gabapentin,Iron Supplementation,Vitamin B12
Medicine,A patient with Hodgkin's lymphoma presents with isolated cervical lymphadenopathy. Biopsy from the lesion shows characteristic lacunar cells. The treatment of choice for this patient is:,Chemotherapy with Radiotherapy,Chemotherapy alone,Radiotherapy alone,No treatment needed
Medicine,"A 41-year-old male patient presented with recurrent episodes of bloody diarrhoea for 5 years. Despite regular treatment with adequate doses of sulfasalazine, he has had several exacerbations of his disease and required several weeks of steroids for the control for flares. What should be the next line of treatment for him?",Methotrexate,Azathioprine,Cyclosporine,Cyclophosphamide
Medicine,"A 20-year-old woman presents to the clinic for evaluation of new symptoms of cough and yellow sputum production. She also reports feeling feverish and having intermittent right-sided chest pain on deep breathing. On physical examination, she appears well and the pertinent findings are dullness on percussion in the right lower lobe and inspiratory crackles on auscultation of the lungs. A chest x-ray confirms there is a right lower lobe infiltrate. Which of the following is the most appropriate treatment of community-acquired pneumonia?",carbenicillin,tobramycin,levofloxacin,methicillin
Microbiology,"A 16-year-old female comes to the physician because of an increased vaginal discharge. She developed this symptom 2 days ago. She also complains of dysuriA. She is sexually active with one paner and uses condoms intermittently. Examination reveals some erythema of the cervix but is otherwise unremarkable. A urine culture is sent which comes back negative. Sexually transmitted disease testing is performed and the patient is found to have gonorrheA. While treating this patient's gonorrhea infection, treatment must also be given for which of the following?",Bacterial vaginosis,Chlamydia,Herpes,Syphilis
Microbiology,"An outbreak occurs in a community where the water supply is contaminated. Multiple patients experience nausea and vomiting as well as profuse diarrhea with abdominal cramps; stools are described as ""rice water."" Curved, gram-negative rods are isolated on a sulfate-citrate-bile- sucrose agar. In the treatment of patients who have cholera, the use of a drug that inhibits adenyl cyclase would be expected to have which of the following characteristics?",Block the action of cholera toxin,Eradicate the organism,Increase fluid secretion,Kill the patient immediately
Microbiology,An endocarditis patient under a physician's care develops a urinary tract infection (UTI). A group D enterococcus (Enterococcusfaecium) is isolated but the UTI does not respond to ampicillin and gentamicin treatments. Which of the following options would be considered the most clinically appropriate action?,Consider vancomycin as an alternative drug,Determine if fluorescent microscopy is available for the diagnosis of actinomycosis,Do no further clinical workup,Suggest to the laboratory that low colony counts may reflect infection
Microbiology,"A 6-year-old girl is diagnosed with meningitis. A lumbar puncture reveals numerous neutrophils and gram-negative diplococci. She is admitted to the hospital for antibiotic treatment, which is complicated by the fact that she is known to be allergic to b-lactams. What is the mechanism of action of the alternative drug of choice to treat this infant's meningitis?",Blocks tRNA binding to the A site,Causes misreading of mRNA,Inhibits formation of the peptide bond,Prevents translocation
Microbiology,"A 50-year-old man presented to his family doctor complaining of flu-like symptoms. The doctor gave him a shot of penicillin and sent him home. The man came back a week later and in fact, felt worse. The man was a rancher and raised a lot of cattle. He told the doctor that he had congenital heart disease and an attack of rheumatic fever when he was young. The man now complained of fever, night sweats, continual coughing, weight loss, and lethargy. The doctor had the man hospitalized because he now suspected subacute bacterial endocarditis (SBE). A culture of his blood did not show any bacterial growth, but a serum analysis for antibodies against a certain bacterium was positive. As a result of finding antibodies to this organism, treatment with doxycycline was begun and the patient improved and was released from the hospital. What was the name of the organism with which the man was infected?",Chlamydophila psittaci,Chlamydophila pneumoniae,Chlamydia trachomatis,Coxiella burnetii
Microbiology,A 42yr old female with HIV is frequently suffering from diarrhoea despite treatment with HAA. Which of the following organisms can cause diarrhoea in HIV patients?,Cryptosporidium,Microsporidia,Isospora,All the above
Microbiology,25 year old labourer 3 yrs back presented with penile ulcer not treated. Later he presented with neurological symptoms for which he got treated. Test to monitor response to treatment is,VDRL,FTA ABS,TPI,RPR
Microbiology,A 12 yr old child presents with fever and cervical lymphadenopathy for last 36 hours. Oral examination shows a grey membrane on the right tonsil. What is the primary treatment?,Penicillin IV for 10 days,20000 -40000 units I/M equine derived antitoxin,"80,000-1,20,000units I/M equine derived antitoxin",Erythromycin to be given for 2 weeks
Microbiology,"A healthy 45-year-old female had root canal treatment about 3 weeks ago. She now presents with a new heart murmur, fever, painful skin nodules, abdominal pain, and an abnormal liver function test. Which of the following organisms would mostly likely cause endocarditis and is implicated in dental caries or root canal infections?",a-Hemolytic streptococci,Bacteroides fragilis,Escherichia coli,Lactobacillus species
Microbiology,A patient presents with lower gastrointestinal bleed. Sigmoidoscopy shows ulcer in the sigmoid. Biopsy from this area shows flask-shaped ulcers. Which of the following is the most appropriate treatment -,Intravenous ceftriaxone,Intravenous metronidazole,Intravenous steroids and sulphasalazine,Hydrocoisone enemas
Microbiology,Which is the true statement regarding gonococcal urethritis -a) Symptoms are more severe in females than in malesb) Rectum and prostate are resistant to gonococcic) Most patients present with symptoms of dysuriad) Single dose of ciprofioxacin is effective in treatmente) Commonly leads to arthritis,cd,bc,bd,ac
Microbiology,A patient presents with lower gastrointestinal bleed. Sigmoidoscopy shows ulcer in the sigmoid. Biopsy from this area shows flask-shaped ulcers. Which of the following is the most appropriate treatment?,Intravenous ceftriaxone,Intravenous metronidazole,Intravenous steroids and sulphasalazine,Hydrocortisone enemas
Microbiology,25 year old labourer 3 years back presented with penile ulcer not treated. Later he presented with neurological symptoms for which he got treated. Test to monitor response to treatment is ?,VDRL,FTA-ABS,TPI,RPR
Microbiology,A patient presents with lower gastrointestinal bleed. Sigmoidoscopy shows ulcer in the sigmoid. Biopsy from this area shows flask-shaped ulcers. Which of the following is the most appropriate treatment ?,Intravenous ceftriaxone,Intravenous metronidazole,Intravenous steroids and sulphasalazine,Hydrocoisone enemas
Microbiology,A 28-year-old female with folliculitis is not responsive to a 10-day treatment course with penicillin. An enzyme produced by the etiologic agent is most likely responsible for this treatment failure. At which site on the molecule shown does this enzyme act to destroy penicillin?,1,2,3,4
Microbiology,"A 3-year-old male child is brought by his father with complaint of recurrent infections despite proper treatment and hygiene. While reviewing his history, pediatrician notices that the child has been infected multiple times with S. aureus, Pseudomonas & E. coli. Which of the following test will be useful to diagnose condition of the child?",Negative nitroblue-tetrazolium test,Positive nitroblue-tetrazolium test,"Increased IgM, Decreased IgG, IgA, and IgE","Increased IgE and IgA, Decreased IgM"
Ophthalmology,A 28-year-old male complains of glare in both eyes. The cornea shows whorl-like opacities of the epithelium. He also gave a history of long-term treatment with amiodarone. The most likely diagnosis is –,Terrain's marginal degeneration,Cornea verticillata,Band shaped keratophathy,Arcus juvenalis
Ophthalmology,You have been asked to consult in the treatment of an 80-year-old patient. An antimuscarinic drug is being considered. Atropine therapy in the elderly may be hazardous because:,Atropine can elevate intraocular pressure in patients with glaucoma,Atropine frequently causes ventricular tachycardia,Urinary retention may be precipitated by atropine in women,The elderly are paicularly prone to develop dangerous hypehermia when given Atropine
Ophthalmology,"A 8 year old boy presented with swelling in the left eye of 3 months duration, examination revealed proptosis of left eye with preserved vision. Right eye is normal.CT scan revealed intraorbital extra conal mass lesion.Biopsy revealed embryonal rhabdomyosarcoma.Metastatic work up was normal.The standard line of treatment is:",Chemotherapy only,Wide local excision.,Enucleation,Chemotherapy and Radiaton therapy
Ophthalmology,A 28-year-old male complains of glare in both eyes. The cornea shows whorl like opacities of the epithelium. He also gave a history of long term treatment with amiodarone. The most likely diagnosis is:,Terrain's marginal degeneration,Cornea veicillata,Band shaped keratophathy,Arcus juvenalis
Ophthalmology,A patient using contact lens develops corneal infection. Laboratory diagnosis of acanthamoeba keratitis was established.The following is the best drug for treatment-,Propamide,Neosporine,Ketoconazole,Polyhexamethylene biguanide
Ophthalmology,A 28 year old male complains of glare in both eyes. The cornea shows whorl like opacities of the epithelium. He also gave a history of long term treatment with amiodarone. The most likely diagnosis is -,Terrain's marginal degeneration,Cornea veicillata,Band shaped keratophathy,Arcus Juvenalis
Ophthalmology,A patient using contact lens develops corneal infection. Laboratory diagnosis of acanthomoeba keratitis was established. The following is the best drug for treatment:,Propamidine,Neosporine,Ketoconazole,Polyhexamethylene biguanide
Ophthalmology,A patient of closed angle Glaucoma the treatment of choice in other eye is,Acetolazimide,Laser iridotomy,Pilocarpine,Timolol eye drop
Ophthalmology,"A 45 year old diabetic patient has immunosuppressed with uncontrolled diabetes mellitus. The lesions are locally destructive and have eroded into the eye, palate, and central nervous system, often from an initial site in the sinuses. The organism can be difficult to culture. The appropriate treatment is:",Is intravenous amphotericin only,Surgical debridement only,Watchful observation,Intravenous amphotericin but surgical debridement should also be strongly considered
Ophthalmology,A 7 yr patient came to opd with nodule on conjunctiva. He has history of taking TB treatment in the past. The nodule with has now encroached the limbus. What is the possible diagnosis.,Trachoma,Vernal keratoconjunctivits,Phylectenular keratoconjunctivitis,Limbus stem cell deficiency
Ophthalmology,A patient came to the casualty with acute attack of asthma after starting treatment of glaucoma. The causative drug is,Timolol,Betaxolol,Clonidine,Acetazolamide
Ophthalmology,"If patient is on follow up with you, after a enucleating of an painful blind eye. After you enucleating the eyeball, a proper sized aificial prosthetic why is advanced after an post operative treatment",About 10 days,About 20 days,6-8 week,12 -24 weeks
Ophthalmology,40 years old man has glare in both eyes. Examination revealed whorl like opacities of corneal epithelium. He gives history of long term treatment with amiodarone. What is the MOST likely diagnosis?,Band shaped keratopathy,Cornea veicillata,Climatic droplet keratopathy,Fuchs endothelial dystrophy
Ophthalmology,For the treatment of a patient with after cataract which laser is used?,LASIK,Nd-YAG,Excimer,Argon
Ophthalmology,A patient came with chief complaints of cuain falling in front of eye after blunt trauma. O/e there was inferior giant retinal tear. What should be the immediate line of treatment,Scleral Buckling,Pan Retinal Photocoagulation,Pars plana vitrectomy with endophotocoagulation,Pneumatoretinopexy
Ophthalmology,A young 23-year-old black African man presents with a hyphema in the right eye after blunt injury. All of the following are acceptable initial treatments except?,Sleep with the head elevate,Prednisolone steroid eye drops,Cyclopentolate dilating drops,Carbonic anhydrase inhibitor pressure drops
Ophthalmology,"A 8 year old boy presented with swelling in the left eye of 3 months, examination revealed proptosis of left eye with preserved vision. Right eye is normal. CT scan revealed intraorbital extraconal mass lesion. Biopsy revealed embryonal rhabdomyosarcoma. Metastatic work up was normal. The standard line of treatment is -",Chemotherapy only,Wide local excision,Enucleation,Chemotherapy and Radiaton therapy
Orthopaedics,"Which statement is true regarding genu varum (bowleg) -a) In infants, it may be considered normalb) Occurs due to epiphyseal dysplasiac) Seldom associated with tibial angulationd) Affects only tibia but nerve femure) Does not require any treatment",ac,ab,ad,bc
Orthopaedics,"Pediatric patient with upper humerus lytic lesion with coical thinning, which among the following is not a treatment modality:",Sclerosant,Radiotherapy,Curettage and bone grafting,Steroids
Orthopaedics,A 17-year-old high school tennis player sustains a right midshaft clavicle fracture. Which of the following increases the risk of nonunion in the non operative treatment of clavicle fractures,Sling treatment,Figure-of-eight bandage treatment,Displacement and comminution,Male sex
Orthopaedics,Which of the following is a treatment option for Volkmann's ischemia?,Fasciotomy,Cock up splint,Bone shortening,Turn buckle splint
Orthopaedics,"In the case of a 70 year old lady with intracapsular fracture of the neck of femur, the ideal treatment would be-",Closed traction,Hemiahroplasty,Internal fixation with nail,Internal fixation with nail and plate
Orthopaedics,"A woman of 45, a known cause of pemphigus vulgaris on a regular treatment with controlled primary disease presented with pain in the right hip and knee. Examination revealed no limb length discrepancy but the patient has tenderness in the scarpa's triangle and limitation of abduction and internal rotation of the right hip joints as compared to the other side. The most probable diagnosis is -",Stress fracture of neck of femur,Avascular necrosis of femoral head,Perthe's disease,Transient synovitis of hip
Orthopaedics,"In 65 year old male with history of fracture neck of femur 6 weeks old,treatment of choice -",SP nailing,Mc Murray's osteotomy,Hemiarthroplasty,None
Orthopaedics,Which bisphosphonate is approved for the treatment of osteoporosis and is given on yearly basis?,Alendronate,Zoledronate,Risedronate,Ibandronate
Orthopaedics,A 4 year old child with history of fall on left forearm and develops fracture in dorsal surface of mid region of radius. Best treatment is,Immobilize with POP,Open reduction internal fixation,K-wire fixation,Break the cortex on the other side and immobilize by POP
Orthopaedics,Drug of choice for the treatment of acute gout in patients in whom NSAIDs are contraindicated is-,Colchicine,Allopurinol,Xyloric acid,Paracetamol
Orthopaedics,"A 45-year-old female came with neck pain and stiffness since 3 months. Diagnosed as shown below. All are operative treatment of the condition, except?",Interveebral disc replacement,Anterior discectomy and fusion,Laminaforaminotomy,Posterior decompression
Orthopaedics,The best treatment for fracture neck femur is a 65-year-old lady is -,POP cast,Gleotomy,Bone grafting and compression,Hemireplacement arthroplasty
Orthopaedics,"A 50 years male with fracture neck of femur comes after 3 days, treatment of choice is",hemiarthroplasty,total hip replacement,hip spika,CR&IF
Pathology,"A 20-year-old woman presents with a 4-week history of dry mouth, fatigue, fever, and yellow sclerae. Physical examination shows mild jaundice and hepatomegaly Serum total bilirubin is 3.3 mg/dL. Serologic markers for viral hepatitis are negative. The anti-mitochondrial antibody test is negative. A liver biopsy discloses parenchymal and periportal inflammatory cell infiltrates composed primarily of lymphocytes and plasma cells. The patient's signs and symptoms abate following 2 months of treatment with steroids. Which of the following is the most likely diagnosis?",Autoimmune hepatitis,Extrahepatic jaundice,Primary biliary cirrhosis,Primary sclerosing cholangitis
Pathology,A 45 year old lady is having persistent reflux symptoms. Most accurate investigations in establishing diagnosis before surgical treatment is,An UGI series,Endoscopy,Esophageal manometry,Ambulatory pH monitoring
Pathology,"A 50 years old hypertensive male cardiac patient, who is on anticonvulsant treatment, developed following rash on right hand. Most probable drug responsible for it is-",Propanolol,Atrovastatin,Warfarin,Phenytoin
Pathology,"A young child of 7 years age is seen with indurated ulcers, lymphadenopathy and fever. The likely treatment is:",Symptomatic treatment,Systemic antibiotics,Excise the lesion,I.v. Fluids
Pathology,"A 43-year-old man has experienced progressive fatigue, pruritus, and icterus for 4 months. A colectomy was performed 5 years ago for the treatment of ulcerative colitis. On physical examination, he now has generalized jaundice. The abdomen is not distended; on palpation, there is no abdominal pain and there are no masses. Laboratory studies show a serum alkaline phosphatase level of 285 U/L and an elevated titer of anti-neutrophil cytoplasmic antibodies. Cholangiography shows widespread intrahepatic biliary tree obliteration and a beaded appearance in the remaining ducts. Which of the following morphologic features is most likely to be present in his liver?","Concentric ""onion-skin"" ductular fibrosis",Copper deposition in hepatocytes,Granulomatous bile duct destruction,Interface hepatitis
Pathology,"A 20-year-old man presents with severe right lower quadrant abdominal pain, nausea, and anorexia. He states that the abdominal pain staed around his umbilicus and has now migrated to the right lower quadrant of his abdomen. Physical examination reveals exquisite tenderness at McBurney's point . This patient is diagnosed with acute appendicitis. Which of the following is the treatment for this condition?","Antibiotics only, because the appendix is crucial for survival","Surgical resection of the appendix, because appendicitis can lead to appendiceal cancer","Surgical resection of the appendix, because appendicitis can lead to perforation or abscess","""Watch-and-wait"" approach over days to see if inflammation subsides"
Pathology,"A patient is on treatment with penicillin. He developed pallor but there was no shoness of breath, uicaria or wheezing. On investigation, antibodies against penicillin were found in the blood. What is the type of hypersensitivity reaction that most likely occurred in this patient -",I,II,III,IV
Pathology,Best treatment of endometriosis in a young girl is,Oestrogen,Gonadotropins,Surgery,Danazol
Pathology,"A 72-year-old man has had increasing difficulty with urination for the past 10 years. He now has to get up several times each night because of a feeling of urgency, but each time the urine volume is not great. He has difficulty starting and stopping urination. On physical examination, the prostate is enlarged to twice its normal size but is not tender to palpation. One year ago, his serum prostate-specific antigen (PSA) level was 6 ng/mL, and it is still at that level when retested. Which of the following drugs is most likely to be effective in the treatment of this man?",Estrogen (hormone),Finasteride (5a-reductase inhibitor),Mitoxantrone (chemotherapy agent),Nitrofurantoin (antibiotic)
Pathology,"A male patient 59 year old complains of multiple swellings in the neck, fever, and weight loss. He gives a history of hypertension treatment. General examination reveals painless lymph nodal enlargement in the neck and on blood investigation, anaemia is revealed. Lymph node biopsy shows typical owl eye-shaped appearance cells.
What can be the most probable diagnosis for this patient?",Multiple myeloma,Hodgkin’s lymphoma,Non-hodgkin’s lymphoma,Burkitt’s lymphoma
Pathology,A 4-year-old girl presents with swelling of the legs and ankles. Physical examination reveals pitting edema of the lower extremities. Urinalysis show 2+ proteinuria. The urinary sediment contains no inflammatory cells or red blood cells. Serum levels of BUN and creatinine are normal. The patient recovers completely after a course of corticosteroids. Which of the following pathologic findings might be expected in the urine prior to treatment with corticosteroids?,Amyloid casts,Eosinophils,Lipid droplets,Red blood cell casts
Pathology,"Uses of tumor marker are -a) Screening of a cancerb) Follow up of a cancer patient, especially for knowing about recurrencec) Confirmation of a diagnosed cancerd) For monitoring the treatment of a cancer",acd,abd,abc,ab
Pathology,"A 45-year-old woman complains of tingling in her hands and feet, 24 hours after removal of follicular thyroid carcinoma. Her symptoms rapidly progress to severe muscle cramps, laryngeal stridor, and convulsions. Which of the following laboratory findings would be expected in this patient prior to treatment?",Decreased serum calcium and decreased PTH,Decreased serum calcium and increased PTH,Increased serum calcium and decreased PTH,Increased serum calcium and increased PTH
Pathology,The treatment for a child with cherubism is,surgical excision,cosmetic surgery after puberty,radiation,Enbloc dissection
Pediatrics,"One of your patients who was diagnosed to have malaria was treated with chloroquine and doxycycline for 7 days. Though his fever subsided in a few days after staing the treatment, his peripheral smear showed plasmodium gametocytes even after 7 days of treatment. As per WHO guidelines this type of drug resistance is:",S type,R1 type,R2 type,R3 type
Pediatrics,"After her first urinary tract infection (UTI), a 1-year-old girl has a voiding cystourethrogram with findings shown below. Which of the following is the most appropriate treatment option?",Low-dose daily antibiotics,Immediate surgical reimplantation of the ureters,Weekly urinalyses and culture,Diet low in protein
Pediatrics,The immediate treatment of 10 kg weight infants presented with tetany -,IV Diazepam,IV calcium gluconate with cardiac monitoring,IV slow phenobarbitone,Wait and watch
Pediatrics,"A baby is born after 31st gestational weeks by cesarean delivery. The child has tachypnea, nasal flaring, subcostal and intercostals retraction. Nasogastric tube was positioned without problems. Chest radiography shows bilateral, diffuse, ground-glass appearance, air bronchograms and poor lung expansion. What is the best treatment plan in the present case?",Oxygen therapy,Surfactant administration and oxygen therapy,Emergency surgical repair of tracheoesophageal fistula,"No therapy, only observation"
Pediatrics,A 9- years old child has steroid dependant nephrotic syndrome for the last 5 years. He has received corticosteroids almost continuously during this period and has Cushingoid features. The blood pressure is 120/86 mmHg and there are bilateral subcapsular cataracts. The treatment of choice is:,Levamisole.,Cyclophosphamide.,Cyclosporin A.,Intravenous pulse corticosteroids.
Pediatrics,A six months old girl is having recurrent UTI. Ultrasound abdomen shows bilateral hydronephrosis. MCU (Micturating cysto urethrogram) shows bilateral Grade IV vesicoureteral reflux. The treatment of choice is:,Endoscopic injection of poly teflon at the ureteric orifices,Ureteric re-implantation,Bilateral Ureterostomy,Prophylactic antibiotics
Pediatrics,"In a mother with active tuberculosis, treatment for infant is",Isoniazid prophylaxis,No treatment,Full treatment with HRE,Treatment with Isoniazid and rifampicin
Pediatrics,GBS in a child treatment,IVIG,Ventilation,Plasmapharesis,All of above
Pediatrics,True about Nephrotic syndrome in a child – a) Minimal change disease is commonest causeb) Proteinuria of 4 gm/m2 hr is characteristicc) Cyclosporine & Azathioprine is mainstay of therapyd) Pretreatment biopsy is done in all casese) Spontaneous bacterial peritonitis is associated with it,a,ae,ab,ad
Pediatrics,Which of the following congenital malformation is seen in a child of a mother who is on treatment with oral anticoagulants?,Nasal hypoplasia,Renal agenesis,Long bone defects,Achondroplasia
Pediatrics,The immediate treatment of 10 kg weight infants presented with tetany,IV Diazepam,IV calcium gluconate with cardiac monitoring,IV slow phenobarbitone,Wait and watch
Pediatrics,"A 7-year-old child from West Bengal presented with high grade fever with chills and rigor. Peripheral smear examination revealed Plasmodium vivax. He was given treatment for the same. But he again presented with jaundice, and a repeat peripheral smear showed following. What is your diagnosis?",Viral Hepatitis,Sickle cell Anemia,Hemolytic uremic syndrome,Glucose 6 Phosphate dehydrogenase deficiency
Pediatrics,"After helping his father in the yard, a 14-year-old boy complains of weakness and feels like his muscles are twitching. He begins to drool, and then collapses in a generalized tonic-clonic seizure. Upon the arrival of EMS, his heart rate is found to be 40 beats per minute and his pupils are pinpoint. For the most likely toxic substance involved in the cases above, select the appropriate treatment",Atropine and pralidoxime (2-PAM),N- acetylcysteine (Mucomyst),"Dimercaptosuccinic acid (DMSA, succimer)",Naloxone (Narcan)
Pediatrics,Which of the following is not given in the treatment cyanotic spells in a patient of TOF?,Phenylephrine,Propranolol,Calcium chloride,Sodium bicarbonate
Pediatrics,"A 5-year-old girl is admitted to your Paeds ward. The parents give the history that the child has had recurrent, intermittent episodes of fever and respiratory distress over the past 1.5 years, including cough, wheezing, and dyspnea lasting for 3-4 days. With every episode, hemoptysis is present. Now she is diagnosed with Right lower lobe pneumonia which improves upon treatment. On physical examination, the patient is pale, icteric with digital clubbing. Which of the following is the most appropriate next Investigation?",Modified barium swallow study to evaluate for aspiration,Bronchoalveolar lavage,Nasal swab for viral culture,Incentive spirometry
Pediatrics,"A 5-year old child developed seizures a few months ago. The seizures sta with feeling of strange smell (burning rubber), continue with generalized contractions, and end with rhythmic spasms. Consciousness is lost during attacks and the child is confused afterwards. When the seizures staed, the child was referred to a neurologist who prescribed phenytoin as the initial treatment. Now, the parents bring the child back for scheduled DTP immunization (diphtheria, tetanus, peussis). Which of the following is the most appropriate next step in the management?",Immunization with DTP vaccine.,Change medication to phenobarbital and DTP immunization,Two weeks drug holiday and DTP immunization afterwards,Deferral of DTP immunization
Pediatrics,"Over the past several weeks, a 2-year-old girl has exhibited developmental regression, abnormal sleep patterns, anorexia, irritability, and decreased activity. These symptoms have progressed to acute encephalopathy with vomiting, ataxia, and variable consciousness. The family recently moved, and they are in the process of restoring the interior of their home. For the most likely toxic substance involved in the cases above, select the appropriate treatment",Atropine and pralidoxime (2-PAM),N- acetylcysteine (Mucomyst),"Dimercaptosuccinic acid (DMSA, succimer)",Naloxone (Narcan)
Pharmacology,"In an accidental needle stick, an unknown quantity of blood from an AIDS patient is injected into a nurse. The most recent laboratory report on the AIDS patient shows a CD4 count of 20/µl and a viral RNA load of greater than 107copies/ml. The most appropriate course of action regarding the treatment of the nurse is to :",Monitor the nurse's blood to determine whether HIV transmission has occurred,Treat with full doses of zidovudine for 2 weeks,Add acyclovir to the 4-weeks zidovudine regimen,Administer zidovudine with lamivudine for 4 weeks
Pharmacology,25 years old laborer 3 yrs back presented with penile ulcer which was not treated. Later he presented with neurological symptoms for which he got treated. Test to monitor response to treatment is NOT RELATED-DERMATOLOGY,VDRL,FTA ABS,TPI,RPR
Pharmacology,A patient presents with malignant hypehermia and metabolic acidosis. Immediate treatment should be staed with:,Intravenous Dantrolene,Sodium bicarbonate,Intravenous fluids,Paracetamol
Pharmacology,"A 30-year-old mother of 2 children weighing 60 kg was taking combined oral contraceptive
pill containing levonorgestrel 0.15 mg + ethinylestradiol 30 μg per day cyclically (3 weeks treatment—
1 week gap). She developed fever with cough and was diagnosed as a case of pulmonary tuberculosis
after  sputum  smear  examination.  She  was  put  on  isoniazid  (300  mg)  +  rifampin  (600  mg)  +
pyrazinamide  (1.5  g)  +  ethambutol  (1.0  g)  daily  for  2  months,  followed  by  isoniazid  (600  mg)
+  rifampin  (600  mg)  thrice  weekly.  In  the  3rd  month,  she  failed  to  have  the  usual  withdrawal
bleeding during the gap period of contraceptive cycle. After 10 days, her urinary pregnancy test
was  found  to  be  positive.What  could  be  the  reason  for  failure  of  the  oral  contraceptive?",Rifampicin is enzyme inducer and induced metabolism of contraceptives,Ethambutol is enzyme inducer and induce metabolism of contraceptives,Both,None
Pharmacology,A 50-year-old man has a history of frequent episodes of renal colic with high calcium renal stones. The most useful diuretic in the treatment of recurrent calcium stones is:,Furosemide,Spironolactone,Hydrochlohiazide,Acetazolamide
Pharmacology,A patient on treatment for leukemia develoPS chest pain pulmonary infiltrates and pleural effusion. The likely cause is,Daunorubicin,Hydroxyurea,Cytarabine,Tretinoin
Pharmacology,A 15 year old boy was stung by a bee. He had difficulty in breathing and facial edema. What is the best treatment ?,IV Adrenaline,SC Adrenaline,IV Antihistamine,IV Hydrocortisone
Pharmacology,Which of the following drugs can be used for the treatment of chloroquine resistant malaria in children ?,Chloroquine,Doxycycline,Tetracycline,Clindamycin
Pharmacology,"A patient on treatment for leukemia, develops chest pain, pulmonary infiltrates and pleural effusion. The likely cause is -",Daunorubicin,Hydroxyurea,Cytarabine,Tretinoin
Pharmacology,The drug of choice in treatment of infantile spasms is :,ACTH,Phenobarbitone,Carbamazepine,Phenytoin
Pharmacology,A patient presents with malignant hyperthermia and metabolic acidosis. Immediate treatment should be started with,Intravenous Dantrolene,Sodium bicarbonate,Intravenous fluids,Paracetamol
Pharmacology,"Which is a glycoprotein, produced by many mammalian cells, and used in the treatment of hepatitis, papillomaviruses, hairy-cell leukemia and AIDS-related Kaposi's sarcoma?",Interferon,Idoxuridine,Zidovudine,Zalcitabine
Pharmacology,"A young man is with known heroin addiction is brought in the emergency in unconscious state. On examination, the patient has decreased bowel sounds, depressed respiration and pin point pupil. The treatment of choice for this patient is:",Oral natrexone,IV naloxone,Oral diazepam,Oral Buprenorphine
Pharmacology,Which Fully humanized antibody is used in treatment of rheumatoid ahritis?,Anakira,Adalimumab,Infliximab,Leflunomide
Pharmacology,Which of the following drug is avoided in patients with diabetes and can be used for treatment of insulinoma?,Nicorandil,Minoxidil,Hydralazine,Diazoxide
Pharmacology,Which of the following drugs can be used for the treatment of chloroquine resistant malaria in children,Chloroquine,Doxycycline,Tetracycline,Clindamycin
Pharmacology,All of these are used in the treatment of visceral leishmaniasis except:,Sitamaquine,Paromomycin,Miltefosine,Hydroxychloroquine
Pharmacology,A female on treatment for depression took a massive dose of amitriptyline for suicide. Which of the following statement regarding her management is WRONG ?,Gastric lavage should be done,Sodium bicarbonate should be administered to treat acidosis,Atropine sulphate should be administered as an antidote,Diazepam should be injected to control seizures.
Pharmacology,"A 4 year old male is brought to the emergency room with a recent onset of a rash, uicaria, and a fever of 101 degrees F. The mother also states that her son has been complaining that his ""bones hu."" Physical examination reveals mild lymphadenopathy. The patient's past medical history is unremarkable except that he just finished a 10-day course of cefaclor suspension for treatment of an upper respiratory infection. The patient should be treated with ?",Aspirin and diphenhydramine,Erythromycin and diphenhydramine,Intravenous penicillin and diphenhydramine,Oral prednisone and diphenhydramine:
Pharmacology,"This drug has activity against many strains of P. aeruginosa. However, when it is used alone, resistance has emerged during the course of treatment. The drug should not be used in penicillin-allergic patients. Its activity against gram-negative rods is enhanced if it is given in combination with tazobactam. Which of the following drugs is being described?",Amoxicillin,Aztreonam,Piperacillin,Vancomycin
Physiology,"In recommending treatment for your carcinoid patient, you will consider all of the following except",Cyproheptadine,Ketanserin,Methysergide,Sumatriptan
Physiology,A 37 year old male patient was diagnosed with sarcoidosis of lung and was kept on glucocoicoid therapy. The treatment may result in the bone loss because glucocoicoids causes which of the following?,Increases calcium absorption from the gastrointestinal tract,Increased osteoblast growth,Inhibit bone formation,Inhibit bone resorption
Physiology,"A 45-year old woman is admitted to the hospital following a head injury. She has severe polyuria (producing 1 L of urine every 2 hours) and polydipsia (drinking 3 to 4 glasses of water every hour).During a 24-hour period in the hospital, the woman produces 10 L of urine, containing no glucose. She is placed on overnight water restriction for fuher evaluation. The following morning, she is weak and confused. Her serum osmolarity is 330mOsm/L, her serum is 164 mEg/L, and her urine osmolarity is 70 mOsm/L. She is treated with dDAVP by nasal spray. Within 24 hours of initiating the treatment, her serum osmolarity is 295mOsm/L and her urine osmolarity is 620mOsm/L.",Diabetes Mellitus Type I,Diabetes Mellitus Type II,Central Diabetes Insipidus,Juvenile Diabetes Insipidus
Physiology,A man with diabetes insipidus has a glomerular filtration of 155 L/day. Which range most likely represents the upper limit for urine flow rate in this individual if he were not receiving treatment but had free access to water?,1 to 3 L/day,5 to 10 L/day,15 to 20 L/day,30 to 35 L/day
Psychiatry,"A patient comes in stupor condition patient's parents give history of being continually sad and suicidal attempts, not eating and sleeping most of the time. The treatment is -",ECT,Antidepressant,Antipsychotic,Sedatives
Psychiatry,A female treatment for depression took a massive dose of amitriptyline for suicide. Which of the following is wrong regarding management for her,Gastric lavage was done,Sodium bicarbonate was administered to treat acidosis,Atropine sulphate was administered as an antidote,Diazepam was injected to control seizures.
Psychiatry,Moral treatment of mentally ill patient was first stressed by,Pinel,Morel,Kraeplin,Kraeplin
Psychiatry,Moral treatment of mentally ill-patient was first stressed by:,Pinel,Morel,Kraepelin,Sigmund freud
Psychiatry,"A 40-year-old woman who is a known case of anxiety disorder and has prominent symptoms of frontal headache is being treated with a procedure in which the tension in the frontalis muscle is measured regularly. The readings are projected on to a computer screen, which patient can see. She is then taught to use mental techniques to decrease tension in this muscle. Which of the following treatment techniques does this example illustrate?",Implosion,Biofeedback,Aversive conditioning,Flooding
Psychiatry,A woman comes to the psychiatrist with history of spending a lot of time in washing her hands. She is distressed about it but says that she cannot stop the practice and spends a lot of time on it. This has staed affecting her social life as well. What is the best mode of treatment for her?,Cognitive behavioral therapy,Exposure and response prevention,Systematic desensitization,Pharmacological agents
Psychiatry,"A 19-year-old man working as a driver comes to Psychiatrist with excessive anxiety and fear. He repos that every time he drives over a bump in the road, he is convinced that he has accidentally run over a small child. He has to pull over and check underneath his car for blood and retrace his driving route to look for any injured children. As a result, he is always late for work.He also has intrusive thoughts about stabbing his coworkers.He prays to try to erase these thoughts from his mind, but this rarely helps. First-line pharmacological treatment of this patient's condition primarily affects which of the following neurotransmitters?",Acetylcholine,Dopamine,Norepinephrine,Serotonin
Psychiatry,"A fifty year old male feels uncomfortable in using the lift, being in crowded places and traveling. The most appropriate line of treatment is -",Counselling,Relaxation therapy,Exposure and response prevention,Covert sensitization
Psychiatry,"A 23-year-old girl comes for evaluation in psychiatry outpatient. The patient repos that she has been facing increasing anxiety since she got promoted. Earlier her office was on 1st floor and now she had to shift to 10th floor. She repoed that she has always been uncomfoable of heights and had avoided many jobs in past as they were in high rise buildings. She also lives at ground floor. Since, she got promoted, she has been using alprazolam to keep herself calm, but she wants a proper solution to her problem. Which is the most appropriate treatment for her condition?",Shift her to long acting benzodiazepines such as clonazepam,Sta her on a SSRI like escitalopram,Sta her on exposure based therapy,Counselling sessions
Psychiatry,"A 20-year-old female presented with complaints of nausea, vomiting and pain in the legs. Her physical examination and lab investigations are normal. Still she persistently request for investigations and treatment despite repeated assurance by her doctor. What would be the most probable diagnosis:September 2012",Generalized anxiety disorder,Conversion disorder,Somatiform pain disorder,Somatisation disorder
Psychiatry,"A patient is brought to the casualty in the state of altered sensorium. He was on lithium treatment for affective disorder and has suffered through an attack of epileptic fits. On examination he has worsening tremors, increased DTR's and incontinence of urine. He has also undergone an episode of severe gastroenteritis 2 days ago. The probable cause for his present state is:",Lithium toxicity,Dehydration,Manic episode,Depressive stupor
Psychiatry,A 11 year-old boy is brought to the physician with complaint that he gets up at night and while sleeping walks around the house for a few minutes before returning to bed. When parents try to wake him up he is confused and disoriented. Which of the following is the most appropriate treatment for him?,Tell the parents to maintain a safe environment and monitor the patient's symptoms,Sta the patient on a low dose of benzodiazepines at night,Sta the patient on a low dose of a tricyclic antidepressant,Tell the parents that the child would benefit from cognitive psychotherapy
Psychiatry,Moral treatment of the mentally ill patient was first stressed by -,Pinel,Morel,Kraeplin,Sigmund freud
Psychiatry,A patient comes in stuporous condition. Patient's parents give history of patient being continually sad and suicidal attempts and not eating and sleeping for most of the time. The treatment is:,ECT,Antidepressant,Antipsychotic,Sedative
Psychiatry,True about lithium treatment in mania -a) Commonest neurological side effect is tremorb) Toxic level is <1.5 mg/dl serum levelc) Amiloride is DOC for Li induced diabetes insipidusd) Lithium is 90% protein bounde) Tremor is treated with propranolol,acd,bde,cde,ace
Psychiatry,A 46-year-old man presented to the casualty with acute onset of seeing lizards all all around him in the room. He has been violent towards members of his brother who tried to bring him to hospital. On history he has a longstanding history of drinking alcohol and using cannabis for 7 years. He had missed his drinks for the last 3 days. On examination his blood pressure is high and he has global confusion. Which of the following can be used in the immediate treatment of the condition?,Diazepam,Chlordiazepozide,Morphine,Carbamazepine
Psychiatry,Seman's squeeze technique is used in treatment of:-,Erectile dysfunction,Premature ejaculation,Retrograde ejaculation,Antegrade ejaculation
Radiology,"A female undergoing treatment for infeility with IVF was given Inj. HCG, present with history of vomiting, nausea, and headache. The USG is shown as below, what is the diagnosis?",Ovarian Hyperstimulation Syndrome,PCOS,Theca leutin Cysts,Granulosa cell Tumor
Radiology,"A 24-year-old male law student presents with a 3-wk history of increasing dyspnea. He has a history of chronic sputum production of about 100 cc of purulent material each day for many years. In the past, he was hospitalized for a left pneumothorax. He is on inhaled bronchodilator as an outpatient. CXR is shown below.The most helpful treatment option would be",Increase bronchodilator therapy,Sta broad-spectrum antibiotic therapy,Initiate anti-pseudomonas antibiotic regimen,Sta oral steroids
Radiology,"A 70 years old female is on treatment with Alendronate for 7 years for osteoporosis. Now she complains of pain in right thigh. What is the next investigation to be performed? (AIIMS Nov 20/3, May 2013)",DEXA scan,X-ray,Serum vitamin D levels,Serum alkaline phosphate levels
Radiology,Which of the following radioisotopes is commonly used as a source for external beam radiotherapy in the treatment of cancer patients –,Strontium–89,Radium–226,Cobalt–59,Cobalt–60
Radiology,Surrogate markers for patients physical reserve to plan oncological treatment are all Except,Karnofsky performance status,ECOG performance score,Child pugh score,MSKCC neutropenia risk score
Radiology,"A young man with pulmonary tuberculosis presents with massive recurrent hemoptysis. For angiographic treatment, which vascular structure should be evaluated first –",Pulmonary artery,Bronchial artery,Pulmonary vein,Superior vena cava
Radiology,"A 10yr old boy with a known case of nephrotic syndrome since 4 years on treatment brought to the pediatric OPD with chief complaint of difficulty in breathing. There is no history of fever. On examination, respiratory system was normal except slightly reduced breath sounds on right infra-axillary region. Paediatrician thinks of pleural effusion. What is next best modality of investigation to detect pleural effusion?",Erect Chest X-RAY PA view,Lateral view Chest X-RAY,Lateral decubitus view,USG
Radiology,A young man with TB presents with massive recurrent hemoptysis. For angiographic treatment which vascular structure should be evaluated first?,Pulmonary aery,Bronchial aery,Pulmonary Vein,Superior vena cava
Radiology,"A young man with pulmonary tuberculosis presents with massive recurrent hemoptysis. For angiographic treatment, which vascular structure should be evaluated first:",Pulmonary aery,Bronchial aery,Pulmonary vein,Superior vena cava
Radiology,A patient with abdominal pain diarrhea and weight loss. He gives a history of taking treatment for pulmonary TB. What does the barium film of the patient show?,Saw tooth,Intestinal perforation,Pulled up cecum,Diverticulum formation
Radiology,"A 54-year-old male nonsmoker is seen with complaints of a flulike illness. Initial symptomatic treatment is provided. Two days later, he returns, as he is still not feeling well. His primary physician prescribes a macrolide along with the symptomatic treatment. After 5 days of this treatment, the patient says he is running a fever and has increasing fatigue, weakness, and cough. He also complains of pain in the right wrist with some difficulty in motion. He has left groin pain and is unable to walk more than a few steps. On physical exam, vital signs are: pulse 110 bpm; temperature 102degF; respirations 24/min; blood pressure 10/68 mm Hg. He looks weak and says he has lost about 8 lb in the last 10 days. Peinent findings: lung exam reveals area of egophony, and E to A changes in the left anterior and posterior lung field. The patient has swelling with some areas of skin sloughing in the right wrist and tenderness with limitation of movement in the left groin area. Laboratory data: Hb 11 g/dL; Hct 33%; WBCs 16.0/uL; differential 90% segmented neutrophils; BUN 42 mg/dL; creatinine 1.1 mg/dL; sodium 142 mEq/L; potassium 3.4 mEq/L. ABGs on room air: pH 7.45, PCO2 34 mm Hg; PO2 65 mm Hg. CXR is shown.Associated findings may include all of the following except?",Septic ahritis,Endocarditis,Brain abscess,Reye syndrome
Radiology,A 70 years old female is on treatment with Alendronate for 7 years for osteoporosis. Now she complains of pain in right thigh. What is the next investigation to be performed?,DEXA scan,X-ray,Serum vitamin D levels,Serum alkaline phosphate levels
Skin,A patient has syphilis since 2 year. CSF examination was done & treatment staed. Which of the following test is most useful in monitoring treatment,TPI,VDRL,FTA,Dark ground microscopy
Skin,"A 24-year old male had multiple, small hypopigmented macules on the upper chest and hack for last three months. The macules were circular, arranged around follicles and many had coalesced to form large sheets. The surface of the macules showed fine scaling. He had similar lesions one year ago which subsided with treatment. The most appropriate investigation to confirm the diagnosis",KOH preparation,Slit skin smear,Tzanck test,Skin biopsy
Skin,"A caretaker in a nursing home presents with pruritus of her trunk and extremities. On physical examination, she has several erythematous papules in her finger webs, axillae, umbilicus, and groin areas. Her scalp is clear. Which of the following is the best treatment for this woman?",Clindamycin solution,Oral erythromycin,Permethrin cream,Topical steroids
Skin,"An 8-month old child presented with itchy, exudative lesions on the face, palms and soles. The siblings also have similar complaints. The treatment of choice is such a patient is:",Systemic ampicillin,Topical betamethasone,Systemic prednisolone,Topical permethrin
Skin,An eleven year old boy is having Tinea capitis on his scalp. Which of the following is the most appropriate line of treatment of this condition?,Shaving of the scalp,Oral griseofulvin therapy,Topical griseofulvin therapy,Selenium sulphide shampoo
Skin,"An 8-month old child presented with itchy, exudative lesions on the face, palms and soles. The siblings also have similar complaints. Which of the following is the treatment of choice?",Systemic ampicillin,Topical permethrin,Systemic prednisolone,Topical betamethasone
Skin,A 9 year-old has multiple itchy erythematous wheals all over the body for 2 days. There is no respiratory difficulty. Which is the best treatment?,Antihelminthics,Systemic coicosteroids,Antihistamines,Adrenaline
Skin,"A 24-year old unmarried woman has multiple nodular, cystic, pustular and comadonic lesions on face, upper back and shoulders for 2 years. The drug of choice for her treatment would be:",Acitretin,Doxycycline,Isotretinoin,Azithromycin
Skin,"A 24 year old man had multiple, small hypopigmented macules on the upper chest and back for the last three months. The macules were circular, arranged around follicles and many had coalesced to form large sheets. The surface of the macules showed fine scaling. He had similar lesions one year ago which subsided with treatment. The most appropriate investigation to confirm the diagnosis is;",Potassium hydroxide preparation of scales,Slit skin smear from discrete macules,Tzanck test,Skin biopsy of coalesced macules
Skin,"A 55-year-old male, with uncontrolled diabetes mellitus and hypeension, developed severe air-borne contact dermatitis. The most appropriate drug for his treatment would be:",Systemic coicosteroids,Thalidomide,Azathioprine,Cyclosporine
Skin,"A patient with psoriasis was staed on systemic steroids. After stopping treatment patient developed generalized pustules all over his body, the most likely cause is:",Drug induced reactions,Pustular Psoriasis,Bacterial infection,Septicemia
Skin,A 24 year old man presents with multiple small hypopigmented patches around hair follicles on upper chest and back. These macules were with fine scaling which coalesced later. He had received treatment 1 year back for the same type of lesion. Which of the following investigation should be done to diagnose this condition?,KOH preparation of scales,Tzanck test,Slit Skin Smear,Skin biopsy of coalesced lesion
Skin,"A patient with psoriasis was staed on systemic steroids. After stopping treatment, the patient developed generalized pustules all over the body. The cause is most likely to be:",Drug induced reaction,Pustular psoriasis,Bacterial infections,Septicemia
Skin,The following lesion appears on the cheek of a patient of ulcerative colitis. It subsided with potassium iodide treatment. What is the diagnosis?,Erythema nodosum,Erythema marginatum,Pyoderma gangrenosum,Sweet syndrome
Skin,"A 24-year old male had multiple, small hypopigmented macules on the upper chest and back for last three months. The macules were circular, arranged around follicles and many had coalesced to form large sheets. The surface of the macules showed fine scaling. He had similar lesions one year ago which subsided with treatment. The most appropriate investigation to confirm the diagnosis:",KOH preparation,Slit skin smear,Tzanck test,Skin biopsy
Social & Preventive Medicine,The duration of treatment with rifampicin by which a leprosy patient becomes non-infective is:,1 week,2 weeks,3 weeks,4 weeks
Social & Preventive Medicine,A HIV infected patient develops multibacillary leprosy. What is the recommended treatment?,No anti leprosy drug should be given,"Rifampicin, dapsone and clofazimine",Rifampicin and dapsone,Rifampicin only
Social & Preventive Medicine,"Under the DOTS strategy of Revised National Tuberculosis Programme, the recommended line of management is category I patients, if the sputum is positive after 2 months of intensive phase treatment with 4 drugs, is to -",Sta the continuation phase of treatment with INH and rifampicin,"Continue the intensive phase of treatment with 4 drugs for 1 more month only, regardless of sputum positivity after that",Continue the intensive phase of treatment with 4 drugs until the sputum becomes negative,"Add one more drug, that is, to use 5 drugs until the sputum becomes negative"
Social & Preventive Medicine,"A cardiologist waewnts to study the effect of an atrovastatin drug. He notes down the initial cholesterol levels of 50 patients and then administers the drug on them. After a month’s treatment, he measures the cholesterol level again. Which of the following is the most appropriate to test the statistical significance of the change in blood cholesterol?",Paired t-test,Unpaired or independent t-test,Analysis of variance,Chi-square test
Social & Preventive Medicine,"In a study with new treatment, there were reported 36 death/treatment failures out of sample of 120.With a new treatment, 26 treatment failure were reported from a sample size of 130. How many patients should be treated to avert 1 death?",100,10,250,160
Social & Preventive Medicine,In multibacillary leprosy the follow up examination after adequate treatment should'be done yearly for -,3 years,2 years,5 years,10 years
Social & Preventive Medicine,"If a new sputum smear positive patient of tuberculosis continues to be smear positive at the end of intensive phase of category I treatment under DOTS, fuher management of this patient would be to -",Sta category I treatment again,Treat. him as failure and sta category II treatmenet under DOTS,Continue the intensive phase or treatment for one more month,Sta continuation phase under category I
Social & Preventive Medicine,"In a clinical trial, blood pressure was measured between in a group of patients before and after treatment, which of the following test will be suitable as at test of significance?",Paired t-test,Mann Whitney U test,Student test,ANOVA
Social & Preventive Medicine,"A cardiologist wants to study the effect of an atorvastatin drug. He notes down the initial cholesterol levels of 50 patients and then administers the drug on them. After a month&;s treatment, he measures the cholesterol level again. Which of the following is the most appropriate to test the statistical significance of the change in blood cholesterol.",Paired t-test,Unpaired or independent t-test,Analysis of variance,Chi-square test
Social & Preventive Medicine,"You are the DOTS provider for a patient. He has completed his 6 months of treatment. He was sputum +ve to begin with, but after the intensive phase of treatment he became sputum -ve. He was again confirmed to be sputum negative 2 months after staing the continuation phase. This patient can be termed as:",Cured,Treatment completed,Transfer out,Defaulted
Social & Preventive Medicine,"An adult male patient presented in the OPD with complaints fo cough and fever for 3 months and haemoptysis off and on, His sputum was positive for AFB. On probing it was found that he had already received treatment with RHZE for 3 weeks form a nearby hospital and discotinued. How will you categorize and manage the patient -","Categry III, sta 2 (RHZ)3","Categry II, sta 2 (RHZ)3","Categry I, sta 2 (RHZ)3","Categry II, sta 2 (RHZ)3"
Social & Preventive Medicine,A 25-year-old female has been diagnosed to be suffering from tuberculosis categorized as category I (sputum +ve) case of relapse. The new treatment regimen recommended under DOTS is,2(HRZE)3 + 5(HR)3,2(HRSZE)3 + 1(HRZE)3  + 5(HRE)3,3(HRZE)3 + 2(HRE)3 + 4(HR)3,3(HRSZE)3 + 1(HRZE)3 + 6(HRE)3
Social & Preventive Medicine,"In a case of Paucibacillary leprosy, treatment is considered adequate if the patient has received the six monthly doses of combined therapy within:-",6 months,9 months,12 months,15 months
Social & Preventive Medicine,"In TRIAGE system for disaster management, which of the following color code denotes ""high priority treatment and/or transfer""?",Red,Blue,Black,Yellow
Social & Preventive Medicine,"Under the revised National Tuberculosis Control Programme, schedule of treatment for category I patients is -",2 (HRZE)3 + 4(HR)3,2 HRZE+ 4 HRE,2(HRZES)3 + 1(HRZE)3 + 5(HRE)3,2(HRZ)3 + 4 (HR)3
Surgery,Which of the following is the treatment of choice in the management of carcinoma of the anal canal?,Primary radiotherapy,Abdominoperineal resection,Combined radio-and chemotherapy,Neoadjuvant chemotherapy and local excision
Surgery,Duodenal ulcer with bleeding managed conservatively. Which treatment will he successful of the following?,PPI + Bismuth + Tetracycline + Metrogyl,PPI + Amoxycillin + Clarithromycin,PPI + Clarithromycin + Bismuth,PPI + Metrogyl
Surgery,Initial treatment in the management of trauma is,Airway maintenance,IV Fluids,Fracture stabilization,Do not shift
Surgery,Which of the following is the treatment of choice in a patient with a 10-mm calculus in the right lower ureter associated with proximal hydroureteronephrosis?,Open ureterolithotomy,Ureteroscopic retrieval,Antegrade percutaneous access,Extracorporeal Shockwave lithotripsy
Surgery,All agents have been used in drug regimens for the treatment of breast carcinoma. Which one has specific activity in a subset of female breast cancers?,Anastrozole,Doxorubicin,Fluoxymesterone,Trastuzumab
Surgery,An AIDS patient presents with fistula - in- ano. His CD4 count is below 50. What is the treatment of choice -,Seton,Fistulectomy,None,Both
Surgery,A patient presented with a 1X1.5 cms growth on the lateral border of the tongue. The treatment indicated would be:-,Laser ablation,Interstitial brachytherapy,External beam radiotherapy,Chemotherapy
Surgery,A 58 year old male presents with hematuria. He s diagnosed of having bladder cancer which extends muscle deep. The best treatment is -,Intravesical Chemotherapy,Neoadjuvant chemotherapy followed by radical cystectomy,Radiotherapy,Tranurethral resection
Surgery,"During the treatment of septic shock, a 28-year-old male remains hypotensive despite adequate volume replacement; PA occlusion pressure is 18 mm Hg. When dopamine is staed , ventricular tachycardia develops and this is unresponsive to lidocaine. The V-tach conves back to sinus rhythm once the dopamine is stopped. At this point, which of the following treatments are most appropriate for this hypotensive patient?",Amrinone,Dobutamine,Epinephrine,Phenylephrine
Surgery,"Parents bring their infant to the clinic, seeking treatment for vomiting and diarrhoea that has lasted for 2 days. On assessment, the nurse in charge detects dry mucous membranes and lethargy. What other findings suggest a fluid volume deficit?",A sunken fontanel,Decreased pulse rate,Increased blood pressure,Low urine specific gravity
Surgery,"40 years old female with a 2 cms nodule in the breast & a proved metastatic node in the axilla, treatment is?",Quadrantectomy,Mastectomy with local radiotherapy,Patey's with adjuvant chemotherapy,Halstedt's operation with tamoxifenFibroadenosis
Surgery,"A 50-year old male, working as a hotel cook, has four dependent family members. He has been diagnosed with an early stage squamous cell cancer of anal canal. He has more than 60% chances of cure. The best treatment option is -",Abdomino-perineal resection,Combined surgery and radiotherapy,Combined chemotherapy and radiotherapy,Chemotherapy alone
Surgery,Which one of the following is the treatment of choice in a child with inguinal hernia,Bassini's repair,Shouldice repair,Herniotomy alone,Lichtenstein reapir
Surgery,Which one of the following is the treatment of choice for a 4cm retroperitoneal lymph node mass in a patient with non seminomatous germ cell tumor of the testis ?,Radical radiotherapy alone,High Orchidectomy + RPLND,RPLND alone,High Orchidectomy alone
Surgery,"A 66 year old diabetic lady complains of pain in the palm of her right hand at the base of her ring finger, which is held in flexion. Extension is painful, produces an audible click, and often requires the assistance of the other hand. What is the first line treatment of the condition?",Splinting for 6 weeks,Surgery under local anaesthesia,Coicosteroid Injection,Oral NSAIDs
Surgery,The recommended treatment for preputial adhesions producing ballooning of prepuce during micturition in a 2-year-old boy is -,Wait and watch policy,Circumcision,Dorsal slit,Preputial adhesions release and dilatation
Surgery,A five year old child presents with ballooning of prepuce after micturation. Examination of penis reveals prepucial adhesions which the following the best treatment,Adhesiolysis & dilatation,Circumcision,Dorsal slit,Conservative management
Surgery,Risk of malignancy in ulcerative colitis is more in -a) Onset in childhoodb) Extensive involvement of colonc) Disrupted architecture with crypt abscessesd) Pseudopolypse) Recurrence after treatment,ac,a,ad,ab
Surgery,"A 25-year-old lady reports to you with a diffuse, non progressive and a non tender swelling of the right maxilla, approximately 2 x 1.5 cm, extending from the canine to the first molar region. The x-ray shows a ground glass appearance of the bone in the concerned area. The surgical treatment will be",Total excision of the lesion,Curettage of the area with extraction of the involved teeth,Surgical cosmetic recontouring only,Surgical excision followed by radiotherapy
Unknown,A 85-year-old male patient has been suffering from progressive memory loss over the last two years. She also needs help with her daily activities. MRI revealed diffuse coical and hippocampal atrophy in this patient. HPE in such conditions demonstrates the following findings. Which of the following drug used in the treatment of the above condition does not act by increasing acetyl choline levels in nucleus basalis of meyne?,Rivastigmine,Donepezil,Memantine,Tacrine
Unknown,Fully humanized antibody that is used in the treatment of rheumatoid arthritis is–,Etanercept,Anakinra,Infliximab,Adalimumab
Unknown,"A 80-year-old male patient recently diagnosed with non-Hodgkin's lymphoma was staed on treatment with R- CHOP chemotherapy regimen. After few days, the patient comes to the clinic with complaints of tingling in his hands and feet. Neurological examination shows symmetric ""stocking and glove"" type distal neuropathy. If the patient's symptoms are believed to be due to chemotherapy regimen, the drug responsible for these symptoms causes cell cycle arrest during which of the following stages?",G1-S transition,S phase,G2-M transition,M phase
Unknown,An 18 year old girl presents with predominantly comedonal acne. First line of treatment will be -,Topical retinoids,Systemic retinoids,Systemic antibiotics,Topical steroids
Unknown,"A 16-month-old boy is brought in by his parents with fever, irritability and lethargy. On examination, the neck is stiff. He hasn't received any vaccinations. CSF gram stain done and antibiotics were staed immediately. The organism seen in the above gram stain grows on chocolate agar but not blood agar. No one else in the family is ill. All of the following are true about the treatment of the above disease in this patient except: -",Glucocoicoids have no role in the treatment of the above disease.,1st line therapy consists of ceftriaxone or cefotaxime.,Duration of therapy to be given is 1-2 weeks.,Fluoroquinolones can be given.
Unknown,"A 58-year-old man with cirrhosis complains of worsening fatigue and confusion over the past 5 days. He also reports that over the past 48 hours he has had a declining urinary output. On examination, he is gaunt and jaundiced. He has tense ascites and a liver span of 7 cm in the midclavicular line. Lab result reveal a WBC 4600/mm3, Hb 9.4 g/dL, and PCB 29%. BUN of 34 mg/dL and a creatinine of 3.1 mg/dL. A urinary Na <10 mEq/L. Most appropriate treatment for his elevated BUN and creatinine?",Large volume paracentesis,Hemodialysis,Mesocaval shunt,Liver transplantation
Unknown,"A 30-year-old construction worker presented with exeional pain in his B/L forearms and hands. There is history of chronic cigarette smoking. O/E, Faint radial and ulnar pulses Easily palpable brachial pulse Angiography of the hand was done. Which of the following is the best treatment of the above condition: -",Enoxaparin,Prednisolone,Warfarin,Smoking cessation
Unknown,A woman presents to the Gynecology outpatient department with a history suggestive of stress incontinence. Which of the following is the treatment of choice for genuine stress incontinence -,Burch Colposuspension,Kelly's Procedure,Sling Suspension Procedure,Tension Free Vaginal Taping
Unknown,"A 40-year-old G3P3 complains of urge hesitancy. Further some- times she gets the urge to void, but passes urine before reaching washroom. She had three normal spontaneous vaginal deliveries of infants weighing between 3.5 and 3.8 kg. Urine examination is normal. All of the following are appropriate treatments in the management of this patient except?",Kegel exercises,Bladder training,Biofeedback,Antidepressants
Unknown,A 6-year-old child with recurrent URTI with mouth breathing and failure to grow with the high arched palate and impaired hearing.treatment of choice is -,Tonsillectomy,Grommet insertion,Myringotomy with grommet insertion,Adenoidectomy with grommet insertion
Unknown,"A 9-month-old child presented to the ER with characteristic ""barking"" cough and hoarseness of voice. She had a history of rhinorrhoea, pharyngitis, mild cough, and low-grade fever for 1-3 days. Symptom worsened at night. O/E: - Normal to moderately inflamed pharynx Increased respiratory rate Nasal flaring Suprasternal, infrasternal, and intercostal retractions Continuous inspiratory stridor X-RAY NECK All of the following statements are true about the treatment of the above condition except: -",Nebulized racemic epinephrine is an accepted treatment for moderate or severe croup.,"Patients can be safely discharged home after a 2-3 hr period of observation provided, they have no stridor at rest; have normal air entry, normal pulse oximetry, and normal level of consciousness; and have received steroids.",Coicosteroids decrease the edema in the laryngeal mucosa through their anti-inflammatory action.,Oral steroids are not beneficial in mild croup
Unknown,"A 65-year-old patient presented to the medicine OPD with weakness and fatigue for 6 months along with some mild abdominal discomfo. On examination, moderate splenomegaly was noted. Lab findings Severe normocytic normochromic anemia Neutropenia with monocytopenia Thrombocytopenia. Bone marrow aspiration was done to look for the cause of decreased cell counts but the tap came 'dry'. So, a bone marrow biopsy was performed. Flow cytometry study revealed that the cells were positive for CD11c, CD103, CD123 and CD25 and were also TRAP positive. BM Biopsy All of the following drugs can be given in the treatment of the above condition except : -",Cladribine,Vemurafenib,5-fluorouracil,Deoxycoformycin
Unknown,A30-year woman 2+0. hypertension have menorrhagia. Which of the follow ing is the best treatment for her?,Combined pills,MIRENA,Hysterectomy,Transcervical resection of endometrium
Unknown,"A female, Lalita, aged 26 yrs accidentally takes 100 tablets of paracetamol. What is the treatment of choice -",Lavage with charcoal,Dialysis,Alkaline diuresis,Acetylcysteine
Unknown,"A six-year-old child is admitted to the Paediatric ICU for seizures. He has been on treatment with Tacrolimus and Prednisolone. On investigations, his blood urea is 68 mg.dk Serum Sodium is 136 meq/l likely cause of his seizures -",Uremia,Hyponatremia,Hypocalcemia,Tacrolimus Toxicity
Unknown,"A 35 year old male with history of multiple sex partners, comes up with urethral discharge. Best treatment option is -",Cefixime+ azithromycin,Ceftriaxone + quinolone,Erythromycin,Ceftriaxone + doxycycline
