,question
437,"Ramachandran is on the surgical ward with non-seminomatous tumor of testis and more than 4 retroperitoneal lymph nodes involved. You are the resident who is making a decision about fuher management. The treatment include all of the following, except:"
590,"A 9-year-old boy diagnosed as uncomplicated pulmonary tuberculosis. He is put on isoniazid, rifampin, and ethambutol at home after initial treatment given at hospital. Which is accurate statement for this scenario?"
615,"A 28 year old labourer, 3 yrs back presented with penile ulcer which was not treated. Later he presented with neurological symptoms for which he got treated. Which is the test to monitor response to treatment?"
691,A patient present with lower gastrointestinal bleed. Sigmoidoscopy shows ulcers inthe sigmoid. Biopsy from this area shows flask-shaped ulcers. Which of the following is the most appropriate treatment -
708,"A 70 - year- old man was administered penicilline intravenously. Within 5 minutes, he developed genralised urticaria, swelling of lips, hypotension and bronchospasm. The first choice of treatment is to administer:"
849,"A female, Lalita, aged 26 yrs accidentally takes 100 tablets of paracetamol. What is the treatment of choice -"
953,"A child has mid-crown fracture in a permanent
maxillary central incisor several months ago, the pulp is now necrotic, radiographic examination reveals an incompletely formed root with an open apex. The treatment of choice is:"
1053,"A 4-month-old infant has undergone surgical treatment for meningomyeloencephalocele. At bih, an operation was carried out in the posterior cranial fossa to paially replace brain cerebellar contents to an intracranial position. In investigations for progressive hydrocephalus, it is noted that there is herniation of the cerebellar tonsils through the foramen magnum, and a diagnosis of Arnold-Chiari syndrome is established. This syndrome may also include which of the following?"
1261,"A child with vesicoureteric reflex of grade 2 comes to OPD. What is the
preferred treatment method"
1335,An eleven year old boy is having tinea capitis on his scalp. The most appropriate line of treatment is –
1556,A 7-year-old boy has severe microcytic anemia due to beta-thalassemia major (homozygous). He requires frequent blood transfusions (once every 6 weeks) to prevent the skeletal and developmental complications of thalassemia. Which of the following medications is also indicated in the treatment of patients requiring frequent blood transfusions?
1628,"A 41-year-old male patient presented with recurrent episodes of bloody diarrhoea for 5 years. Despite regular treatment with adequate doses of sulfasalazine, he has had several exacerbations of his disease and required several weeks of steroids for the control for flares. What should be the next line of treatment for him?"
1711,"A 7-year-old boy, Manoj underwent successful chemotherapy and cranial radiation for the treatment of acute lymphocytic leukemia. One month after the completion of therapy, the patient presented with excessive thirst and urination plus hypernatremia. Laboratory testing revealed pituitary diabetes insipidus. To corect these problems, this patient is likely to be treated with:"
2026,A 40 year old presenting with dizziness on standing with systolic reduction of BP of 50mm Hg; appropriate treatment
2145,All of the following drugs are useful in the treatment of a patient with acute bronchial asthma except
2165,"A 6 year old female patient complains of pain due to a decayed lower right 2nd molar. During the treatment, patient becomes uncooperative and throws a tantrum. The dentist then asks the mother to step out of the operatory, after which the child begins to cooperate. The example demonstrated by the dentist falls under which type of conditioning, as described by Skinner?"
2582,A male patient 56 year old complains of swelling in legs. He is a known case of hypertension and is under treatment. On general physical examination pitting oedema is seen on legs and TSH level 3mU/L. Which of the following is not a cause of this condition?
2640,Which one of the following is the treatment of choice in a child with inguinal hernia
2650,A 60 year old male was diagnosed as carcinoma right lung. On CECT chest there was a tumor of 5 ✕ 5 cm in upper lobe and another 2 ✕ 2 cm size tumor nodule in middle lobe. The primary modality of treatment is -
2677,A 66-year-old man with obstructive jaundice is found on ERCP to have periampullary carcinoma. He is otherwise in excellent physical shape and there is no evidence of metastasis. What is the most appropriate treatment?
2933,"A 55 year old diabetic man is brought to the emergency room in an unresponsive state. The following laboratory values are obtained: PCO2 19 mm Hg, HCO3 11 mEq/L, and pH 6.9. The most appropriate immediate treatment of this patient is ?"
3214,The drug used for leishmaniasis treatment
3263,"A 54-year-old man is brought to the emergency after experiencing several syncopal episodes. The patient states that he is currently taking erythromycin for treatment of bronchitis and another medication for treatment of gastroesophageal reflux disease (GERD). If an electrocardiogram reveals torsades de pointes, the patient is most likely taking which of the following medications for treatment of his reflux disease?"
3571,"A patient aged 63 years, is diagnosed to have severe aplastic anemia. HLA compatible sibling is available. The best option of treatment is :"
3585,"Accidental from a needle stick, an unknown quantity of blood from an AIDS patient is injected into a nurse, lab reports of the patient show CD4 count 20/microL and a viral RNA load of more than 10^7copies/ml. What action should be taken regarding the treatment of the nurse"
3603,In a patient with compensated liver cirrhosis presented with history of variceal bleed. The treatment of choice in this patient is -
3661,A 40-year-old patient is suffering from carotid body tumor. Which of the following is the best treatment for him?
3665,"A 28 year old woman, suffers from emotional liability and depression, about 10 days prior to her menses. She repos that once she begins to bleed, she feels back to normal. She also gives a history of premenstrual fatigue, bloating and breast tenderness. What would be the best treatment for the patient?"
3784,"In multibacillary leprosy, the follow-up examination after adequate treatment should be done yearly for –"
3828,40-year-old male presents with fever and abdominal pain and diagnosed with HIV and TB. How will you give treatment?
4213,Which of the following congenital malformation is seen in a child of a mother who is on treatment with oral anticoagulants -
4512,A 40 year old patient is suffering from carotid body tumor. Which of the following is the best choice of treatment for him?
4838,"The ideal treatment for fracture of the angle of
mandible is"
5010,"This drug has activity against many strains of P. aeruginosa. However, when it is used alone, resistance has emerged during the course of treatment. The drug should not be used in penicillin-allergic patients. Its activity against gram-negative rods is enhanced if it is given in combination with tazobactam. Which of the following drugs is being described?"
5219,"A 40-year-old woman who is a known case of anxiety disorder and has prominent symptoms of frontal headache is being treated with a procedure in which the tension in the frontalis muscle is measured regularly. The readings are projected on to a computer screen, which patient can see. She is then taught to use mental techniques to decrease tension in this muscle. Which of the following treatment techniques does this example illustrate?"
5235,"A 40-year-old man without a significant medical history comes to the emergency room with a 3-day history of fever and shaking chills, and a 15-minute episode of rigor. He also reports a cough productive of yellow-green sputum, anorexia, and the development of right-sided pleuritic chest pain. Shortness of breath has been present for the past 12 hours. Chest x-ray reveals a consolidated right middle lobe infiltrate, and CBC shows an elevated neutrophil count with many band forms present. Which feature would most strongly support inpatient admission and IV antibiotic treatment for this patient?"
5296,A 40-year-old patient is suffering from carotid body tumor. Which of the following is the best choice of treatment for him?
5313,Which of the following is a treatment option for Volkmann's ischemia?
5377,A young permanent incisor with an open apex has a pinpoint exposure due to a traumatic injury that occurred 24 hours previously. The best treatment is
5396,"A 8.5-year-old child with missing 11 reported to your clinic. 21 erupted at 6.5 years of age. The child had trauma to 21, 4 months back and got it endodontically treated for that. What is your further treatment about missing teeth?"
5691,A 36-year-old female presents with heavy menstrual bleeding. She has one child of 7 years. USG shows a single 3x3 cm submucosal fibroid. Hemoglobin is 10.5 gm/dl. What is the best treatment option for her?
5959,A pregnant woman of >35 weeks gestation has SLE. All of the following drugs are used in treatment except:
6447,"A 56 year old diabetic man, Damu who regularly consumes nearly 120g alcohol per day, was referred by the PHC physician with history of fatigue, cough with putrid smelling sputum and fever. He has anemia, weight loss, pyorrhea and gingivitis. His chest X-Ray showed some findings which helped the doctor to diagnose his pathology. The true statement regarding treatment of this condition is:"
6493,A 15-year-old boy with epilepsy on treatment with a combination of valproate and phenytoin has good control of seizures. Levels of both drugs are in the therapeutic range. All of the following adverse effects can be attributed to valproate except -
6532,A patient was brought to emergency with complaints of high-grade fever and altered sensorium. He was diagnosed to be suffering from meningococcal meningitis. Which of the following is the most appropriate empirical treatment option?
6618,"A laboratory technician was accidentally exposed to a HIV serum positive sample, which of the following shall be the role of zidovudine in treatment of this patient ?"
6959,Preferred treatment in a 60years old patient with Maxillary carcinoma involving anterolateral pa of maxilla is
6993,"A 35-year-old man developed headache, nausea, vomiting, and sore throat 8 weeks after returning from a trip abroad. He eventually refused to drink water and had episodes of profuse salivation, difficulty in breathing, and hallucinations. Two days after the patient died of cardiac arrest, it was learned that he had been bitten by a dog while on his trip. Which of the following treatments, if given immediately after the dog bite, could have helped prevent this disease?"
7008,An eleven year old boy is having tinea capitis on his scalp. The most appropriate line of treatment is:
7107,A male 45 years old presents to the dental clinic with pain in lower back tooth region. Intraoral examination reveals carious 36. Root canal treatment done and metal ceramic crown has to be placed. Dentist makes an impression. All of the following are the properties of the material except:
7164,A 12 year old male patient complains of pain in  upper front teeth region and gives a history of fall while playing 30 minutes ago. Intra oral examination reveals intrusion of maxillary right central incisor by 2 mm. What is the most appropriate treatment for this patient?
7173,"Several weeks after surgical dissection of her left axilla for the removal of lymph nodes for staging and treatment of her breast cancer, a 32-year-old woman was told by her general physician that she had ""winging"" of her left scapula when she pushed against resistance during her physical examination. She told the physician that she had also experienced difficulty lately in raising her right arm above her head when she was combing her hair. In a subsequent consult visit with her surgeon, she was told that a nerve was accidentally injured during the diagnostic surgical procedure and that this produced her scapular abnormality and inability to raise her arm normally. What was the origin of this nerve?"
7320,A patient with multiple myeloma and serum ca2+15mg/dl ; the treatment -a) Oral pamidronateb) Less than 15mg/dl serum calcium dose not causes symptomsc) Mithramycind) Glucocorticoids
7524,A 3-year-old male child presents with multiple laryngeal papillomas with hoarse voice and slight airway distress. Papillomas are involving the glottis. The best treatment is:
7536,"A 50 year old male chronic smoker complaints of hoarseness of voice for the past 4 months. Microlaryngoscopic biopsy shows it to be keratosis of the larynx. All are suggested treatment modalities for this condition, EXCEPT:"
7971,An old man who is edentulous developed squamous cell carcinoma in buccal mucosa that has infiltrated to the alveolus. Following is not indicated in treatment
8501,"A 24-year-old male law student presents with a 3-wk history of increasing dyspnea. He has a history of chronic sputum production of about 100 cc of purulent material each day for many years. In the past, he was hospitalized for a left pneumothorax. He is on inhaled bronchodilator as an outpatient. CXR is shown below.The most helpful treatment option would be"
8635,A five year old child presents with ballooning of prepuce after micturation. Examination of penis reveals prepucial adhesions which the following the best treatment
8798,42 years old female presents diagnosed as iron deficiency anemia was staed on oral iron therapy and her Hb condition during review was 8 g%. The cause for failure of treatment is
8968,A 10-year-old boy developed hoarseness of voice following an attack of diphtheria. On examination his right vocal was paralysed. The treatment of choice for paralysed vocal cord will be:
9137,"A young man is with known heroin addiction is brought in the emergency in unconscious state. On examination, the patient has decreased bowel sounds, depressed respiration and pin point pupil. The treatment of choice for this patient is:"
9141,"A 26 year old lady has been on Olanzapine for the treatment of Schizophrenia. All of the following are the ATP III (Adult Treatment Panel) criteria for metabolic syndrome, except:"
9230,A female in the emergency depament is found to have CSF rhinorrhea following a motor vehicle accident. What is the first line of treatment for CSF rhinorrhoea in this patient?
9458,A boy has developed epistaxis. What is the treatment of choice
9586,Which Fully humanized antibody is used in treatment of rheumatoid ahritis?
9612,A 58 year old male presents with hematuria. He s diagnosed of having bladder cancer which extends muscle deep. The best treatment is
9706,In a 10-year-old child the lower canines are trying to erupt in 2mm insufficient space. The primary molars are large and firmly fixed. The 1st premolars are also erupting. The treatment of choice is:
10032,"A 25 year old married male presents with infeility. He had undergone retroperitoneal lymphnode disection at age of 15 years for embryonal carcinoma of right testis. Semen analysis shows-quantity-0.5 ml, no. sperm, no fructose. Biopsy of testis shows normal spermato genesis. Best treatment here would be ?"
10116,"Sholy after the administration of an inhalational anesthetic and succinylcholine for intubation prior to an elective inguinal hernia repair in a 10-year-old boy, he becomes markedly febrile, displays a tachycardia of 160, and his urine changes color to a dark red. Which of the following is the most appropriate treatment at this time?"
10139,"A pregnant lady at 32 weeks of gestation presents with a BP of 160/110 mmHg, proteinuria with retinal haemorrhage. What is the definitive treatment of choice in this patient?"
10181,"A 31 year old female patient complaints of bilateral impairment of hearing for the past 5 years. On examination, tympanic membrane is normal and audiogram shows a bilateral conductive deafness. Impedance audiometry shows normal curve and acoustic reflexes are absent. All of the following constitute pa of its treatment, EXCEPT:"
10187,"A 54-year-old male nonsmoker is seen with complaints of a flulike illness. Initial symptomatic treatment is provided. Two days later, he returns, as he is still not feeling well. His primary physician prescribes a macrolide along with the symptomatic treatment. After 5 days of this treatment, the patient says he is running a fever and has increasing fatigue, weakness, and cough. He also complains of pain in the right wrist with some difficulty in motion. He has left groin pain and is unable to walk more than a few steps. On physical exam, vital signs are: pulse 110 bpm; temperature 102degF; respirations 24/min; blood pressure 10/68 mm Hg. He looks weak and says he has lost about 8 lb in the last 10 days. Peinent findings: lung exam reveals area of egophony, and E to A changes in the left anterior and posterior lung field. The patient has swelling with some areas of skin sloughing in the right wrist and tenderness with limitation of movement in the left groin area. Laboratory data: Hb 11 g/dL; Hct 33%; WBCs 16.0/uL; differential 90% segmented neutrophils; BUN 42 mg/dL; creatinine 1.1 mg/dL; sodium 142 mEq/L; potassium 3.4 mEq/L. ABGs on room air: pH 7.45, PCO2 34 mm Hg; PO2 65 mm Hg. CXR is shown.Associated findings may include all of the following except?"
10214,"A person presents with fever and altered consciousness. Investigations reveal anemia with fragmented red blood cells, platelet count of 20,000/mm', serum creatinine of 3.0 mg % and normal PT and aPTT. Which of the following is the most appropriate treatment for the patient:"
10239,A patient came to casualty for acute bronchial asthma after treatment for glaucoma. The probable drug may be
10350,A 40 year old woman is on treatment for CLL. Over the past few months she noticed swellings in the neck and axilla which was rapidly increasing in size. She complains of feeling feverish and experiences weight loss. Which of the following is responsible?
10700,"A 65yr old male patient presents with history of early morning bloody diarrhoea, Change in bowel habits, Intermittent Obstruction.Sometimes he had a feeling of incomplete evacuation and Tenesmus. There is no positive family history for any carcinoma.What will be the treatment of choice in this case:"
10713,"A patient diagnosed with depression on treatment came to emergency with altered sensorium seizures, palpitations and ECG showing sinus tachycardia. How do you treat this patient?"
10720,"A 30 year old female presented with unilateral breast cancer associated with axillary lymph node enlargement. Modified radical mastectomy was done, fuher treatment plan will be:"
10804,"An 83-year-old man with Parkinson's disease presents with low-grade fever and cough for several weeks. Lately, he has been experiencing more rigidity and difficulty with his walking. He is on a levodopa/carbidopa combination for treatment for the past 5 years. On examination, his gait is shuffling and slow. He has a tremor in his left hand at rest, and there is cogwheel rigidity of the forearm. There are crackles in the left lower lung field. CXR reveals a lung abscess in the left lower lobe. Which of the following is the most likely bacteriologic diagnosis for the lung abscess?"
11075,"An 82-year-old hospitalized patient with creatinine clearance of 25 mL/min has a microbial infection requiring treatment with antibiotics. Which one of the following drugs is least likely to require a dosage adjustment, either a smaller dose than usual or an increased interval between doses?"
11171,A 21 year old student is found to have hyperthyroidism. She is counselled on treatment options including radioactive iodine and antithyroid medications. Carbimazole acts on which part of the thyroid hormone synthesis pathway?
11204,"Mrs Reeta Wardhan, A 50-year-old female with rheumatoid ahritis is being considered for infliximab therapy. Which of the following tests should be performed before beginning treatment?"
11211,A 32-years old man with pelvic fracture is in urinary retention with blood at the external urinary means. Retrograde urethrogram shows prostatomembranous disruption. The most appropriate immediate treatment is:
11428,"For a patient undergoing anticoagulant therapy, who requires unavoidable dental surgical treatment, the dental surgeon should:"
11435,"A 3-year-old male child is brought by his father with complaint of recurrent infections despite proper treatment and hygiene. While reviewing his history, pediatrician notices that the child has been infected multiple times with S. aureus, Pseudomonas & E. coli. Which of the following test will be useful to diagnose condition of the child?"
11739,45 year old alcoholic male came for deaddiction treatment. He has alcohol induced hepatitis with other blood parameters within normal limits. The drug that should not be chosen for relapse prevention is
12030,Imiquimod used in treatment of anogenital warts acts manly as –
12043,A 50-year-old know asthmatic develops sudden onset right-sided chest pain with dyspnea. Chest X-ray reveals hyperlucency on right side with shift of trachea to left side. The best option of treatment for immediate relief of symptoms is
12171,"A patient needs antibiotic treatment for Aificial valve, culture positive infective entercoccal endocarditis. His medical history include several anaphylactic reaction to penicillin G during the past year. The best approach would be treatment with"
12262,What is the treatment of a child with supraventricular tachycardia?
12282,"A 9 yr old child came to the dental clinic with spacing in
anterior teeth. The line of treatment is"
12296,A 45-year-old lady presents with persistent reflux symptoms. The most accurate investigation in establishing diagnosis before surgical treatment includes
12310,"A 40-year-old obese man presents with intense pain in his left first metatarsophalangeal (MTP) joint for the past few hours. He has no history of trauma, fever, chills, and no previous similar episode. He has no history of renal disease or diabetes though he has been told he is ""prediabetic."" He does not recall any recent skin infections and no family members have had any reported staphylococcal infection. On examination he has a swollen, red, warm, tender first MTP joint on the left. Uric acid level is 9 mg/dL; serum creatinine is normal. What is the best treatment approach for this patient?"
12316,A young man with T.B presents with massive reccurere haemoptysis. For angiography treatment which vascular structure should be evaluated first
12350,An 18 year old female patient reports for her routine orthodontic appointment. 1st premolars from all quadrants had been extracted at the beginning of treatment. Her current status reveals 3 mm of space between the canines and 2nd premolars in all quadrants. Class II elastics were initiated to close these spaces. The type of anchorage provided by the elastics is known as :
12709,First line treatment of T315I mutation in CML management is?
12856,"A neonate is brought with an inguinal swelling which is smooth, transparent, fluctuating swelling, which is prolonged into the inguinal canal, and receives an impulse when the child coughs or struggles. Congenital hydrocele is diagnosed after examination. What is the suggested treatment modality in this case?"
13058,"40 years old female with a 2 cms nodule in the breast & a proved metastatic node in the axilla, treatment is?"
13160,"A young patient presents to the emergency depament with fever and right upper quadrant pain Clinical examination reveals obvious hepatomegaly but there is no jaundice. Ultrasound reveals a solitary, homogeneous, hypoechoic lesion in the right lobe measuring 5 cm 5 cm 4 cm. Test for hydatid disease were negative. Which of the following is the best recommendation for initial treatment -"
13547,Presently surgical treatment of choise in a 22 year male with - 10D myopia is
13548,"7 year old child presents with poor wound healing, Perifollicular hemorrhages and sharp and painful swellings at the costochondral junction of ribs. Which of the following treatments are recommended"
13613,"A 47-year-old HIV-positive man is brought to the emergency room because of weakness. The patient has HIV nephropathy and adrenal insufficiency. He takes trimethoprim-sulfamethoxazole for PCP prophylaxis and is on triple-agent antiretroviral treatment. He was recently started on spironolactone for ascites due to alcoholic liver disease. Physical examination reveals normal vital signs, but his muscles are diffusely weak. Frequent extrasystoles are noted. He has mild ascites and 1+ peripheral edema. Laboratory studies show a serum creatinine of 2.5 with a potassium value of 7.3 mEq/L. ECG shows peaking of the T-waves and QRS widening to 0.14. What is the most important immediate treatment?"
13906,A diabetic patient with bilateral renal artery stenosis requires a drug for the treatment of high blood pressure. Which of the following drugs will be most appropriate for this patient?
13915,"Mirizzi syndrome, all are true except -Gallstone ulcerating into common ductImpacted in cystic ductSevere pericholecystic inflammationObsturctive jaundiceAns: None > CSolution:Ans. is None > 'c' i.e., None > Severe pericholecystic inflammation * Options A, B, D are definitely true.* One can also expect pericholecystic inflammation if the stone ulcerates in Mirizzi SyndromeMirizzi syndrome'common hepatic duct obstruction caused by an extrinsic compression from an impacted stone in the cystic duct or Hartmann's pouch of the gallbladder'Type I mirizzi syndromeType II mirizzi syndromeAn impacted stone in the gallbladder infundibulum or cystic duct can compress the bile duct, usually at the level of the common hepatic duct.A stone can erode from the gallbladder or cystic duct into the common hepatic duct, resulting in a cholecystochole- dochal fistula.ClinicalPatients are seen with symptoms of acute cholecystitis but with the additional finding of hyperbilirubinemia and elevated alkaline phosphatase.ManagementLaproscopic approach is not recommended as it results in high conversion rate and high complication rates.Open cholecystectomy is the gold standard for treatment when this condition is identified preoperatively.In the acute setting, the biliary obstruction often resolves after cholecystectomy and resolution of the inflammatory process.If inflammation has obliterated the triangle of Calot, a partial cholecystectomy with removal of any stones may be all that is possible and usually resolves the condition.Best initial test for achalasia cardia -"
13990,"A 40-year-old woman with severe chronic pancreatitis is scheduled to undergo an operation, because other forms of treatment have failed. The ultrasound shows no evidence of pseudocyst formation or cholelithiasis and endoscopic retrograde cholangiopancreatogram (ERCP) demonstrates dilated pancreatic ducts with multiple stricture formation. Which operation is suitable to treat this condition?"
14115,A 23-year old patient diagnosed with stage IA malignant ovarian germ cell tumor. Which of the following would be the standard treatment-
14141,A 9- years old child has steroid dependant nephrotic syndrome for the last 5 years. He has received corticosteroids almost continuously during this period and has Cushingoid features. The blood pressure is 120/86 mmHg and there are bilateral subcapsular cataracts. The treatment of choice is:
14162,"A 9-month-old child presented to the ER with characteristic ""barking"" cough and hoarseness of voice. She had a history of rhinorrhoea, pharyngitis, mild cough, and low-grade fever for 1-3 days. Symptom worsened at night. O/E: - Normal to moderately inflamed pharynx Increased respiratory rate Nasal flaring Suprasternal, infrasternal, and intercostal retractions Continuous inspiratory stridor X-RAY NECK All of the following statements are true about the treatment of the above condition except: -"
14170,Drugs that can be used for the treatment of hypertension in a diabetic patient are:
14569,"A 35-year-old man presented to the casualty with agitation, global confusion, disorientation, hallucinations and autonomic hyperactivity. On history taking, he had his last alcohol drink 5 days ago. Which of the following can be used in the immediate treatment of the condition?"
14874,"10 year old boy developed hoarseness of voice following on attach of diphtheria, No other significant OLE or VR is paralysed, treatment of choice is"
15044,What is the ideal treatment for a 55 yr female with Simple Hyperplasia of endometrium with Atypia?
15321,An eleven year old boy is having Tinea capitis on his scalp. Which of the following is the most appropriate line of treatment of this condition?
15428,"A 28-year-old woman comes for treatment of hirsutism. She is obese and has facial acne and hirsutism on her face. Serum LH level is 32 mIU/mL and FSH is 9 mIU/mL. Androstenedione and testosterone levels are mildly elevated, but serum DHEAS is normal. The patient does not wish to conceive at this time. Which of the following is the most appropriate treatment of her condition?"
15628,"A19 year old boy suffering from chronic schizophrenia is put on haloperidol in the dose of 20 mg/day. A week after the initiation of medication the patient shows restlessness, fidgety, irritability and cannot sit still at one place. The most appropriate treatment strategy is -"
15786,A 60 year old male was diagnosed as carcinoma right lung. On CECT chest there was tumour of 5 x 5 cm in upper lobe and another 2 x 2 cm size tumour nodule in middle lobe. The primary modality of treatment is
16060,"A 34-year-old woman presents with copious vaginal discharge with foul odour. Discharge is gray in color, microscopic examination reveals clue cells. The treatment of choice is:-"
16067,A 50 year old female is admitted with abdominal pain and anuria. Radiological studies revealed bilateral impacted ureteric stones with hydronephrosis. Urine analysis showed RBCs with pus cells in urine. Serum creatinine level was 16 mg/dl and urea level was 200 mmol/1. Which of the following should be the immediate treatment?
16085,"A young man with pulmonary tuberculosis presents with massive recurrent hemoptysis. For angiographic treatment, which vascular structure should be evaluated first:"
16093,A 50 years old female is admitted with abdominal pain and anuria. Radiological studies revealed: bilateral impacted ureteric stones with hydronephrosis. Urine analysis showed RBCs with pus cells in urine. Serum creatinine level was 16 mg/dL and urea level was 200 mmol/L. Which of the following should be the immediate treatment?
16115,A 69 year old male patient having coronary aery disease was found to have gall bladder stones while undergoing a routine ultrasound of the abdomen. There was no history of biliary colic or jaundice at any time. What is the best treatment advice for such a patient for his gallbladder stones ?
16348,In multibacillary leprosy the follow up examination after adequate treatment should'be done yearly for -
16559,"Sudha, a 20 year old female developed antibiotic associated pseudomembranous colitis caused by Clostridium difficile. Which of the following drugs is most likely to be effective in the treatment of this disease ?"
16931,"A 52-year-old man presents to the out-patient clinic complaining of episodes of severe unilateral, stabbing facial pain that is intermittent for several hours, and then disappears for several days. The pain is described as ""electric shock-like"" and only lasts a few seconds. Physical examination of the face and mouth is entirely normal. Which of the following treatments is most effective for this condition?"
17228,A 38 year old nullipara is on treatment for infeility. Inhibin B levels are tested to assess ovarian reserve. Inhibin B level is best measured which day of menstruation:
17461,A 14 year old boy present with headache fever and cough for 2 days. Sputum is scant and non purulent and gram stain reveals many white cells but no organisms. The treatment should be initiated with
17911,a patient who had undergone renal allograft transplantation 6months back on treatment with azathioprine and prednisolone conmes to the hospital with history of fevr night sweats cough and breathlessness on xray a cavity is seen in the right apical region along with classification.auramine rhodamine staining of sputum shows tubrcle bacilli and serum creatinine level 1.2mg % the treatment given is ?
18031,"A 24 year old underweight woman presents to you with progressive abdominal discomfo, dyspnoea, nausea and vomiting. Abdominal examination revealed cystic enlargement of ovaries. Relevant investigations results are as follows: Hematocrit - 57% Total count - 25000 /mm3 RFT -Impaired LFT - Mildly impaired USG - Massive ascites Serum peak oestradiol- 9000 pg/ ml X ray chest - shows pulmonary oedema History revealed that she had polycystic ovarian disease (PCOD) and was on treatment for infeility. She had received an injection last week from her infeility specialist. What is your diagnosis?"
18050,"A 27-year old primigravida presented to the OPD with pregnancy induced hypeension at 32 weeks of gestation. She had no other complications. On examination she had a blood pressure of 150/100 mm of Hg. Her blood pressure was later controlled with treatment. lf there are no complications, the pregnancy should be terminated at?"
18121,A 46-year-old man presented to the casualty with acute onset of seeing lizards all all around him in the room. He has been violent towards members of his brother who tried to bring him to hospital. On history he has a longstanding history of drinking alcohol and using cannabis for 7 years. He had missed his drinks for the last 3 days. On examination his blood pressure is high and he has global confusion. Which of the following can be used in the immediate treatment of the condition?
18233,Aspirin is contraindicated in a patient who in on treatment with :
18277,"A 24-year-old unmarried women has multiple nodular, cystic, pustular and comadonic lesions on face, upper back and shoulders for 2 years. The drug of choice for her treatment would be:"
18485,"A 27-year-old woman with a goiter comes to the hospital for surgical treatment. The surgeon must ligate the superior laryngeal aery before surgically resecting the goiter, so care must be taken to avoid injury to which of the following nerves?"
18957,"A patient is diagnosed with flail chest. Patient is stable, what is the treatment?"
18970,A 7-year-old child with steroid dependent nephrotic syndrome has developed coicosteroid toxicity and posterior subcapsular cataracts. Which of the following is the best alternative for the treatment of the patient?
19038,Which treatment goal is not included in the control phase of caries management?
19353,GBS in a child treatment –
19433,A child with subluxation of lens and mental retardation died. Which of the following would have helped in his treatment?
19513,"A 55-year-old woman with cancer of the cervix undergoes hysterectomy and is found to have pelvic lymph nodes involved with cancer. She then receives a course of external beam radiation (4500 rads). When the physician counsels her prior to her radiation treatment, she should be told of all the possible complications of radiation enteritis. Which of the following is generally not associated with radiation injury?"
19753,A patient develops hypoglycemia. He was on insulin and acarbose. For treatment of above what is to be given aEUR'
19805,"A 10-year old child with Valvular hea disease on hea failure treatment, has the following ECG tracing. What is the diagnosis?"
19894,A 5 year old male patient presents with a complaint of multiple decayed teeth. His previous dental treatment was deferred because of uncooperative behavior. Which of the following drugs cannot be used for the pharmacological management of the patient’s behavior?
19988,Drug(s) included in the treatment of visceral leismaniasis is/are all except -
19989,"As a junior resident , you are managing a patient of COVID-19 . When will you stop the treatment in COVID 19 patient ?"
19994,"A patient having multiple Gall stones and shows 8 mm dilation and 4 stones in CBD, best treatment modalities are -a) Cholecystectomy with choledocholithotomy at same settingb) ESWLc) Cholecystectomy and wait for ERCPd) Sphincterotomy and then cholecystectomye) Cholecystectomy and after 14 days sphincterotomy done"
20121,"A 41-year-old man presented to the emergency department with a 9-month history of cough, exertional dyspnea, nocturnal diaphoresis, and weight loss of 10 kg. The physical examination revealed painless, massive, discrete, rubbery cervical, supraclavicular and axillary lymphadenopathy. Plain radiography of the chest showed bilateral hilar lymphadenopathy. The serum calcium level was elevated at 16.2 mg per deciliter; serum parathyroid hormone is within normal range.

The treatment regimen consists of"
20334,The preferred agent in treatment of typical B cell CLL among elderly patients is:
20392,The immediate treatment of 10 kg weight infants presented with tetany -
20543,"A fifty year old male feels uncomfoable in using lift, being in crowded places and traveling. The most appropriate line of treatment is:"
20602,A 85-year-old male patient has been suffering from progressive memory loss over the last two years. She also needs help with her daily activities. MRI revealed diffuse coical and hippocampal atrophy in this patient. HPE in such conditions demonstrates the following findings. Which of the following drug used in the treatment of the above condition does not act by increasing acetyl choline levels in nucleus basalis of meyne?
20708,"A patient with psoriasis was staed on systemic steroids. After stopping treatment patient developed generalized pustules all over his body, the most likely cause is:"
20718,A patient on NSAIDS with gastric ulcer and H. pylori infection - the treatment of choice is:
20811,Roughly what percentage of patient with metastatic epithelial ovarian cancer will be benefited by treatment with an alkylating agent :
20852,A 34 year old chronic smoker presents to you with progressive claudication of the left arm with ulcers on the ring finger. The patient also gives history suggestive of recurrent superficial phlebitis. There is also history of Raynaud's phenomenon. What is the best treatment for the patient?
20933,"In an accidental needle stick, an unknown quantity of blood from an AIDS patient is injected into a nurse. The most recent laboratory report on the AIDS patient shows a CD4 count of 20/µl and a viral RNA load of greater than 107copies/ml. The most appropriate course of action regarding the treatment of the nurse is to :"
20964,A patient presents with acute anterior wall infarction and hypotension. Which will be the immediate treatment modality for this patient
20979,A patient presents with lower gastrointestinal bleed. Sigmoidoscopy shows ulcer in the sigmoid. Biopsy from this area shows flask-shaped ulcers. Which of the following is the most appropriate treatment ?
21043,A 54-year old woman complains of hot flashes and night sweats. Her last menstrual period was 2 years ago. She also has migraine headaches and a family history of breast cancer her maternal aunt. What is the appropriate treatment for her?
21274,Mass treatment with azithromycin is indicated if prevalence of trachoma follicles (TE) in 1-9 years population is more than
21338,"A patient, on treatment for leukemia, develops chest pain, pulmonary infiltrates and pleural effusion.The cause is -"
21389,A 70 years old female is on treatment withAlendronate for 7 years for osteoporosis. Now she complains of pain in right thigh'at is the next investigation to be performed?
21482,Which of the following radioisotopes is commonly used as a source for external beam radiotherapy in the treatment of cancer patients –
21735,"A patient who underwent abdominal surgery, developed infection at wound site. Awound swab was sent for culture, which revealed MRSA. All of following antibiotics can be used for his treatment except -"
21952,"An elderly female presents with the nasal blockade and nasal discharge with black debris. Blood sugar was raised and urine is positive for ketones. Best treatment for the patient would be:(AIIMS May 2013, Nov 2012)"
21969,"25 year old female patient is referred from a PHC with history of expanding vulvar mass, during first hour post partum. She delivered normally and without perineal laceration. She complains of severe pain. On examination her BP is 90/40 mmHg, pulse = 130bpm and no fever. what is your approach in treatment of patient"
22020,"30 yrs female presented with unilateral breast cancer associated with axilary lymph node enlargement. Modified radical mastectomy was done, fuher treatment plan will be"
22253,The treatment of choice for primary grade V VUR involving both kidneys in a 6 month old boy is:
22401,"A-7 year child presenting with acute otitis media, does not respond to ampicillin. Examination reveals full and bulging tympanic membrane, the treatment of choice is:"
22542,"A 45 years old male patient a known case of Crohn's disease presents with recent flare-ups suggestive of fistulas. He was admitted and treated with immune-suppressive. Unfortunately, he got reactivation of his tuberculosis as a result of the side effects of the treatment. Which of the following immunosuppressive medication is the most likely cause of his TB reactivation?"
22764,"7 years old child with peritonsillar abscess presents with trismus, the best treatment is -"
22894,A patient has presented with carcinoma rectum with obstruction in emergency. What is the treatment of choice?
22902,In a female with appendicitis in pregnancy treatment of choice is
23055,What is the dose of niclosamide used in treatment of Taenia saginata infection in children ?
23313,"A patient has been diagnosed with achalasia. He refused surgery initially, preferring to try nonoperative therapy. He tried life-style modification, calcium channel blockers, botulin toxin injection, and endoscopic pneumatic dilatation. None of the treatments alleviated his symptoms. What are his surgical options?"
23384,A 15 year old female patient presents with pain in the calf muscles on exercise. Routine investigation reveals burgundy-colored urine (sample obtained after exercise). Histopathology of mucle shows deposits of glycogen in an excess amount. Which of the following treatment modality should not be followed in this patient?
23388,"A patient needs antibiotic treatment for aificial valve, culture-positive infective enterococcal endocarditis. His medical history includes severe anaphylactic reaction to penicillin G during the past year. The best approach would be treatment with:"
23437,A hemodynamically stable nulliparous patient with ectopic pregnancy has adnexal mass of 2.5 x 3 cms and beta hCG titer of 1500 mIU/ml. There is no foetal cardiac activity. Which of the following modality of treatment is suitable for her?
23482,"A 33-year-old woman was evaluated for symptoms of severe intense generalized pruritus. Her physical examination reveals multiple sites of excoriation. Laboratory investigations confirm the clinical diagnosis of primary biliary cirrhosis (PBC). She is now inquiring about available treatments for this condition, including if there is a cure for the disease. Which of the following treatments is most likely to ""cure"" her PBC?"
23582,A 7 year old boy presented with double medial malleolus. X-Ray was performed . What is the treatment?
23902,A 42yr old female with HIV is frequently suffering from diarrhoea despite treatment with HAA. Which of the following organisms can cause diarrhoea in HIV patients?
24279,Which of the following is true regarding enalapril treatment in patients of essential hypertension?
24405,A 65-year-old has suffered from essential tremor for many years. Her symptoms are exacerbated by stress and fatigue and some evenings she is unable to cook or make herself a cup of tea because of it. Which of the following is the most appropriate first-line treatment?
24811,A 40 year old patient is suffering from carotid body tumor. Which of the following is the best choice of treatment for him-
24932,"A 60-year-old man from a poor socioeconomic environment is admitted with an acute illness characterized by mental disturbances. On examination, he has bilateral sixth nerve palsy and an ataxic gait. Which of the following is the most appropriate treatment?"
24942,25 year old labourer 3 years back presented with penile ulcer not treated. Later he presented with neurological symptoms for which he got treated. Test to monitor response to treatment is ?
24943,"Vidya, a 3 years old comes for her pre dental visit. She is
highly intelligent with family members of high I.Q. you
would do most probably what type of treatment"
24948,"A 6 year old female child reported with a chief complaint of proclined upper anteriors. Parents give a history of prolonged bottle-feeding and a persistent thumb sucking habit. Clinical examination reveals anterior open bite with proclined upper anterior and retroclined lower anterior teeth and associated tongue thrusting.
The foremost line of treatment in this patient is:"
25039,"A 19-year-old man working as a driver comes to Psychiatrist with excessive anxiety and fear. He repos that every time he drives over a bump in the road, he is convinced that he has accidentally run over a small child. He has to pull over and check underneath his car for blood and retrace his driving route to look for any injured children. As a result, he is always late for work.He also has intrusive thoughts about stabbing his coworkers.He prays to try to erase these thoughts from his mind, but this rarely helps. First-line pharmacological treatment of this patient's condition primarily affects which of the following neurotransmitters?"
25407,An 83-year-old woman has chronic congestive heart failure (CHF) due to grade IV left ventricular function (ejection fraction <20%). She requires 80 mg/day of furosemide as part of her treatment. Which of the following metabolic abnormalities is most likely to be seen while she is taking this medication?
25599,"A 7-year-old child presenting with acute Otitis media, does not respond to amoxicillin-clavulanic acid. Examination reveals full and bulging tympanic membrane, the treatment of choice is:"
25835,"A 36-year-old G1P0 at 35 weeks gestations presents with several days H/O generalised malaise, anorexia, nausea emesis and abd. discomfort. She has loss of apetite and loss of several pounds wt in 1 week. Fetal movements are good. There is no headache, visual changes, no vaginal bleeding, no regular uterine contractions or rupture of membranes. She is on prenatal vitamins. No other medical problem. On exaeration she is mild jaundiced and little confused. Her temp is 100 degree F, PR- 70, BP- 100/62, no significant edema, appears dehydrated. FHR is 160 and is nonreactive but with good variability. Her WBC- 25000, Hct- 42.0, platelets- 51000, SGOT/SGPT-287/ 350, GLUCOSE-43, Creatinine- 2.0, fibrinogen-135, PT/PTT- 16/50, S. Ammonia level- 90 micromol/L. Urine is 3+ Proteins with large amount of ketones.What is the the recommened treatment for this patient"
25856,A patient is diagnosed with carcinoma of the breast. The most important prognostic factor in the treatment of this disease is
25927,Initial fluid of choice in treatment of hypovolemia in trauma patient:
25963,All are used in the treatment of Leishmaniasis except:
25970,"For a menopausal patient having hot flashes, which of the following can be given as treatment?"
26018,A woman comes to the psychiatrist with history of spending a lot of time in washing her hands. She is distressed about it but says that she cannot stop the practice and spends a lot of time on it. This has staed affecting her social life as well. What is the best mode of treatment for her?
26343,Drug treatment is given for how many days in pneumococcal meningitis
26441,Shunt surgery of choice for treatment of hydrocephalus in children is?
26449,The current treatment of choice for a large antrochoanal polyp in a 30-year-old man is:
26569,"A 23-year-old man is receiving penicillin for the treatment of a group A strep throat infection. He now returns to the clinic with new symptoms of a rash and diffuse joint discomfort. On physical examination, there are areas of urticaria on his arms and back. The joints appear normal and he has no oral lesions. A urinalysis is positive for red cell casts and protein. Which of the following is most characteristic of the syndrome?"
26756,A 35 year pregnant woman comes graves disease in first trimester. What is preferred treatment?
26817,"A patient presents to your office for her annual examination. She admits to having intercourse with multiple sexual partners over the past year. Her only medication is an oral contra ceptive pill (O C P ) which she takes very regularly. She has no new symptoms or concerns. On physical examination, a painless punched-out ulcer is appreciated on the left labia.After appropriate testing and treatment, you counsel the patient to practice safer sex in the future. If this patient had not been treated, what would be the next sequelae?"
27016,An 18 year old male patient is unhappy with his smile. Which is the best modality of treatment to address the chief complaint of this patient?
27048,The treatment of hydrocele in children is :
27060,A patient of borderline tuberculoid leprosy on treatment develops reaction. What will be the best next line of management -
27110,"A 22-year-old woman presents with fever, headache, and confusion. She has not been herself for the past 2 days, including not going to work and forgetting events. On examination, she is moving all her limbs, but not oriented to place or time. The remaining examination is normal. A CT scan shows bilateral, small, low-density temporal lobe lesions. Cerebrospinal fluid (CSF) shows mononuclear cell pleocytosis, increased protein, and normal glucose. The electroencephalogram (EEG) shows bilateral periodic discharges from the temporal leads and slow-wave complexes at regular intervals of 2-3/sec. Which of the following is the most appropriate treatment for her condition?"
27371,"A 35-year-old patient presents to your office with chronic draining subcutaneous periareolar abscesses, which have been incised and drained many times in the past 5 years but keep recurring. What is the best treatment of choice?"
27583,"A 52 year old man comes with jaundice and extra pyramidal symptoms. On ophthalmic examination, the above finding is noted. The treatment is :"
27884,"A 24 year old male patient with h/o primary syphilis in the form of genital ulcer & mucocutaneous lesions, presents with features suggestive of neurosyphilis in the form of meningitis for which appropriate treatment was staed. What will you do for monitoring of treatment aEUR'"
27937,"A patient presents with chronic small bowel diarrhea, Duodenal biopsy shows villous atrophy Anti endomysial antibodies and IgA TTG antibodies are positive. What is the treatment of choice ?"
28251,For the treatment of a patient with after cataract which laser is used?
28258,A 50-year-old man has a history of frequent episodes of renal colic with high calcium renal stones. The most useful diuretic in the treatment of recurrent calcium stones is:
28532,GBS in a child treatment
28935,Which dental treatment can be carried out in a patient with congenital heart disease?
28941,The treatment of choice from inguinal hernia in infants is: September 2012
29076,"In a patient with Anti-Phospholipid Antibody syndrome, which of the following treatment is used to prevent fuher aboions?"
29516,Initial treatment recommended for newly diagnosed patient with CML is:
29549,A 31-year-old female patient complains of B/L impairment of hearing for the past 5 years. Audio- gram shows a B/L conductive deafness. Impedance audiometry is given below. All constitute part of treatment except:
29663,All of the following are Conservative treatment modality in a pediatric patient except:
29739,"Lithium is treatment of choice for -
a) Unipolar MDP prophylaxis
b) Bipolar MDP prophylaxis
c) Schizophrenia
d) Acute mania"
29846,"A 55-yr-old male, with uncontrolled DM & HT, developed severe airborne contact dermatitis. The most appropriate drug for his treatment would be:"
29866,"A 45–year–old male, Sanjeev was brought to the emergency with severe agitation and aggressive behavior. He was started on haloperidol and the patient became responsive and cooperative. After 8 days of treatment, he developed high-grade fever, diarrhea, confusion, and muscle rigidity. Which of the following should be used for the treatment of this condition?"
29882,"A 16-year-old male, despondent over a recent breakup, tries to commit suicide by taking an unknown quantity of an unknown material he found at home. He is brought to the emergency center by his parents within 30 minutes of the ingestion. For which of the following household materials and medications should he be given activated charcoal as part of his emergency center treatment?"
30022,A patient presented with a 1 X 1.5 cms growth on the lateral border of the tongue. The treatment indicated would be
30452,A young man with known history of heroine addiction is brought in the emergency in unconscious state by his friends. On examination his pupils are pin point. What will be the treatment of choice?
30521,A 47-year-old woman with a family history of breast cancer mutations in the BRCA1 and BRCA2 genes has made a decision to have an elective hysterectomy as a prophylactic treatment. During ligation of the uterine artery which of the following adjacent structures must the surgeon be careful not to injure?
30722,A 23 year old lady diagnosed with Bell's palsy comes on the 3rd day after the symptom development. What would be the treatment of choice?
30907,A six months old girl is having recurrent UTI. Ultrasound abdomen shows bilateral hydronephrosis. MCU (Micturating cysto urethrogram) shows bilateral Grade IV vesicoureteral reflux. The treatment of choice is:
30996,"You are the DOTS provider for a patient. He has completed his 6 months of treatment. He was sputum +ve to begin with, but after the intensive phase of treatment he became sputum -ve. He was again confirmed to be sputum negative 2 months after staing the continuation phase. This patient can be termed as:"
31002,"A-65, year old farmer presents with sweating, hypothermia and pulse rate of <50/min treatment is:"
31181,"A-23-Year-old female presented with burning pain during micturition. On investigations, she is found to be suffering from co-infection with chlamydia and gonococcus. Drug of choice for treatment of this female is: -"
31190,Initial treatment for management of mild to moderate Crohn's disease is?
31241,A patient presented with pulmonary embolism the treatment to be given is
31341,"A patient was on treatment with penicillin. He developed pallor but there was no shortness of breath, urticaria or wheezing. On investigation, antibodies against penicillin were found in his blood. What is the type of hypersensitivity reaction that most likely occurred in this patient?"
31397,"Babu, a 7½ years old child, reports with a fracture of
central incisor with an open apex, there is large pulpal
exposure. The treatment of choice is:"
31461,"A post operative patient developed septicemia and was empirically started on combination chemotherapy by a new resident doctor. However, when the patient did not respond even after 10 days of antibiotics treatment, the review of the charts was done. It was found that the resident doctor had started the combination of antibiotics which was mutually antagonistic in action. Which of the following is the most likely combination that was given?"
31761,"A 45-year-old male is suspected of having an amebic abscess of the liver. Serum bilirubin is mildly elevated. The WBC is 11,000 but there is eosinophilia. The initial line of treatment involves which of the following?"
31795,"A 26 year woman presents with a palpable thyroid nodule, and needle biopsy demonstrates amyloid in the stroma of the lesion. A cervical lymph node is palpable on the same side as the lesion. Which of the following represents the treatment of choice?"
31936,"A 52-year-old man, after suffering a heart attack, was put on 81 mg of aspirin daily by his cardiologist. The purpose of this treatment is to reduce the levels of which one of the following?"
31946,"A girl with acute promyelocytic leukemia was admitted for management. While on treatment she developed tachypnea, fever and pulmonary infiltrates. What should be done for the treatment of this problem?"
31962,The drug treatment in a female with complaints of occasional amenorrhea and milk ejection 5yrs after her last baby is born
32012,A  25-years old female complains of discharge of blood from a single duct in her breast. The most appropriate treatment is
32064,"A 20 year old female patient complains of brownish discoloration of her teeth. She has a history of frequent tea consumption. Intra-oral examination reveals brownish staining of all teeth. Patient was suggested bleaching with CO2 laser by the dentist.
However, this treatment is currently not recommended  because:"
32323,"The treatment of a patient with myocardial infarction is thrombolytic therapy, if the patient presents within hours of chest pain -"
32419,A patient presented with shock and suspecting it due to hypoglycemia. The treatment should be based on-a) IV glucose after clinical assessmentb) Urine sugarc) Blood sugard) IV access
32454,A five-year-old child presents with ballooning of prepuce after micturition. Examination reveals preputial adhesions. Which of the following is the best treatment?
32931,A 30 year old patient underwent resection of mandible for the treatment of ameloblastoma. The best graft is
33012,Which of the following is most appropriate treatment in 24 year old nulligravida with endometriosis
33141,"A 65-year-old patient presented to the medicine OPD with weakness and fatigue for 6 months along with some mild abdominal discomfo. On examination, moderate splenomegaly was noted. Lab findings Severe normocytic normochromic anemia Neutropenia with monocytopenia Thrombocytopenia. Bone marrow aspiration was done to look for the cause of decreased cell counts but the tap came 'dry'. So, a bone marrow biopsy was performed. Flow cytometry study revealed that the cells were positive for CD11c, CD103, CD123 and CD25 and were also TRAP positive. BM Biopsy All of the following drugs can be given in the treatment of the above condition except : -"
33188,"A patient was on long term antibiotic therapy for peritonitis. During the course of treatment, he develops mucus diarrhea. Most likely cause of diarrhea is: September 2012"
33223,"A woman complains of discharge and soreness in the vulval region at a POA of 36 weeks. Examination reveals small discreet, tender ulcers in the labia majora, minora and perineum. She has not had a similar episode previously. On viral culture and serological testing she did not have antibodies against the infecting strain.What is the best treatment option?"
33327,A 80 years old male presented with lung abscess in left upper zone. Best treatment modality is
33364,What is the dose of niclosamide used in treatment of Taenia saginata infection in children?
33368,"A baby is born after 31st gestational weeks by cesarean delivery. The child has tachypnea, nasal flaring, subcostal and intercostals retraction. Nasogastric tube was positioned without problems. Chest radiography shows bilateral, diffuse, ground-glass appearance, air bronchograms and poor lung expansion. What is the best treatment plan in the present case?"
33420,A 32-year-old female is on long-term treatment for Rheumatoid ahritis. Fundus examination was done on follow up visit. What is the most probable drug responsible for this?
33539,"A young male presents with reduced sleep, hyperactivity and elevated mood. He has a family history of mania. Which of the following drug should be used for long term treatment of this patient?"
33864,The treatment of choice for the management of carcinoma of the anal canal is
34130,A male 35 years old presents to the dental clinic with pain in lower back tooth region. Intraoral examination reveals carious #36. Root canal treatment done and metal ceramic crown has to be placed. Dentist makes an impression with condensation silicone. The material used has the mean working time and the mean setting time respectively at 37 degree Celsius (in minutes):
34324,"A patient on treatment for leukemia, develops chest pain, pulmonary infiltrates and pleural effusion. The likely cause is:"
34488,A 15 year old boy was stung by a bee. He had difficulty in breathing and facial edema. What is the best treatment ?
34636,"A 30 year old male wants capping of his tooth. History of previous dental treatment in relation to 25. IOPA examination of 24 reveals radiopaque material in root canals and no periapical radiolucency. Dentist prepares the tooth and final impression is made. On next appointment, he decides to cement the crown with zinc phosphate. He mixes the zinc phosphate cement on a cool glass slab, adding a small powder to the liquid every 20 seconds. This  is done to gain which of the following advantages?"
34654,This 22-year-old man presented with a 1-month history of severe pubic itch that was worst at night. What is the most appropriate topical treatment?
34670,"A patient presented with 1 cm coin lesion over right upper lobe of lung on x-ray, not suggestive of metastasis. No lymph node enlargement. FNAC reveals anenocarcinoma. The treatment is"
34875,What should be used for the treatment of this child with intellectual disability?
34953,"A patient, on treatment for leukemia, develops the pain, pulmonary infiltrates and pleural effusion. The cause is -"
34975,"Thrombolytics can provide relative mortality reduction in the treatment of acute myocardial infarction, if patient comes within :"
34997,A patient present with acute anterior wall infarction and hyotension. Which will be the immediate treatment modality for this atient :
35037,A 70-year-old woman presents with a tender irreducible mass immediately below and lateral to the pubic tubercle. Plain abdominal x-ray shows intestinal obstruction Treatment with a nasogastric tube and intravenous fluids is initiated. What is the next step in treatment?
35059,Which of the following would be the most appropriate treatment for rehabilitation of a patient who has bilateral profound deafness following surgery for bilateral acoustic schwannoma
35063,A male 25 years old presents to the dental clinic with black spot .He also gives the history of previous dental treatments of other teeth as well . Intraoral examination reveals pit and fissure caries with 17. The alignment of the rotary instrument shank axis in this patient should be:
35065,"A young patient presented with blood pressure of 190/120 mm of Hg without any clinical symptom and fundus examination is normal, treatment of choice:"
35082,A patient has syphilis since 2 year. CSF examination was done & treatment staed. Which of the following test is most useful in monitoring treatment
35264,An 8 yr. old child with large front teeth having jagged margins seeks consultation. What is the treatment plan:
35334,A woman presents with a thick curdy-white vaginal discharge. The best treatment for her is:
35343,"A 20-year-old woman presents to the clinic for evaluation of new symptoms of cough and yellow sputum production. She also reports feeling feverish and having intermittent right-sided chest pain on deep breathing. On physical examination, she appears well and the pertinent findings are dullness on percussion in the right lower lobe and inspiratory crackles on auscultation of the lungs. A chest x-ray confirms there is a right lower lobe infiltrate. Which of the following is the most appropriate treatment of community-acquired pneumonia?"
35631,A woman presents with a fluctuant non-tender swelling at the introitus. The best treatment is :
35649,"A 26-year-old man is having treatment with chemotherapy for Hodgkin's lymphoma. During his treatment, he has severe vomiting. Which location in the brain is responsible for his symptoms?"
35696,"A 10 year old male patient complains of spacing between his upper front teeth. On clinical examination, a midline diastema is seen. It is noted that the patient is in the mixed dentition period. Which of the following is an appropriate treatment protocol for this patient?"
35780,A 24 year old man presents with multiple small hypopigmented patches around hair follicles on upper chest and back. These macules were with fine scaling which coalesced later. He had received treatment 1 year back for the same type of lesion. Which of the following investigation should be done to diagnose this condition?
35910,An 18-year-old girl presented with multiple nasal polypi in both nostrils with nasal obstruction and sinusitis. CT scan shows dense shadows in the sinuses. Histopathology did not show fungal invasion of tissues. All of the following treatments can be given except:
36023,A most common mode of treatment of a 1-year-old child with asthma is –
36080,"A24-year-old man had multiple, small hypopigmented macules on the upper chest and back for the last three months. The macules were circular, arranged around follicles and many had coalesced to form large sheets. The surface of the macules showed fine scaling. He had similar lesions one year age which subsided with treatment. The most appropriate investigation to confirm the diagnosis is –"
36096,Which of the following is the treatment of choice for choriocarcinoma in a middle-aged woman?
36099,"A 9 month old child presents with excessive cry, right iliac fossa sausage lump and blood in stools. What is the best treatment?"
36189,A patient presents with malignant hyperthermia and metabolic acidosis. Immediate treatment should be started with:
36550,A 60 year old male was diagnosed as carcinoma right lung. On CECT chest there was a tumor of 5x5 cm in upper lobe and another 2x2 cm size tumor nodule in middle lobe. The primary modality of treatment is :
36578,"A 43-year-old man has experienced progressive fatigue, pruritus, and icterus for 4 months. A colectomy was performed 5 years ago for the treatment of ulcerative colitis. On physical examination, he now has generalized jaundice. The abdomen is not distended; on palpation, there is no abdominal pain and there are no masses. Laboratory studies show a serum alkaline phosphatase level of 285 U/L and an elevated titer of anti-neutrophil cytoplasmic antibodies. Cholangiography shows widespread intrahepatic biliary tree obliteration and a beaded appearance in the remaining ducts. Which of the following morphologic features is most likely to be present in his liver?"
36590,"A 10-year-old boy developed hoarseness of voice following an attack of diphtheria. On examination, his right vocal cord was paralyzed. The treatment of choice for paralyzed vocal cord will be"
37074,"A 58-year-old man with cirrhosis complains of worsening fatigue and confusion over the past 5 days. He also reports that over the past 48 hours he has had a declining urinary output. On examination, he is gaunt and jaundiced. He has tense ascites and a liver span of 7 cm in the midclavicular line. Lab result reveal a WBC 4600/mm3, Hb 9.4 g/dL, and PCB 29%. BUN of 34 mg/dL and a creatinine of 3.1 mg/dL. A urinary Na <10 mEq/L. Most appropriate treatment for his elevated BUN and creatinine?"
37198,"A person is suffering from HIV, resident treating the
patient got needle prick what should be the immediate management/treatment taken"
37403,In chronic kidney disease patient endodontic treatment should be done on:
37463,"A 28 year old G2 P1 at 20 weeks gestation presents with fever cough, myalgia for 3 days. Her child at home also is sick. Patient is suspected to have Influenza. What is the best treatment to this patient."
37478,A patient on treatment for leukemia develoPS chest pain pulmonary infiltrates and pleural effusion. The likely cause is
37843,Surrogate markers for patients physical reserve to plan oncological treatment are all Except
37874,"A 23-year-old woman presents to your clinic with complaints of vulvar pain. The patient's history is significant for a new sexual partner and a recent history of flu-like symptoms and vaginal burning. On physical examination, extremely painful shallow ulcers with red borders are appreciated on the vulva, vagina, and perineal region.Which of the following is the most appropriate course of treatment for this patient?"
37935,"A 25-year-old lady reports to you with a diffuse, non progressive and a non tender swelling of the right maxilla, approximately 2 x 1.5 cm, extending from the canine to the first molar region. The x-ray shows a ground glass appearance of the bone in the concerned area. The surgical treatment will be"
38033,All are useful for management of severe clostridium difficile treatment except:
38274,A patient present with lower gastrointestinal bleed. Sigmoidoscopy shows ulcers in the sigmoid. Biopsy from this area shows flask-shaped ulcers. Which of to following is the most appropriate treatment -
38402,"A 70 years old female is on treatment with Alendronate for 7 years for osteoporosis. Now she complains of pain in right thigh. What is the next investigation to be performed? (AIIMS Nov 20/3, May 2013)"
38897,A patient came with chief complaints of cuain falling in front of eye after blunt trauma. O/e there was inferior giant retinal tear. What should be the immediate line of treatment
38975,"Brain injury patient in shock, emergency treatment:"
39113,A middle age female of rheumatoid ahritis on treatment develops upper motor neuron signs in her limbs. The investigation required to evaluate her fuher is:
39165,"A newborn male is brought by parents with imperforate anus . After ruling out the associated abnormalities , Inveogram was performed and rectal gas was below the coccyx . What is preferred treatment of child ?"
39178,Epley's manoeuvre is used in treatment of
39238,"In a well designed clinical trial of treatment of ovarian cancer, remission rate at one year is similar for a new drug and usual care, The P-value is 0.4. This means that"
39356,"A patient, Rama was diagnosed to be having febrile convulsions in the paediatric emergency. Which of the following can be used for the treatment of this patient ?"
39420,"In a patient with wilson disease related compensated cirrhosis, without evidence of neurologic or psychiatric symptoms the best treatment option is:"
39516,A 40 years old P4+2 female has been diagnosed to have H mole. The treatment would be:
39617,A 42-year-old man sustains a gunshot wound to the abdomen and is in shock. Multiple units of packed red blood cells are transfused in an effo to resuscitate him. He complains of numbness around his mouth and displays carpopedal spasm. An electrocardiogram demonstrates a prolonged QT interval. Which of the following is the most appropriate treatment?
39665,"A young patient presented with blood pressure of 190/120 mm of Hg without any clinical symptom and fundus examination is normal, treatment of choice -"
39668,A 12 year old male patient wants to undergo orthodontic treatment as he feels his upper incisors are too prominent. He is advised a pre-treatment lateral cephalogram. What is the value of distance ‘A’ ?
39727,The treatment of choice for inguinal hernia in infants is -
39961,"A 46-year-old woman presents for her annual examination. Her main complaint is frequent sweating episodes with a sensation of intense heat starting at her upper chest and spreading up to her head. These have been intermittent for the past 6 to 9 months but are gradually worsening. She has three to four flushing/sweating episodes during the day and two to three at night. She occasionally feels her heart race for about a second, but when she checks her pulse it is normal. She reports feeling more tired and has difficulty with sleep due to sweating. She denies major life stressors. She also denies weight loss, weight gain, or change in bowel habit. Her last menstrual cycle was 3 months ago. Physical examination is normal. Which treatment is most appropriate in alleviating this woman's symptoms?"
40006,A 28-year-old female with folliculitis is not responsive to a 10-day treatment course with penicillin. An enzyme produced by the etiologic agent is most likely responsible for this treatment failure. At which site on the molecule shown does this enzyme act to destroy penicillin?
40336,Vitamin that should be first supplemented during treatment of alcoholic patient?
40397,A 10-year-old girl presents with scalp pruritus for several weeks. Nits are visible on her hair. Which of the following treatment recommendations would you recommend?
40444,A female treatment for depression took a massive dose of amitriptyline for suicide. Which of the following is wrong regarding management for her?
40499,A patient presents with features of ataxia. He gives a h/o a painless penile ulcer around 3 years ago that was followed by a maculopapular rash. He is staed on treatment. The MOST sensitive test to monitor him while on treatment is:
40631,"A cardiologist wants to study the effect of an atorvastatin drug. He notes down the initial cholesterol levels of 50 patients and then administers the drug on them. After a month&;s treatment, he measures the cholesterol level again. Which of the following is the most appropriate to test the statistical significance of the change in blood cholesterol."
40647,A 25 year old female complaints of discharge of blood from a single duct in her breast. The most appropriate treatment is
40679,"65 year old man presented with fracture neck femur 3 days after injury , treatment of choice is :"
41215,A patient is receiving external beam radiation for treatment of metastatic endometrial cancer. The treatment field includes the entire pelvis. Which of the following tissues within this radiation field is the most radiosensitive?
41255,"After helping his father in the yard, a 14-year-old boy complains of weakness and feels like his muscles are twitching. He begins to drool, and then collapses in a generalized tonic-clonic seizure. Upon the arrival of EMS, his heart rate is found to be 40 beats per minute and his pupils are pinpoint. For the most likely toxic substance involved in the cases above, select the appropriate treatment"
41309,"A patient presents with chronic small bowel diarrhea, duodenal biopsy shows villous atrophy. Anti endomysial antibodies and IgA TTG antibodies are positive. What is the treatment of choice?"
41349,"Parents bring their infant to the clinic, seeking treatment for vomiting and diarrhoea that has lasted for 2 days. On assessment, the nurse in charge detects dry mucous membranes and lethargy. What other findings suggest a fluid volume deficit?"
41395,"If the patient shows tamper tantrum and you send the patient back without any treatment, this is known as:"
41426,A 30-year-old woman in her last trimester of pregnancy suddenly develops massive swelling of the left lower extremity. Which of the following would be the most appropriate workup and treatment at this time
41826,"In a mother with active tuberculosis, treatment for infant is"
41963,A 47 year old post menopausal lady was on adjuvant hormonal treatment with Tamoxifen for 3 years for Carcinoma Breast. She came to Outpatient Department with history of passing blood clots per vagina. She is probably suffering from:
42049,The current treatment of choice for a large Antro- choanal polyp in a 30 year old man is -
42214,"A 36 year old male patient has reported to you with swelling in the submandibular region. His tongue is elevated and he complains of dysphagia. He has high fever. Intra oral examination reveals grossly destructed lower first molar.

The surgical Line of treatment may be"
42263,A 30-year-old male with NIDDM has a blood pressure of 150/90. Ills urine examination reveals persistent albuminuria in traces. The most appropriated line of treatment would be -
42277,The drug of choice for the treatment of gonorrhoea in a pregnant patient allergic to beta-lactum antibiotics is -
42948,"A lady presented with recurrent attacks of giddiness and abdominal pain since three months. Endoscopy was normal. Her fasting blood glucose was 40 mg % and insulin levels were elevated. CT abdomen showed a well defined 8 mm enhancing lesion in the head of pancreas, with no other abnormal findings. What should be the treatment plan for this patient?"
42978,A diabetic patient presents with fungal infection of sinuses and peri-orbital region with significant visual impairment. The best drug for treatment of this patient is:
43038,"A patient is in shock with gross comminuted fracture, immediate treatment is to give:"
43101,A 30-year-old woman presents with scattered scalp lesions that she has had for the past several months and that are causing hair loss. The lesions have hyperpigmented and depigmented areas with follicular plugging and atrophy. Which of the following is the best treatment for this patient?
43152,"A 30-year-old female, known case of PCOD, on treatment presented to the gynecologist with complaints of hirsutism. She was given a topical application cream which acted by inhibiting ornithine decarboxylase enzyme. The same drug is useful in management of which of the following parasitic infection?"
43281,"In a patient with culture-positive enterococcal endocarditis who has failed to respond to vancomycin because of resistance, the treatment most likely to be effective is :"
43283,"A 26-year woman presents with a palpable thyroid nodule, and needle biopsy demonstrates amyloid in the stroma of the lesion. A cervical lymph node is palpable on the same side as the lesion, the preferred treatment should be"
43506,A 27-year-old female came for treatment of infertility to OPD; bromocriptine was prescribed. What could be the possible reason?
43716,"A patient was started on fluphenazine. After few weeks of treatment, he started developing tremors, rigidity, bradykinesia and excessive salivation. First line of management for this patient is"
43754,"18 year old Abodh is on treatment for his abnormal lipid profile blood tests. All of the following statements are true about familial hypercholesterolemia, except"
43770,"A 6-year-old girl presents with a 2-day history of cough and fever. At your office, she has a temperature of 39.4degC (103degF), a respiratory rate of 45 breaths per minute, and decreased breath sounds on the left side. Her chest x-ray is shown below. Which of the following is the most appropriate initial treatment?"
43862,"A 40-year-old P3L3 woman complains of urgency and hesitancy. Fuher some- times she gets the urge to void, but passes urine before reaching washroom. She had three normal spontaneous vaginal deliveries of infants weighing between 3.5 and 3.8 kg. Urine examination is normal. All of the following are appropriate treatments in the management of this patient Except"
44791,A female has a DBP= 100 mm Hg on two consecutive occasions. Best treatment is?
44909,"A 63-year-old man with small cell carcinoma of the left mainstem bronchus begins chemotherapy. During the treatment period, he becomes febrile and develops a productive cough. The temperature is 38.7degC (103degF), respirations are 32 per minute and blood pressure is 125/85 mm Hg. A CBC shows leukocytosis (WBC = 18,500/mL). The patient's cough worsens and he begins expectorating large amounts of foul smelling sputum. A chest X-ray shows a distinct cavity with an air/fluid level distal to the tumor area. Which of the following is the most likely diagnosis?"
44980,"A 50-year-old male, working as a hotel cook, has four dependent family members. He has been diagnosed with an early stage squamous cell cancer of the anal canal. He has more than 60% chances of cure. The best treatment option is"
45241,True about lithium treatment in mania -a) Commonest neurological side effect is tremorb) Toxic level is <1.5 mg/dl serum levelc) Amiloride is DOC for Li induced diabetes insipidusd) Lithium is 90% protein bounde) Tremor is treated with propranolol
45634,"45-year-old lady diagnosed to have anemia. Hb - 7.8, MCV - 72 and Serum ferritin - 8. After 1 month of iron therapy with adequate dose, Hb is still 8. Most probable cause for treatment failure is:"
45694,A patient of Parkinsonism developed this condition after treatment. Which of the following drugs is likely to cause this adverse effect?
45745,A 40 years old P4+2 female has been diagnosed to have H.mole. The treatment would be :
45748,What is the treatment for primary grade 5   vericoureteric reflux  involving both kidney in a 8 months old boy is
45843,A 30-year-old male presents with pain on the right flank and hematuria. A CECT abdomen reveals a large 8 × 8 cm sized solid mass in the right kidney and 3 × 3 cm solid mass occupying the upper pole of the left kidney. The most appropriate surgical treatment for this pt is -
45858,"A 61-year-old man with increasing fatigue, early satiety, and nausea for 5 months vomited dark granular material yesterday. Endoscopy reveals a large ulcerated mass in the gastric fundus. Biopsies are taken and microscopically the mass is composed of spindle cells that are positive for c-Kit with immunohistochemical staining. Mitoses are frequent. Gastrectomy is performed, and the 10-cm circumscribed mass arises from the gastric wall. Which of the following therapies is most likely to be a useful adjunct in the treatment of his disease?"
45946,A patient came to the casualty with acute attack of asthma after starting treatment of glaucoma. The causative drug is
46243,A young man with TB presents with massive recurrent hemoptysis. For angiographic treatment which vascular structure should be evaluated first?
46489,"A coin is loaded in the esophagus of an asymptomatic 3 years female child, treatment is:"
46505,"In a patient suffering from rheumatic heart disease who has to undergo dental treatment, when are prophylactic drugs given? (Or) A 40kg man with prosthetic heart, antibiotics are given for extraction of tooth how many hours before the procedure?"
46663,A patient with Bell's palsy comes on day 3. Most appropriate treatment given to this patient would be:
46774,Gold standard treatment in a patient intractable aspiration with incompetent larynx due to complete laryngeal paralysis is:
47020,All of these are used in the treatment of visceral leishmaniasis except:
47270,A boy has developed epistaxis. What is the treatment of choice ?
47324,A 28 year old woman comes to you with complaints of uterine prolapse. She has not completed her family. Which of the following is not a suitable treatment option for her?
47419,What will be the best treatment for the below patient?
47567,A patients CT scan reveals diverticulitis confined to the sigmoid colon. There is no associated pericolic abscess. What is best course of treatment?
47653,A child on β2 agonists for treatment of bronchial asthma may exhibit all of the following features EXCEPT:
47708,"A 5-year old child developed seizures a few months ago. The seizures sta with feeling of strange smell (burning rubber), continue with generalized contractions, and end with rhythmic spasms. Consciousness is lost during attacks and the child is confused afterwards. When the seizures staed, the child was referred to a neurologist who prescribed phenytoin as the initial treatment. Now, the parents bring the child back for scheduled DTP immunization (diphtheria, tetanus, peussis). Which of the following is the most appropriate next step in the management?"
47733,"An 83-year-old man with Parkinson disease presents with low-grade fever and cough for several weeks. Lately, he has been experiencing more rigidity and difficulty with his walking. He is on a levodopa/carbidopa combination for treatment for the past 5 years. On examination, his gait is shuffling and slow. He has a tremor in his left hand at rest, and there is cog-wheel rigidity of the forearm There are crackles in the left lower lung field. CXR reveals a lung abscess in the left lower lobe. Which of the following is the most likely bacteriologic diagnosis for the lung abscess?"
47808,"Osteogenesis imperfecta (OI) may present similarly to child maltreatment. However, there are features of OI that may help differentiate the 2, including blue sclera and osteopenia. Which of the following is another distinguishing feature"
47923,"After treatment of pneumonia, a child developed pseudomembranous colitis. Which of the following drug frequently causes pseudomembranous colitis?"
48041,A 45-year-old female is diagnosed as a case of pneumococcal meningitis. Her blood sample were sent for culture sensitivity. In the mean time best drug to sta as an empirical treatment is
48042,"A 17-year-old girl had been taking a drug for treatment of acne for the last 2 years, which has lead to pigmentation. Which drug could it be?"
48139,A patient diagnosed with influenza reported onset of symptoms 18 hours ago. Which of the following is the most appropriate treatment for this patient?
48462,In Bronchiolitis followings is/are seen –a) Seen in children 5 months to 3 years of ageb) Caused by streptococcus pheumoniaec) Chest X–ray shows hyperinflation bilaterallyd) Symptomatic treatment is givene) Antibiotics should be started
48759,"A patient with psoriasis was started on systemic steroids. After stopping the treatment, the patient developed generalized pustules all over the body. The cause is most likely to be:"
48911,Which of the following treatments would you recommend for this patient ?
48930,Most common mode of treatment of a 1 year old child with asthma is -
49115,"Mrs. Reeta Wardhan, A 50-year old female with rheumatoid arthritis is being considered for infliximab therapy. Which of the following tests should be performed before beginning treatment?"
49136,Drug of choice for the treatment of a pregnant woman with P vivax malaria is :
49247,"A 37-year-old woman presents to her physician the complaint of difficulty in reading and fatigue. She repos having had ""pins and needles"" feeling in her left arm several months ago that resolved without treatment. On examination, She has visual field deficits and mild hyperreflexia. The MRI examination confirms the Suspected diagnosis. Which of the following is the underlying mechanism responsible for the patient's disease?"
49343,A 60-year-old male presents with Cancer prostate. The tumor is limited to the capsule and it is palpable on PR examination. The patient is diagnosed as stage T1b. The best treatment would be:
49353,"A 40 year old primiparous woman suspected to be suffering from endometriosis is subjected to diagnostic laparoscopy. Findings indicate - Uterus normal, both the ovaries show presence of chocolate cysts; endometriotic deposits are seen on the round ligament right side, both the fallopian tubes and the pouch of Douglas; moderately dens adhesions are present between the fallopian tubes and the pouch of Douglas. The treatment of choice in this case is :"
49410,Which of the following is not given in the treatment of cyanotic spells in a patient of TOF?
49420,"A sprightly 82 year old woman with a past history of a small hiatus hernia is recently diagnosed with osteoporosis and started on appropriate treatment. Three months later she complains to her family physician during a routine visit of progressive dysphagia to solids, especially to meat. The family physician notes
that she has lost 3 kg in weight although she retains a good appetite. She has no other symptoms and clinical examination is otherwise unremarkable. What is the most likely explanation?"
49613,A 12-year old boy is brought to the clinic by his father to get treatment for this condition on his face. What is the most appropriate morphologic term for these lesions?
49670,Moral treatment of the mentally ill patient was first stressed by -
49740,A patient with Hodgkin's lymphoma presents with isolated cervical lymphadenopathy. Biopsy from the lesion shows characteristic lacunar cells. The treatment of choice for this patient is:
49763,"If a new sputum smear positive patient of tuberculosis continues to be smear positive at the end of intensive phase of category I treatment under DOTS, further management of this patient would be to-"
49810,"A 20-year-old man presents with severe right lower quadrant abdominal pain, nausea, and anorexia. He states that the abdominal pain staed around his umbilicus and has now migrated to the right lower quadrant of his abdomen. Physical examination reveals exquisite tenderness at McBurney's point . This patient is diagnosed with acute appendicitis. Which of the following is the treatment for this condition?"
50251,A 50 year old female is admitted with abdominal pain and anuria. Radiological studies reveal bilateral impacted ureteric stones with hydronephrosis. Urine analysis showed RBCs with pus cells in urine. Serum creatinine level was 16mg/dL and blood urea level was 200 mmol/L; which of the following should be the immediate treatment.
50333,A 23-year-old homeless man is found to have consumed alcohol adulterated with methanol. He is started on treatment effective for minimizing the toxicity to methanol. Which of the following is the most likely explanation for the benefit of this treatment?
50343,"A Female patient comes for treatment of discoloured maxillary canine tooth. On examination there is yellowish discoloration of tooth which is not tender on palpation or percussion test. Radiograph reveals obliteration of root canal. History of trauma is elicited on questioning.

What investigations to be done further?"
50362,A 27-year-old woman presents with 26 weeks of gestation with a thyroid lesion which is found to be papillary carcinoma of thyroid. Which is the best treatment for this patient?
50775,Which of the following permanent tooth is least extracted for orthodontic treatment?
50963,Which of the following drugs can be used for the treatment of chloroquine resistant malaria in children ?
51139,Which of the following is preferred for infertility treatment of a female with increased prolactin levels ?
51237,What is the preferred treatment of complete prolapse in a female with completed family?
51362,"A 30-year old female complains of lower abdominal pain and purulent vaginal discharge. Her pulse rate is 98/min, temperature is 101oF, WBC and ESR are raised. Per vaginal examination reveals lower abdominal tenderness and cervical motion tenderness. What is the best treatment option for her?"
51450,"A 28 year old male presented with rash on his arms, legs and face, and painful ulceration of his lips and mouth along with fever. He developed an acute sore throat and conjunctivitis, following which a diagnosis of acute pharyngitis was made, presumed streptococcal, and oral penicillin was prescribed. All of the following can be used in the treatment of the above disease except: -"
51548,A young man with tuberculosis presents with massive recurrent hemoptysis. For angiographic treatment which vascular structure should be evaluated first?
51550,"A 43-year-old woman develops acute renal failure following an emergency resection of a leaking abdominal aortic aneurysm.Three days after surgery, the following laboratory values are obtained:* Serum electrolytes (mEq/L): Na+:127;K+:5.9;Cl-:92;HCO3-:15* Blood urea nitrogen: 82 mg/dL* Serum creatinine: 6.7 mg/dLThe patient has gained 4 kg since surgery and is mildly dyspneic at rest. Eight hours after these values are reported, the electrocardiogram shown below is obtained. The initial treatment for this patient should be"
51561,"A 72 year old woman presents with complaints of persistent urinary urgency, and incontinence. Her past medical history is significant for type 2 diabetes, for which she is currently taking glyburide, 5 mg twice daily. Which of the following is the most appropriate treatment for this patient?"
51578,Which of the following is the treatment of choice in the management of carcinoma of the anal canal?
51742,Which of the following can cause hypoglycemia in a patient of severe cerebral malaria on treatment ?
51845,A 59 year old man with severe myxomatous mitral regurgitation is asymptomatic. His echo shows a left ventricular ejection fraction of 45% and an end-systolic diameter index of 2.9 cm/m2. Which of the following represents the most appropriate mode of treatment ?
52214,Best treatment for a patient with first-degree hea block who presented with complaints of dizziness
52285,A HIV infected patient develops multibacillary leprosy. What is the recommended treatment?
52380,An edentulous patient had carcinoma of the oral cavity infiltrating into the lower alveolar margin. All the following are possible treatment options except:
52645,"If fracture of mandible occurs distal to lost tooth, the treatment of choice:"
52681,Moral treatment of mentally ill patient was first stressed by
52868,A patient came to the casualty with acute bronchial asthma after treatment for glaucoma. The probable drug may be -
53156,A 45 years old female presented to the OPD with breast lump of 4 cm in left breast. On examination left axillary lymph nodes were fixed and matted. Which of the following is the preferred treatment option?
53395,The treatment of choice in a patient with Massive Pulmonary Embolism in Shock is:
53410,A 7 yr patient came to opd with nodule on conjunctiva. He has history of taking TB treatment in the past. The nodule with has now encroached the limbus. What is the possible diagnosis.
53520,"A patient was on treatment with trifluoperazine for some time. He presents with a complaint of hyperthermia, lethargy and sweating. Needed investigations are -"
53560,"A 77-year-old man is brought to the hospital by his granddaughter for evaluation of confusion. He has no focal findings and his neuro-imaging studies are normal. Further investigations reveal a urinary tract infection, and the man improves somewhat after treatment, but still exhibits poor judgment and bizarre behavior. Pressing the family for information, the intern unearths a history of 8 years of progressive bizarre behavior. The man has undressed himself and made sexual advances to young female relatives, has urinated in hallways, and pushed food into his mouth with alarming speed. Which of the following is the most likely diagnosis?"
53562,Which of the following would be the best treatment for a 2 cm thyroid nodule in a 50 year old man with FNAC revealing it to be a papillary carcinoma?
53600,A patient of closed angle Glaucoma the treatment of choice in other eye is
53724,"A 52-year-old man comes with jaundice and extrapyramidal symptoms. On ophthalmic examination, the below finding is noted. The treatment is:"
53921,"In Euthansasia, irreversible calmatose patients, withdrawing life sustaining medical treatment is called"
53939,The following are used for treatment of postoperative nausea and vomiting following squint surgery in children except –
54001,A 27 year old nulliparous woman complains of severe menorrhagia and lower abdominal pain since 4 months. On examination there is a 9 wks size uterus with fundal fibroid. The treatment of choice is:
54202,Which of the following drugs is effective as a replacement for sodium valproate in a female of childbearing age group for treatment of juvenile monoclinic epilepsy?
54231,"A young man is with known heroin addiction is brought in the emergency in unconscious state. On examination, the patient has decreased bowel sounds, depressed respiration and pin point pupil. The treatment of choice for this patient is"
54282,A male aged 40 years presenting with papillary cancer thyroid confined to one lobe of thyroid of size 3x3 cm with no node palpable. What is the ideal treatment?
54360,"Which of the following human malignancy is highly malignant, rapidly progressive and delay in treatment of even 1-2 days can lead death?"
54705,38 year old male with hypopigmented patches near both ankles. What is not used for treatment?
54748,"A patient of abdominal sepsis was staed on empirical treatment with intravenous ampicillin and gentamicin. Regarding the treatment of this patient, which statement is most accurate"
54879,Pegvisomant is approved for the treatment of?
54893,All are useful for management of severe Clostridium difficle treatment except -
54959,"A 45-year-old male, Sanjeev was brought to the emergency with severe agitation and aggressive behavior. He was staed on haloperidol and the patient became responsive and cooperative. After 8 days of treatment, he developed high grade fever, diarrhea, confusion and muscle rigidity. Which of the following should be used for the treatment of this condition?"
55297,"In deciding on a treatment for a 60 years old patient, Golu, who has chronic hea disease and rheumatoid ahritis, you wish to give him procainamide. He is already taking digoxin, hydrochlohiazide and potassium supplementation. Which of the following is a relevant statement?"
55500,Which of the following can cause complications with treatment of mandibular fracture?
55859,A coin is loaded in the esophagus of an asymptomatic 3 year old female child. What is the treatment option in this child?
55937,A patient develops hypoglycemia. He was on insulin and acarbose. For treatment of above what is to be given?
56108,A patient presents with a lower gastrointestinal bleed. Sigmoidoscopy shows ulcers in the sigmoid. Biopsy from this area shows flask-shaped ulcers. Which of the following is the most appropriate treatment -
56374,Which of the following is the treatment of choice in patients with neurogenic diabetes insipidus?
56394,"A 30-year-old construction worker presented with exeional pain in his B/L forearms and hands. There is history of chronic cigarette smoking. O/E, Faint radial and ulnar pulses Easily palpable brachial pulse Angiography of the hand was done. Which of the following is the best treatment of the above condition: -"
56529,Drugs that can be used for treatment of hypeension in a diabetic patient are Except
56644,A 15 year old boy with epilepsy on treatment with combination of valproate and phenytoin has good control of seizures. Levels of both drugs are in the therapeutic range. All of the following adverse effects can be attributed to valproate except :
56723,A 70 year old male chronic smoker is having carcinoma in situ of urinary bladder. TUR is done. Now there is a recurrence with the tumour extending into the muscle treatment would be
57145,"A 30-years-old woman para 2+0, hypertension have menorrhagia. Which is best treatment for her?"
57156,"A 22-year-old woman is diagnosed with bipolar disorder. Over the next year, she develops neurologic manifestations that include resting and intention tremors, rigidity, chorea, dysphagia, and dysarthria. On physical examination, she has bilateral Babinski signs. There are ring-like deposits of green material involving the cornea bilaterally, but her vision is not decreased. One year later, she has an illness that lasts 3 weeks, with nausea, vomiting, and malaise and scleral icterus. Laboratory findings include serum AST, 100 U/L; ALT, 122 U/L; alkaline phosphatase, 105 U/L; total bilirubin, 4.5 mg/ dL; glucose, 77 mg/dL; and creatinine, 0.9 mg/dL. Serologic test results for hepatitis A, B, and C are negative. This episode subsides without treatment, but she eventually develops cirrhosis. A mutation in a gene encoding for what substance is most likely to be present in this woman?"
57330,Mass treatment with azithromycin is indicated if prevalence of follicular trachomatous inflammation (TF) In 1-9 years population is more than:
57447,"After contrast media injection in the Radiology department, a patient develops severe Hypotension, bronchospasm and cyanosis. Which one of the following drugs should be used for treatment"
57471,A 50-year-old man has a history of frequent episodes of renal colic with high calcium renal stones. The most useful diuretic in the treatment of recurrent calcium stones is
57663,"A 55-year-old male, with uncontrolled diabetes mellitus and hypeension, developed severe air-borne contact dermatitis. The most appropriate drug for his treatment would be:"
57950,"A 35 yr old female, mother of 3 children is observed to have CIN grade III on colposcopic biopsy. Best treatment will be:"
58028,"A 8 year old boy presented with swelling in the left eye of 3 months, examination revealed proptosis of left eye with preserved vision. Right eye is normal. CT scan revealed intraorbital extraconal mass lesion. Biopsy revealed embryonal rhabdomyosarcoma. Metastatic work up was normal. The standard line of treatment is -"
58131,"30 yrs female presented with unilateral breast cancer associated with axilary lymph node enlargement. Modified radical mastectomy was done, further treatment plan will be"
58217,Which is the true statement regarding gonococcal urethritis -a) Symptoms are more severe in females than in malesb) Rectum and prostate are resistant to gonococcic) Most patients present with symptoms of dysuriad) Single dose of ciprofioxacin is effective in treatmente) Commonly leads to arthritis
58227,"A patient presented with Hypovolemeia and Na is 154, The initial treatment includes"
58436,What is the treatment in a child having laterally luxated teeth which are not in occlusion?
58495,A child on b2 agonists for treatment of bronchial asthma may exhibit all of the following features except:
58875,"A 56-year-old African-American man with COPD comes to the physician for a routine examination. His average diurnal ambulatory blood pressure is 148/92 mmHg. Laboratory studies show creatinine level of 3.2 mg/dL and a potassium level of 5.6 mg/dL. 
Which of the following medications would most likely be considered the first-line treatment in this patient?"
58894,An AIDS patient presents with fistula - in- ano. His CD4 count is below 50. What is the treatment of choice -
58938,A 30 year old male with NIDDM has a blood pressure of 150/90. His urine examination reveals persistent albuminuria in traces. The most appropriated line of treatment would be -
59360,Commando operation is used as treatment for
59411,A 55 year old cardiac patient who was on long-term treatment comes for follow up visit. The physician observes the following finding on ophthalmological examination. Which drug prescribed by the physician would most probably be responsible for this?
59554,"A 75 years female patient with fracture neck of femur 1 month hack, presents with 2 days history of altered sensorium & decreased urine output. Urea is 140 mg/dl, creatinine is 2 mg/dl, Ca is 15.5 mg/dl. All of will be useful in immediate treatment except"
59619,"A patient on treatment for leukemia, develops chest pain, pulmonary infiltrates and pleural effusion. The likely cause is -"
59780,"A male 45 years old presents to the dental clinic with pain in lower back tooth region. Intraoral examination reveals carious 36. Root canal treatment done and Zirconia crown has to be placed. Dentist makes an impression with polysulfide impression material.
This material has the working time(in minutes):"
59793,A 17-year-old high school tennis player sustains a right midshaft clavicle fracture. Which of the following increases the risk of nonunion in the non operative treatment of clavicle fractures
59798,Most common mode of treatment of a 1 year old child with asthma is
59876,"A 60 yr old woman came to OPD with distended abdomen and postmenopausal bleeding. Imaging suggests bilateral ovarian complex masses with a CA 125 value of 1500. A comprehensive surgical staging is planned. Per operatively, bilateral ovarian masses are seen with surface involvement and ascites. There is no pelvic or extrapelvic extension of tumor or lymph node involvement. What is the appropriate treatment?"
59880,The treatment of choice for fibrous dysplasis of mandible in a 7 year old girl is
59970,"A 50-year-old woman is 5 ft 7 in tall and weighs 185 lb. There is a family history of diabetes mellitus. Fasting blood glucose (FBG) is 160 mg/dL and 155 mg/dL on two occasions. HgA1c is 7.9%. You educate the patient on medical nutrition therapy. She returns for reevaluation in 8 weeks. She states she has followed diet and exercise recommendations, but her FBG remains between 140 and 150 and HgA1C is 7.7%. She is asymptomatic, and physical examination shows no abnormalities. Which of the following is the treatment of choice?"
60019,"A 63 year old male presented with chronic watery diarrhea associated with flushing charecterised by sudden onset deep red or violaceous erythema of the upper body often with pruritus, lacrimation and facial edema. The flushing was noticed to be precipitated by exercise, alcohol, stress and cheese intake. He has a history of wheezing and clinical examination revealed pellagra like skin lesion. All are useful steps in the treatment of this clinical condition, EXCEPT:"
60120,"56 years old woman has come to OPD with the complaints of hot flushes, irritability, joint pains and lack of sleep. Most appropriate treatment would be:"
60290,"A 17 year old girl had been taking a drug for the treatment of acne for the last 2 years, which has lead to pigmentation. Which drug could it be?"
60401,"A 30-year-old woman para 2, hypeension have menorrhagia. Which is best treatment for her?"
60541,"A 26 year woman presents with a palpable thyroid nodule, and needle biopsy demonstrates amyloid in the stroma of the lesion. A cervical lymph node is palpable on the same side as the lesion, the preferred treatment should be"
60812,A 63-year-old man asks if you can get rid of a wa from his back that catches on his clothes and bleeds on occasion. He thinks it has been there for only a couple of months. The lesion is shown below. Which one of the following would be the single most appropriate treatment for this lesion?
60834,Fully humanized antibodies used in treatment of rheumatoid arthritis ?
60893,A child brought with seizures and impairment of development is diagnosed having phenylketonuria. What is the initial line of treatment in this child?
60944,Which is true about treatment of hypeensive crisis with encephalopathy in a patient with a pheochromocytoma.
60998,The duration of treatment with rifampicin by which a leprosy patient becomes non-infective is:
61078,"A child presenting with recurrent respiratory tract infection, mouth breathing & decreased hearing treatment is -a) Tonsillectomyb) Adenoidectomyc) Grommet insertiond) Myringotomye) Myringoplasty"
61228,Which of the following is true regarding enalapril treatment in patients of essential hypeension?
61352,A child with Thalassemia major has a history of treatment for cardiac arrhythmia due to iron overload. Now the child came for regular transfusion and while transfusion the child became anxious and developed complaints of backpain. What is the next management?
61544,"A young child of 7 years age is seen with indurated ulcers, lymphadenopathy and fever. The likely treatment is:"
61780,"A 88 years male patients presented with end stage renal disease with coronary aery block and metastasis in the lungs. Now presents with acute cholecystitis, patients relatives needs treatments to do something"
61827,Which of the following statements are True/False about Nephrotic syndrome in a child: 1. Minimal change Nephrotic syndrome accounts for 80-85% cases 2. Serum albumin level below 2.5g/dl 3. Cyclosporine and Azathioprine is mainstay of therapy 4. Pretreatment biopsy is done in all cases
61940,"A 88 years male patients presented with end stage renal disease with coronary aery block and metastasis in the lungs. Now presents with acute cholecystitis, patient's relatives need treatment to do something -"
62014,"A female, Lalita, aged 26 yrs accidentally takes 100 tablets of paracetamol. What is treatment of choice -"
62054,"A 24 year old man had multiple, small hypopigmented macules on the upper chest and back for the last three months. The macules were circular, arranged around follicles and many had coalesced to form large sheets. The surface of the macules showed fine scaling. He had similar lesions one year ago which subsided with treatment. The most appropriate investigation to confirm the diagnosis is;"
62275,A 38-year-old daily laborer has a hea rate of 44 on routine examination. What is the treatment?
62456,"A 22-year old woman develops an acute contact dermatitis to a household-cleaning agent. Which of the following treatments is most appropriate during the bullous, oozing stage?"
62590,"A 57-year-old man is admitted to the hospital for treatment of chronic pancreatitis. In patients with chronic pancreatitis, deficiency of which of the following vitamins is most likely?"
62721,A 50-year-old chronic smoker presents with history of major depressive disorder and ischaemic hea disease. He has not received any psychiatric treatment. Which of the following medications is the best option to help him to quit smoking?
62764,A 42-year-old woman presents with brown papules located around her eyes and on the malar cheeks. Several of her aunts were similarly affected at the same age. She would like them removed. Which of the following treatments is most likely to cause hypopigmentation?
63120,"In Maxillary carcinoma of a 60 year old patient involving anterolateral pa of maxilla, the preferred treatment is"
63130,"In a patient with Anti-Phospholipid Antibody syndrome, which of the following treatment is used to prevent further abortions?"
63201,A 55-year-old female on methotrexate presents with continuous pain and swelling of bilateral hand joints. What is the best treatment plan for this patient?
63354,A 2-year-old child undergoes tympanostomy tube placement for treatment of chronic bilateral serous otitis media. Which of the following complications is least likely to occur subsequent to surgery?
63385,Preferred drug for the treatment of a 48 year old man with uncomplicated grade 2 hypeension without any associated co-morbidity is
63389,A 29yrs old nulliparous woman complains of severe menorrhagia and lower abdominal pain since 3months .On examination there was a 14 weeks size uterus with fundal fibroid .The treatment of choice is
63448,The treatment options for patients with RRMS (relapsing-remitting multiple sclerosis) are all except
63450,"8-month-old male infant is brought in for routine checkup by his mother. The child is pale, but other than that, looks healthy, with growth parameters within the expected range. The mother informed that boy was breast fed for three months, followed by cow's milk substitute. For the last two months, she started giving him fruits and vegetables; however, she still hasn't introduced eggs and milk into the boy's diet. Complete blood count (CBC) shows hemoglobin (Hgb) level to be 9g/dL, mean corpuscular volume (MCV) of 65fL, increased total iron binding capacity (TIBC) and low serum iron. Neither mother nor father have a positive family history for any blood disorder. What is the best treatment?"
63585,"A young man with pulmonary tuberculosis presents with massive recurrent hemoptysis. For angiographic treatment, which vascular structure should be evaluated first –"
63674,A permanent incisor with an open apex is extruded 4 mm following an injury 15 minutes ago. What is the treatment of choice?
63850,"A hemodynamically stable patient with early pregnancy has adnexal mass of 2.5 x 3 cms and beta hCG titre of 1500 mIU /ml, with no intrauterine gestational sac. What modality of treatment is suitable for her"
64096,Initial fluid of choice in treatment of hypovolemia in trauma patient
64197,A 28-year-old male complains of glare in both eyes. The cornea shows whorl-like opacities of the epithelium. He also gave a history of long-term treatment with amiodarone. The most likely diagnosis is –
64253,Permanent loss of root structure related to orthodontic treatment occurs primarily at the:
64416,The following lesion appears on the cheek of a patient of ulcerative colitis. It subsided with potassium iodide treatment. What is the diagnosis?
64719,A male patient with bipolar disorder is controlled on medications. Symptoms of mania sta to appear whenever he himself tapers down the drugs. What type of treatment can improve compliance in this patient?
65103,"12 year old boy came with fever, sorethroat and cervical lymph node enlargement. Throat swab positive for group A beta hemolytic streptococci and started on penicillin. But he came back with worsening of symptoms even while on treatment. Next step is:"
65177,Bone marrow depressive drugs in the treatment of AIDS patient are except
65501,"A 19 year old boy suffering from chronic schizophrenia is put on haloperidol in the dose of 20 mg/day. A week after the initiation of medication the patient shows be restlessness, fidgety, irritability and cannot sit still at one place. The most appropriate treatment strategy is:"
65605,In child patient which of following is not given for day care treatment:
65736,What is the treatment for a newborn child with CTEV?
65842,A patient presents with lower gastrointestinal bleed. Sigmoidoscopy shows ulcer in the sigmoid. Biopsy from this area shows flask-shaped ulcers. Which of the following is the most appropriate treatment -
65888,A young 23-year-old black African man presents with a hyphema in the right eye after blunt injury. All of the following are acceptable initial treatments except?
65930,18 year female (visual below) with the hypopigmented patch in both ankle what is not used for treatment
65990,A patient with grandmal epilepsy would likely be under treatment with:
65991,"A 30 yr old multipara, hypeensive woman complaints of menorrhagia. Which is best treatment for her?"
66141,"Two years ago, a 30-year old lady had undergone near total thyroidectomy for papillary carcinoma. During the follow up visits, she was found to have multiple, discrete, mobile, left, deep cervical lymph nodes measuring 1 to 1.5 cms in size. the ideal treatment for this lady would be -"
66213,The current treatment of choice for a large antrochoanal polyp in a 30 year old man is -
66245,A 32-year-old female with diabetes visits antenatal clinic at 6 weeks of amenorrhea. She has not been on any treatment. What is the first step in the management?
66253,A 16-year-old asthmatic is currently on salbutamol inhaler which she uses twice a week on an average and frequently wakes up coughing. She has a compliant with her treatment regimen and has good inhaler technique. Which of the following would be the most appropriate next step in managing her asthma?
66298,What is the dosage of a single dose of Albendazole prescribed to a child of 10yrs for treatment of roundworm infestation?
66338,"A-65, year old farmer presents with sweating, hypothermia and pulse rate of <50/min treatment is -"
66813,Which index is used to score the outcome of treatment in patients with cleft lip and palate?
67016,"A 35 years old lady presented with retrosternal burning pain, epigastric pain and regurgitation for 6 years. The most preferred treatment option is:"
67039,"Vimal, a 70 years old male presents with a h/o lower GI bleed for last 6 months. Sigmoidoscopic examination shows a mass, of 4 cms about 3.5 cms above the anal verge. The treatment of choice is ?"
67149,"A 70 year old male patient presented with history of chest pain and was diagnosed to have coronary aery disease. During routine evaluation, an ultrasound of the abdomen showed presence of gallbladder stones. There was no past history of biliary colic or jaundice. What is the best treatment advice for such a patient for his gallbladder stones?"
67187,A 11 year-old boy is brought to the physician with complaint that he gets up at night and while sleeping walks around the house for a few minutes before returning to bed. When parents try to wake him up he is confused and disoriented. Which of the following is the most appropriate treatment for him?
67188,"Kalavati, a 29 year old nulliparous women complains of severe menorrhagia and lower abdominal pain since 3 months. On examination there is a 14 wks size uterus with fundal fibroid. The treatment of choice is."
67458,A female treatment for depression took a massive dose of amitriptyline for suicide. Which of the following is wrong regarding management for her
67494,Which of the following would be the most appropriate treatment for rehabilitation of a patient who has bilateral profound deafness following surgery for bilateral acoustic schwannoma -
67505,"A 45 year old patient chronic alcoholic, who was regular treatment for diabetes, died from acute exacerbation of chronic pancreatitis. As per Medical ceification of cause of death, the column pa 1 (a) of death ceificate is filled with________"
67549,What is the treatment of choice for 70 years old male patient who presented with peritonitis secondary to ruptured diveiculitis ?
67603,An endocarditis patient under a physician's care develops a urinary tract infection (UTI). A group D enterococcus (Enterococcusfaecium) is isolated but the UTI does not respond to ampicillin and gentamicin treatments. Which of the following options would be considered the most clinically appropriate action?
67724,A 25 year old Female complains of discharge of blood from a single duct in her breast. The most appropriate treatment is:
67749,"According to Suraksha Clinic in National AIDS Control Program, infant coming with lower abdominal pain, the color code of kit in treatment is"
67844,"In the case of a 70 year old lady with intracapsular fracture of the neck of femur, the ideal treatment would be-"
68095,"Hari ram a 70 year old male presents with h/o lower GI bleed for the last 6 months. Sigmoidoscopic examination shows a mass, of 4 cms about 3.5 cms above the anal verge. The treatment of choice is:"
68125,Initial treatment of dysfunctional uterine bleeding in a young female is :
68179,"A 16-year-old female comes to the physician because of an increased vaginal discharge. She developed this symptom 2 days ago. She also complains of dysuriA. She is sexually active with one paner and uses condoms intermittently. Examination reveals some erythema of the cervix but is otherwise unremarkable. A urine culture is sent which comes back negative. Sexually transmitted disease testing is performed and the patient is found to have gonorrheA. While treating this patient's gonorrhea infection, treatment must also be given for which of the following?"
68261,"A 24-year old unmarried woman has multiple nodular, cystic, pustular and comadonic lesions on face, upper back and shoulders for 2 years. The drug of choice for her treatment would be:"
68335,A 28-year-old male complains of glare in both eyes. The cornea shows whorl like opacities of the epithelium. He also gave a history of long term treatment with amiodarone. The most likely diagnosis is
68670,"A 10yr old boy with a known case of nephrotic syndrome since 4 years on treatment brought to the pediatric OPD with chief complaint of difficulty in breathing. There is no history of fever. On examination, respiratory system was normal except slightly reduced breath sounds on right infra-axillary region. Paediatrician thinks of pleural effusion. What is next best modality of investigation to detect pleural effusion?"
68717,"Sucheta, a 29 year old nulliparous women complains of severe menorrhagia and lower abdominal pain since 3 months. On examination there was a 14 weeks size uterus with fundal fibroid. The treatment of choice is :"
68975,A child with moderate to severe head injury is admitted in PICU. First line treatment are all except:
69087,A child on Beta-2 agonists for the treatment of bronchial asthma may exhibit all of the following features EXCEPT:
69256,"In triage system for disaster management, which of the following color codes denote 'high priority treatment' and 'transfer': September 2012"
69260,Best treatment of subdural haemotoma in a deteriorating patient-
69405,A 40 years old male with CA descending colon presents with acute intestinal obstruction. Emergency treatment of choice is
69543,"A 24 year old man had multiple, small hypopigmented macules on the upper chest and back for the last three months. The macules were circular, arranged around follicles and many had coalesced to form large sheets. The surface of the macules showed fine scaling. He had similar lesions one year ago which subsided with treatment. The most appropriate investigation to confirm the diagnosis is -"
69550,"A patient with psoriasis was started on systemic steroids. After stopping the treatment, patient developed universally red scaly skin with plaques losing their margins all over his body. The most likely cause is –"
69769,"A 25 year old patient, Bindu. presents with vaginal discharge. Examination of the discharge reveals the presence of Chlamydial infection. The treatment of choice is :"
69940,"A 30 year old female with history of singing, vocal abuse and gastrooesophageal reflux developed nodules at junction of anterior 1/3rd & middle 3rdof her vocal cords. What is treatment of choice ?"
70059,"An agitated and nervous 24-year-old woman has had severe wheezing and shortness of breath for 2 days. After receiving oxygen, steroids, and salbutamol (Ventolin) in the emergency room, her breathing improves. She is still wheezing and now feels tremulous and anxious with a pulse of 110/min and respirations 30/min. Arterial blood gases on oxygen reveal a pH of 7.40, PO2 340 mm Hg, PCO2 40 mm Hg, and bicarbonate of 24 mEq/L. She is hospitalized for further treatment. Which of the following treatments or medications should be avoided in her?"
70458,A 69 year old male patient having coronary aery disease was found to have gall bladder stones while undergoing a routine ultrasound of the abdomen.There was no history of biliary colic or jaundice at any time.What is the best treatment advice for such a patient for his gallbladder stones:
70547,"A 24-year old male had multiple, small hypopigmented macules on the upper chest and hack for last three months. The macules were circular, arranged around follicles and many had coalesced to form large sheets. The surface of the macules showed fine scaling. He had similar lesions one year ago which subsided with treatment. The most appropriate investigation to confirm the diagnosis"
70564,U/L vocal cord palsy treatment includes -a) Isshiki type I thyroplastyb) Isshiki type II thyroplastyc) Woodmann operationd) Laser arytenoidectomye) Teflon injection
70576,"A 60-year-old male, a known case of COPD with hea failure was admitted with the complaints of shoness of breath and symptoms of right sided hea failure. He was catheterized and staed on treatment. After 8 days, he complained of pain in the right flank region, along with high grade fever with rigor. On examination it was observed that the urine in the catheter was cloudy and patient was also having pain in the urethral region. Urine R/M and culture studies were immediately sent. USG abdomen revealed pyelonephritis of the right kidney. Urine studies revealed increased WBCs in the urine sample. The organism was isolated, Gram staining was done. It showed tiny deep pink colonies on MacConkey agar. Colonies produced on tellurite agar are given below. The organism was heat resistant and could grow in 40% bile, 6.5% NaCl and at pH of 9.6. To which of the following drugs is the organism intrinsically resistant to: -"
70682,"A 4 year child's radiograph shows small radialucency
in the bifurcation area of primary Lower second molar.
There is bleeding on opening the root canal. The most
likely treatment to be is"
70737,A hemodynamically stable nulliparous patient with ectopic pregnancy has adnexal mass of 2.5 x 3 cms and Beta HCG titer of 1500 miu/ml. What modality of treatment is suitable for her:
70804,"A 45 year old male presents to the dental clinic with black spot. He also gives the history of previous dental treatments of other teeth and wants gold to be filled in this tooth. On examination, it is revealed that 16 no. tooth has pit and fissure caries. During the condensation of the restorative material, the compacted surface should be:"
70950,In multibacillary leprosy the follow up examination after adequate treatment should be done yearly for -
70968,A 30 real old patient comes with scrotal swelling. Transillumination is positive. A large hydrocoele is suspected. What’s the preferred treatment
70974,A patient has presented with palpitations. There no past history of any similar episode(s) but he informs you that he consumed a large amount of coffee at work. What is the most appropriate first-line treatment for this patient?
71090,Permethrin is used in treatment of – a) Scabiesb) Leprosyc) Body Loused) Leishmaniasis
71405,A 10 year old male patient complains of spacing between his upper front teeth. On clinical examination a midline diastema is seen. It is noted that the patient is in the mixed dentition period. Which of the following is an appropriate treatment protocol for this patient?
71593,Which of the following can cause hypoglycaemia in a patient of severe cerebral malaria on treatment?
71949,"A 22-year-old woman comes for treatment of hirsutism. She is obese and has facial acne and hirsutism on her face. Serum LH level is 36 mIU/mL and FSH is 9 mIU/mL. Androstenedione and testosterone levels are mildly elevated, but serum DHEAS is normal. The patient does not wish to conceive at this time. Which of the following is the most appropriate treatment of her condition?"
71979,"A medical student has been exposed to a patient with tuberculosis and developed a positive tuberculin test (PPD) but exhibited a normal chest X-ray. Fie is placed on a 6-month course of prophylactic treatment, but subsequently develops peripheral neuropathies. Which one of the following vitamins would be considered a treatment for the neurotoxicity?"
72296,"A 24-year old male had multiple, small hypopigmented macules on the upper chest and back for last three months. The macules were circular, arranged around follicles and many had coalesced to form large sheets. The surface of the macules showed fine scaling. He had similar lesions one year ago which subsided with treatment. The most appropriate investigation to confirm the diagnosis:"
72380,45 yr of male presented with Proliferative diabetic retinopathy with Vitreomacular traction. What can be treatment?
72439,"A 55-year-old man is presents with chest discomfo, fatigue, and palpitations. His blood pressure is 85/50 mm Hg and hea rate is 140 beats per minute. Which of the following is the best treatment for this patient?"
72521,A 45 year old female patient presents with symptoms of easy bruisability and frequent headaches. Physical examination show a moderate splenomegaly. Blood counts shows a normal leucocyte count and a platelet count of 1000 x 103/cu mm. The leucocyte alkaline phosphatase score is normal. Which one of the following is the drug of choice for the treatment of this patient?
72643,"A 12-year-old girl with leukemia develops a lower respiratory tract infection with hemoptysis that is shown to be due to right-sided bronchiectasis. In addition to treatment for the underlying leukemia, the patient should receive which of the following?"
72710,A young man with tuberculosis presents with massive recurrent hemoptysis. For angiographic treatment which vascular structure should be evaluated first
72975,"A 41 year old male patient presented with recurrent episodes of bloody diarrhea for 5 years. Despite regular treatment with adequate doses of sulfasalazine, he has had several exacerbations of his disease and required several weeks of steroids for the control of flares. What should be the next line of treatment for him?"
73288,"A female newborn was found to have a large midline tumor in the lower sacral area, which was diagnosed as a sacrococcygeal tumor. Which of the following courses of treatment is recommended for this child?"
73413,A 55 year old cardiac patient who wason long term treatment comes for follow up visit.The physician observes the following finding on opthalmologicalexamination.Which drug prescribed by the physician would most probably be responsible for this?
73571,"A 38 year old male presented with a suspected diagnosis of suppurative labyrinthitis. A positive Rinne's test and positive fistula test was recorded on initial examination. The patient refused treatment, and returned to the emergency depament after 2 weeks complaining of deafness in the affected ear. On examination, fistula test was observed to be negative. What is the likely expected finding on repeating the Rinne's test?"
73627,A psychiatric patient on regular treatment had his routine check-up. His fundus shows the below finding. The most probable drug implicated is ( Pigmented retinal epithelium)
73676,"A 55-year-old woman presents with pain in the LLQ of the abdomen and fever of 102degF. On examination, she is found to be dehydrated and has tenderness in the LLQ. A CT scan shows a mass in the LLQ involving the sigmoid colon. There is a minimal amount of free fluid and no free air. What should the initial treatment of this patient include?"
73883,A patient comes in stupor condition patient's parents give history of being continually sad and suicidal attempts not . eating and sleeping most of the time. The treatment is
73922,A patient was placed on depot medroxy progesterone acetate. She now complains of irregular spotting. All of the following can be a treatment option except
74232,What would be the first line of treatment is a patient develops ventricular fibrillation after intravenous injection of potassium chloride -
74372,In patient with listeria meningitis who is allergic to penicillin the treatment of choice is -
74423,"A 15-year old boy presents with weakness in both lower limbs that has progressed to involve the trunk over the last 6 days. Examination shows reduced power in muscles of the lower limbs, abdomen and chest; deep tendon reflexes are absent. CSF examination shows no cells, sugar-80 mg/dl and protein 80 mg/dl. The treatment of choice is:"
74469,A 45-year-old female is diagnosed as a case of pneumococcal meningitis. Her blood samples were sent for culture sensitivity. In the mean time best drug to start as an empirical treatment is:
74602,"In a child with suspected diagnosis of epiglottitis, indicate your first line of treatment:"
74687,"A 63-year-old woman is seen in the emergency room with acute shortness of breath. There is no history of heart or lung problems in the past. She was recently diagnosed with breast cancer and is undergoing active treatment. On examination, her blood pressure is 120/80 mm Hg, pulse 100/min, and heart and lungs are normal. There are no clinical signs of deep venous thrombosis (DVT). Which of the following investigations is most likely to rule out a pulmonary embolism (PE)?"
74859,All of these are used in the treatment of visceral leishmaniasis except :
75063,"3 year old child has a central incisor that has turned
bluish black. There is a small radiolucent area at the
apex of the tooth. Ideal treatment is"
75108,What is the recommended treatment for this male aged 35 years?
75296,"A 24 year old man had multiple, small hypopigmented macules on the upper chest and back for the last three months. The macules were circular, arranged around follicles and many had coalesced to form large sheets. The surface of the macules showed fine scaling. e had similar lesions one year ago which subsided with treatment. The most appropriate investigation to confirm the diagnosis is –"
75334,"A diabetic male presents with hypeension and 24-h urine showing 200 mg of albumin. In a diabetic patient with microalbuminuria, the appropriate drug for treatment of hypeension to prevent progression of renal failure is"
75366,Which of the following treatments cannot used for management of Obsessive Compulsive Disorder (OCD)?
75532,A month old HIV positive child following UI developed sudden onset of breathlessness. The chest x-ray shows hyperinflation. The O2 saturation was greater than 90%. The treatment of choice is -
75622,"A 34-year old rickshaw puller has been using heroin for the past ten years. One evening his family members found him unconscious. He was brought to the casualty. On examination he had tachycardia, shallow breathing, constricted pupils. His blood pressure was 100/70 mm of Hg. He had brisk bilateral deep tendon reflexes. The planter reflexes were flexor on both sides. Which of the following is the best treatment for him?"
75820,A patient with Crohn's disease was opened for and an inflammed appendix found. The treatment of choice is?
76082,The recommended treatment for preputial adhesions producing ballooning of prepuce during micturition in a 2-year-old boy is -
76430,"A 36 year old female came for treatment of infeility. To test for her ovarian reserve, the following is measured:"
76491,"In a patient with multiple bilateral nasal polyps, X-ray shows opacity in the paranasal sinuses. The treatment consists of all of the following except:"
76574,What treatment should not be required for the patient with grade II furcation involvement?
76640,The syndromic management of urethral discharge includes treatment of –
76802,"A 55 year old male patient was diagnosed to have chronic hepatitis C. He responded to treatment with interferon. However, after one year of follow up he showed a relapse of disease. Which of the following would be the next most appropriate choice?"
76840,A patient with Hodgkin's lymphoma is having a single cervical lymphnode. Biopsy showed lymphocyte predominant variant. Which of the following is the treatment of choice-
76854,"A 50-year-old man presented to his family doctor complaining of flu-like symptoms. The doctor gave him a shot of penicillin and sent him home. The man came back a week later and in fact, felt worse. The man was a rancher and raised a lot of cattle. He told the doctor that he had congenital heart disease and an attack of rheumatic fever when he was young. The man now complained of fever, night sweats, continual coughing, weight loss, and lethargy. The doctor had the man hospitalized because he now suspected subacute bacterial endocarditis (SBE). A culture of his blood did not show any bacterial growth, but a serum analysis for antibodies against a certain bacterium was positive. As a result of finding antibodies to this organism, treatment with doxycycline was begun and the patient improved and was released from the hospital. What was the name of the organism with which the man was infected?"
77097,The current agent of choice for treatment of bipolar affective (manic-depressive) disorder is:
77123,"A 33-year-old woman comes to the physician because of a 3-day history of dry cough and low-grade fever. Four months ago, she was diagnosed with major depressive disorder and staed treatment with fluoxetine. Physical examination shows no abnormalities. A diagnosis of upper respiratory infection is made and medication is prescribed to relieve her symptoms. A drug with which of the following mechanisms of action should be avoided in this patient?"
77206,Which bisphosphonate is approved for the treatment of osteoporosis and is given on yearly basis?
77280,"A CKD patient with hypeension, What is the initial treatment of choice ?"
77395,Which of the following congenital malformation is seen in a child of a mother who is on treatment with oral anticoagulants?
77398,Fracture lateral condyle of the humerus is a common injury in children. Which one of the following is the most ideal treatment for a displaced fracture lateral condyle of the humerus in a 7-year-old child?
77433,"A female presents with anorexia, weight loss, hyperpigmentation, bowel changes, and light headedness on standing. The cosyntropin stimulation test shows random serum coisol of 11 mcg/dL (normal is greater than or equal to 20 mcg/dL). Serum coisol 1 hour after 0.25 mg cosyntropin N is 14 mcg/dL. (The rise in coisol is expected to be > 7 mcg/dL). Aldosterone level is 10 ng/dL. Which of the following is an appropriate treatment for this patient?"
77469,"A 45 year old female presents with the complaint of pain in the metacarpophalangeal, proximal interphalangeal and metatarsophalangeal joints of both right and left hands. Serology showed positive anti-CCP antibodies. She was placed on infliximab for control. Which of the following need to tested before starting treatment?"
77518,Cat bites in child treatment - false is
77600,"29 years female, G2 P1 A1 with 16 weeks amenorrhoea, lower abdominal pain and vaginal bleeding, ultrasonography shows snow storm appearance. What is the most feasible method of treatment"
77863,For how long can a patient survive in anhepatic phase given full supportive treatment?
77871,"In 8 year old child, the drug of choice in the treatment of ANUG (Acute necrotizing ulcerative gingivitis) is:"
77890,"A cardiologist waewnts to study the effect of an atrovastatin drug. He notes down the initial cholesterol levels of 50 patients and then administers the drug on them. After a month’s treatment, he measures the cholesterol level again. Which of the following is the most appropriate to test the statistical significance of the change in blood cholesterol?"
77989,"28 year old female presented with syphilitic chancre. She was put on Inj. Benzathine penicillin G 2.4 million units i.m single dose regimen. After initial treatment, she was screened at 6 month interval. She was found to be still positive. Which of the following treatment regimen would you recommend"
78027,"After contrast media infection in the Radiology depament, a patient develops severe hypotension, hronchospasm and cyanosis. Which one of the following drugs should be used for treatment?"
78046,"18 months old child presents with low grade fever, stridor and barking cough. His chest x-ray was taken and given below. 
The line of treatment is"
78061,"A six year old child patient has blue-dome shaped swelling in posterior mandibular region, what will be the treatment plan?"
78066,A 60-year-old male presented to your OPD with this problem. What is the preferred treatment?
78231,"A 58-year-old woman is admitted to hospital with left-sided hemiparesis. She is diagnosed with an ischemic right cortical stroke, and started on amino salicylic acid (ASA) for secondary prevention. Her carotid ultrasound reveals no arterial stenosis. She has no other significant past medical history but she does smoke half pack a day. Her fasting lipid profile is T-chol 240 mg/dL, HDL 50 mg/dL, LDL 160 mg/dL, and triglycerides 130 mg/dL.For the above patient with dyslipidemia, select the most appropriate treatment."
78578,"A 48 year old man with an onset of macules and papules, ulcers and eschars on the upper and lower extremities, hands, genitals, face, as well as nasal and oral mucosae. The rash was accompanied by severe malaise, fever, ahralgia, paraesthesia, and microhematuria. Cryoglobulins and high titers of circulating immune complexes were noted. Steroid treatment was instituted together with plasmapheresis with good results. This is most likely secondary to:"
78840,"A patient was on treatment with trifluperazine for some time. He presents with complaint of hypehermia, lethargy and sweating. Needed investigations are"
78941,"A patient of 8years-old attends your clinic he has class
I incisor relation upper and lower incisors shows slight crowding. Right upper and left lower primary first molars
recently extracted due to caries line of treatment is"
79139,Which laser is the treatment of choice for superficial cutaneous hemangiomas?
79426,"A 32 weeks premature infants, 900gm weight on the third days. The serum bilirubin is 13 mg%. The treatment of choice is –"
79610,"A young man with pulmonary tuberculosis presents with massive recurrent hemoptysis. For angiographic treatment, which vascular structure should be evaluated first?"
79640,Drug of choice for treatment of malaria due to P. vivax in a 25 year old pregnant female is :
79854,In patient with Listeria meningitidis who is allergic penicillin the treatment of choice is:
80050,The best modality of treatment in a patient with acute inferior wall MI is:
80142,"A 7-year-old child from West Bengal presented with high grade fever with chills and rigor. Peripheral smear examination revealed Plasmodium vivax. He was given treatment for the same. But he again presented with jaundice, and a repeat peripheral smear showed following. What is your diagnosis?"
80265,Latest drug used for treatment of MDR TB patients is ?
80301,A patient on cisplatin therapy develops intractable vomiting on the third day of treatment. The agent of choice for controlling this vomiting is :
80335,"A 50 years male with fracture neck of femur comes after 3 days, treatment of choice is -"
80655,A 9-year-old girl has had a sore throat for the past 2 days. On physical examination there is pharyngeal erythema with yellowish exudates over swollen palatine tonsils. A Gram stain of the exudate shows gram-positive cocci in chains. She is given penicillin therapy. What is the most likely complication prevented by prompt treatment of this girl?
80658,The syndromic management of urethral discharge includes treatment of:
80664,Steering wheel injury on chest of a young man reveals multiple fractures of ribs and paradoxical movement with severe respiratory distress. X-ray shows pulmonary contusion on right side without pneumothorax. What is the initial treatment of choice?
80682,"A female, Lalita, aged 26 yrs accidentally takes 100 tablets of paracetamol. What is treatment of choice:"
80736,"Thrombolytics can provide relative mortality reduction in the treatment of acute myocardial infarction, if patient comes within:"
80747,Initial treatment of the patients with growth hormone secreting pituitary adenoma
81966,"A 3-year-old child presents with fever and earache. On examination, there is a congested tympanic membrane with a slight bulge. The treatment of choice is -"
82142,"A patient comes with bleeding due to warfarin overdose, as a treating physician what is the immediate treatment to treat warfarin induced bleeding :"
82268,A 7 year old child comes to your clinic with ulcers with indurated margins in the oral cavity and fever with crusting of lips. The probable treatment plan is?
82510,"A 72-year-old man with diabetes, renal insufficiency, and coronary aery disease presents in septic shock from emphysematous cholecystitis. His oxygen saturation is 100% on 6-L nasal cannula and his hemoglobin is 7.2 mg/dL. His mixed venous oxygen saturation is 58%. Which of the following treatment options will improve his oxygen delivery the most?"
82859,"A postoperative patient developed septicemia and was empirically started on combination chemotherapy by a new resident doctor. However, when the patient did not respond even after 10 days of antibiotics treatment, the review of the charts was done. It was found that the resident doctor had started the combination of antibiotics which was mutually antagonistic in action. Which of the following is the most likely combination that was given?"
82865,A young nulliparous woman has 3'd degree of uterovaginal prolapse without any cystocele or rectocele. There is no stress incontinence. The uterus is retroveed. Uterocervical length is 3 inches. All other symptoms are normal. The best treatment plan for her will be :
83036,Which of the following is the treatment of choice for Atrial fibrillation in patients with WPW syndrome who are hemodynamically unstable
83080,"A 52 years old male with toxic adenoma, treatment of choice is -"
83171,"A 50 year old male, working as a hotel cook, has four dependent family members. He has been diagnosed with an early stage squamous cell cancer of anal canal. He has more than 60% chances of cure. Which of the following is the best treatment option?"
83209,"A 77-year-old man is brought to the hospital by his granddaughter for evaluation of confusion. He has no focal findings and his neuro-imaging studies are normal. Further investigations reveal a urinary tract infection, and the man improves somewhat after treatment, but still exhibits poor judgment and bizarre behavior. Pressing the family for information, the intern unearths a history of 8 years of progressive bizarre behavior. The man has undressed himself, made inappropriate sexual comments, has urinated in hallways, and pushed food into his mouth with alarming speed. Which of the following is the most likely diagnosis?"
83384,"A 64-year-old man presents with increased shortness of breath. He has a past history of chronic obstructive pulmonary disease (COPD) and recently developed increased cough and sputum production but no fever or chills. He appears in mild respiratory distress, respirations are 26/min, pulse 120 beats/min, blood pressure 145/84 mm Hg, and oxygen saturation 90%. He has bilateral expiratory wheezes. His ECG reveals multifocal atrial tachycardia (MAT) (discrete P waves with at least three different morphologies).For the above patient with an arrhythmia, select the most appropriate treatment."
83663,"A 41 year old male patient presented with recurrent episodes of bloody diarrhea for 5 years. Despite regular treatment with adequate doses of sulfasalazine, he has had several exacerbations of his disease and required several weeks of steroids for the control for flares. What should be the next line of treatment for him?"
83746,The best treatment for fracture neck femur is a 65-year-old lady is -
84033,"A 56-year-old man is diagnosed with the metabolic syndrome, which consists of hypertension, insulin resistance, dyslipidemia, and abdominal obesity. He has no prior history of cardiac or vascular disease and is otherwise well. His fasting T-chol is 270 mg/dL, HDL 50 mg/dL, LDL 150 mg/dL, and triglycerides 150 mg/dL. His Framingham risk calculation approximates a 10- year risk for cardiac events of 10%-20%.For the above patient with dyslipidemia, select the most appropriate treatment."
84211,A 15 year old boy with epilepsy on treatment with combination of valproate and phenytoin has good control of seizures. Levels of both drugs are in the therapeutic range. All of the following adverse effects can be attributed to valproate except -
84856,"A patient of abdominal sepsis was started on empirical treatment with intravenous ampicillin and gentamicin. Regarding the treatment of this patient, which statement is most accurate ?"
84871,A 58 year old male presents with hematuria. He s diagnosed of having bladder cancer which extends muscle deep. The best treatment is -
84941,"A young female patient reports to the dental office with complaint of small gaps between her teeth

The most feasible and economic treatment option for such a situation would be"
84995,"Ramu has been put on DOTS Plus regime recently, which of the following are included in the treatment of this patient? Note: Km - Kanamycin, Ofx - Ofloxain, Eto - Ethinamide, Cs - Cycloserine, Z - Pyrazinamide, E - Ethambutol. The numbers indicate the number of months of treatment."
85195,"A 9 months child has been presented in the emergency with complaints of seizure one hour back. On examination, child is alert and on investigation S.calcium is found to be 5mg %. His next line of treatment will be:"
85230,The treatment of choice in a 56 years old woman with endometrial cancer is :
85294,"A 29-year-old woman presents with increasing shortness of breath and coughing. She had asthma as a child but has not required any treatment for the past 10 years. On examination, she has expiratory wheezes. Which of the above may cause bronchodilation?For the above patient with a clinical symptom, select the most appropriate medication."
85314,"Rathi, 26 years old female diagnosed to be suffering from depression. Now for the past 2 days had suicidal tendency, thought & ideas. The best treatment is -"
85358,"One of your patients who was diagnosed to have malaria was treated with chloroquine and doxycycline for 7 days. Though his fever subsided in a few days after staing the treatment, his peripheral smear showed plasmodium gametocytes even after 7 days of treatment. As per WHO guidelines this type of drug resistance is:"
85523,Features of functional aphonia -a) ↑Incidence in malesb) Due to vocal cord paralysisc) Can coughd) On laryngoscopy vocal cord is abductede) Speech therapy is the treatment of choice
85830,A30-year woman 2+0. hypertension have menorrhagia. Which of the follow ing is the best treatment for her?
85872,A 46 years old lady has abnormal uterine bleeding with simple hyperplasia of endometrium. The treatment of choice would be: March 2005
85911,Sudha ache 20 year old female developed antibiotic associated pseudomembranous colitis caused by Clostridium difficle. Which of the following drugs is most likely to be effective in the treatment of this disease
85992,Which of the following would be the most appropriate treatment for rehabilitation of a patient who has bilateral profound deafness following surgery for bilateral acoustic schwannoma:
86286,"A 19 year old female patient with the chief complaint of crooked teeth, wants to undergo orthodontic treatment without undergoing extractions. On examination, mild lower incisor crowding was noted. Which of the following model analysis must be done before deciding a treatment plan for this patient?"
86437,"40 years old female with a 2 cms nodule in the breast & a proved metastatic node in the axilla, treatment is-"
86492,"Sucheta, a 29-year-old nulliparous women complains of severe menorrhagia and lower abdominal pain for 3 months. On examination, there was a 14 weeks size uterus with fundal fibroid. The treatment of choice is:"
86584,A patient on antibiotics for treatment for peritonitis presents with mucus diarrhoea. Most probable cause could be: September 2009
86821,"A 50-year old male, working as a hotel cook, has four dependent family members. He has been diagnosed with an early stage squamous cell cancer of anal canal. He has more than 60% chances of cure. The best treatment option is -"
86982,Drug of choice for the treatment of acute gout in patients in whom NSAIDs are contraindicated is?
87055,"An inpatient of the hospital suffers burns injury when hot bottles were used for the treatment. In the case, the hospital incharge was also charged for the negligence under the doctrine of ___"
87056,A mother reported to clinic with her 40 days old child. There is a small ulcer on the tongue which is tender with erupted teeth In mandibular anterior alveolus. What will be your treatment plan:
87060,"A 57 years old lady presents with type-ll diabetes mellitus with symptoms like polyuria, excessive thirst, fatigue and blurred vision. Further investigation reveals insulin resistance. Which one of the following drug is most appropriate for initiating treatment along with diet and exercise?"
87079,The immediate treatment of 10 kg weight infants presented with tetany:
87468,Medical treatment of ectopic pregnancy should be offered to those patients whose hCG level is less than:
87481,A 50-year-old male presents with a growth in the buccal mucosa. Growth measures 3 cm in its greatest dimension. He also has multiple nodes on the ipsilateral side in the submandibular region but none of the nodes is more than 3 cm. Your line of treatment is:
87583,A patient with carcinoma of tongue is found to have lymph nodes in the lower neck. The treatment of choice for the lymph nodes is:
87722,Which of the following manifestation of CD not respond to treatment/occur after treatment -
87827,A 45 years old male presented with recurrent attacks of cholangitis. MRCP and ERCP findings are given below. What is the treatment of choice for this condition?
88226,"A 75years female patient with fracture neckof femur 1 month back,presents with 2 days history of altered sensorium & decreased urine output. Urea is 140 mg/dl, creatinine is 2 mg/dl, Ca is 15.5 mg/dl. All of will be useful in immediate treatment except -"
88287,Which of the following will be optimum treatment in a patient of chronic hepatitis B whose serum AST levels are raised -
88384,A young man with known history of heroine addiction is brought in the emergency in unconscious state by his friends. On examination his pupil are pin point. What will be the treatment of choice
88619,"What will be the treatment of choice for nodules present at the junction of anterior 1/3 & posterior 2/3 of vocal cords, in a 30 year old female singer with a history of gastrooesophageal reflux?"
88879,A patient is receiving insulin and acarbose for diabetes mellitus and developed hypoglycemia. Which of the following should be used for the treatment of hypoglycemia in this patient?
88932,True about Retinoblastoma –a) Leukocoria is most common presentationb) Always unilateralc) May have family historyd) Enucleation is the only treatmente) Most common age group affected is 1–2 year
88935,"A 47-year-old HIV-positive man is brought to the emergency room because of weakness. The patient has HIV nephropathy and adrenal insufficiency. He takes trimethoprim-sulfamethoxazole for PCP prophylaxis and is on triple-agent antiretroviral treatment. He was recently started on spironolactone for ascites due to alcoholic liver disease. Physical examination reveals normal vital signs, but his muscles are diffusely weak. Frequent extrasystoles are noted. He has mild ascites and 1+ peripheral edema. Laboratory studies show a serum creatinine of 2.5 with a potassium value of 7.3 mEq/L. ECG shows peaking of the T-waves and QRS widening to 0.14.Once the patient is stabilized and the T-waves have normalized, it is important to review the potential causes of his hyperkalemia and to take steps to prevent this from happening again. As you consider the pathophysiology of each confounding factor, which of the following statements is true?"
89235,"A 75 years female patient with fracture neck of femur 1 month back, presents with 2 days history of altered sensorium & decreased urine output Urea is 140 mg/dl, creatinine is 2 mg/dl, Ca is 15.5 mg/dl. All of will be useful in immediate treatment except -"
89424,In a patient with multiple bilateral nasal polyps with X-ray showing opacity in the para-nasal sinuses. The treatment consists of all of the following except:
89434,A 80 years old male presented with lung abscess in left upper zone. Best treatment of modalities is
89540,"A 48-year-old HIV-positive male presents with 3 weeks of cough, fever, night sweats, weight loss and diarrhea. He is not taking any treatment for HIV and has a CD4 count of <50. Most likely diagnosis is -"
89626,Best treatment of endometriosis in a young girl is
89695,Which of the following is not given in the treatment cyanotic spells in a patient of TOF?
89762,A patient is on long term ketoconazole therapy. He developed gastroesophageal reflux disease (GERD). Which of the following drug should not be used for treatment of GERD in this patient?
89820,The immediate treatment of 10 kg weight infants presented with tetany
90134,"A 25-years old married male presents with infertility. He had undergone retroperitoneal lymph node dissection at age of 15 years for embryonal carcinoma of right testis. Semen analysis shows-quantity-0.5 ml, no. sperm, no fructose. Biopsy of testis shows normal spermatogenesis. Best treatment here would be:"
90434,"A young man is with known heroin addiction is brought in the emergency in an unconscious state. On examination, the patient has decreased bowel sounds, depressed respiration and pinpoint pupil. The treatment of choice for this patient is"
90559,A 12 yr old child presents with fever and cervical lymphadenopathy for last 36 hours. Oral examination shows a grey membrane on the right tonsil. What is the primary treatment?
90574,True about juvenile respiratory papillomatosis -a) Affects children commonlyb) Lower respiratory tract can be involvedc) May resolve spontaneouslyd) Microlaryngoscopic surgery is treatment of choice
90659,"In TRIAGE system for disaster management, which of the following color code denotes ""high priority treatment and/or transfer""?"
91088,Drug of choice for the treatment of acute gout in patients in whom NSAIDs are contraindicated is-
91186,The current treatment of choice for a large antrochoanal polyp in a 10-year-old is:
91325,A woman comes to psychiatrist with history of spending a lot of time in washing her hands. She is distressed about it but says that she is not able to stop washing. This has staed to affect her social life as well. What is the best mode of treatment for her?
91610,24. In a patient with multiple bilateral nasal polyps with x ray showing opacity in the paranasal sinuses. The treatment consists of following except:
91638,Which of the following is not a maneuvre used for treatment of shoulder dystocia?
91681,8 year old boy presented with swelling in the left eye of three months duration examination revealed proptosis of the left eye with preserved vision right eye is normal CT Scan revealed incredible extraconal mass lesion biopsy revealed embryonal rhabdomyosarcoma metastatic workup was normal the standard line of treatment is
91815,"A patient is on treatment with penicillin. He developed pallor but there was no shoness of breath, uicaria or wheezing. On investigation, antibodies against penicillin were found in the blood. What is the type of hypersensitivity reaction that most likely occurred in this patient -"
91843,"A 31 year old female patient complains of bilateral impairment of hearing for the past 5 years. On examination, tympanic membrane is normal and audiogram shows a bilateral conductive deafness. Acoustic reflexes are absent. All constitute pa of treatment EXCEPT:"
91883,A five year old child presents with ballooning of prepuce after micturition. Examination reveals prepucial adhesions. Which of the following is the best treatment.
91931,"A 63-year-old man with a 40-pack per year smoking history undergoes a low anterior resection for rectal cancer and on postoperative day 5 develops a fever, new infiltrate on chest x-ray, and leukocytosis. He is transferred to the ICU for treatment of his pneumonia because of clinical deterioration. Which of the following is a sign of early sepsis?"
91945,"A 55 year old man comes to his primary care clinician of erectile dysfunction. He is given a prescription for sildenafil, and on follow-up, repos that his ability to sustainn an erection has been improved markedly by this treatment. The action of which of the following vasoactive mediators would primarily be prolonged in this patient"
91947,Thrombolytics can provide relative morality reduction in the treatment of acute myocardial infarction if patient comes within
92003,"In a patient with gall stone disease, laproscopic cholecystectomy was performed & specimen was sent to pathology lab. The biopsied tissue was repoed as adenocarcinoma (Stage 1A ). What will be your treatment approach?"
92145,Initial treatment in the management of trauma is
92186,Which of the following is preferred for infeility treatment of a female with increased prolactin levels?
92238,All agents have been used in drug regimens for the treatment of breast carcinoma. Which one has specific activity in a subset of female breast cancers?
92257,"a child of 4yrs playing with painted toys since 2yrs, habitually places in the mouth and after 6hrs develops drowsiness, fever ,constipation with abdominal pain .what is the treatment of choice"
92397,"A 14 week post natal woman presents with fluctuant breast swelling ,what would be the treatment"
92398,Jarisch-herxheimer reaction is seen during treatment of patient suffering from -
92414,A six months old girl is having recurrent UTI. Ultrasound abdomen shows bilateral hydronephrosis. MCU (Micturating cysto urethrogram) shows bilateral Grade IV vesicoureteral reflux. The treatment of choice is -
92485,A female patient is diagnosed with primary herpes genitalis. Which of the following should be the treatment advice?
92556,"A 20 year old lady, Maya, frequently experiences palpitations, breathlessness, sweating and a fear of impending death. She has one episode of such attacks every week. There are no identifiable triggers for the episodes Which among the following is the best drug options for her long term treatment?"
92678,A woman presents with a fluctuant non tender swelling at the introitus. The best treatment is:
93251,Monthly dose of treatment of vitamin A deficiency in 10 kg child who is 2 years old is -
93358,"A 31-year-old female patient complains of bilateral Impairment of hearing for the past 5 years. On examination, tympanic membrane (TM) is normal and audiogram shows a bilateral conductive loss. Impedance audiometry shows AS type of curve and absent acoustic reflex. All constitute part of treatment except:"
93491,Which of the following would be the best treatment for a 2 cm thyroid nodule in a 50 year old man with FNAC revealing it to be a papillary carcinoma
93611,"In a clinical trial, blood pressure was measured between in a group of patients before and after treatment, which of the following test will be suitable as at test of significance?"
93729,"A 23-year-old man complains of intermittent double vision and fatigue. The symptoms are worse at the end of the day, and he has stopped working as a courier because of easy leg fatigue and weakness. He finds that the symptoms improve with resting. On physical examination, there is weakness of the eyelids, masticatory muscles, and thigh flexors. Having him look up at the ceiling for a long time brings on his double vision. There is no sensory abnormality, and reflexes are normal. Which of the following treatments is contraindicated in this patient?"
93772,A 21-year-old woman with moderately severe asthma on three-drug treatment has elevated liver function tests thought to be caused by one of her medications. Which drug is causing this adverse effect?
93776,A patient with violent behaviour and agitation was diagnosed as schizophrenia and was prescribed haloperidol. On third day he developed rigidity and was unable to move his neck that fixed his stare to one side. Which of the following drugs can be used for treatment of this patient?
93878,"A 31 year old female patient complains of bilateral impairment of hearing for the 5 year. On examination, tympanic membrane is normal and audiogram shows a bilateral conductive deafness. Impedance audiometry shows As type of curve and acoustic reflexes are absent. All constitute pa of treatment, except:"
94145,"What is the treatment of choice in a 6 year old child with recurrent UI with mouth breathing having high arched palate, impaired hearing and growth failure?"
94253,You have been asked to consult in the treatment of an 80-year-old patient. An antimuscarinic drug is being considered. Atropine therapy in the elderly may be hazardous because:
94273,A patient came to the casualty with acute bronchial asthma after treatment for glaucoma .the probable drug maybe
94425,Your patient is 4 years old. The maxillary right primary central incisor was traumatically avulsed 60 minutes ago. What is the treatment of choice?
94467,The following treatment options are useful in the management of Guiilain-Barre Syndrome except
94490,A 23-year old patient diagnosed with stage IA malignant ovarian germ cell tumour. Which of the following would be the standard treatment? NOT RELATED- GYN
94496,An elderly male with history of parkinsonism on treatment with levodopa visited your clinic complaining of tremors for which dopamine agonists ropinirole was added and slowly dose increased in subsequent visits but without much response and tremors persisted. What will be the appropriate next step in treatment?
94554,"Thrombolytics can provide relative moality reduction in the treatment of acute myocardial infarction, if patient comes within:"
94799,"A female has a SBP = 130 mm Hg and DBP = 100 mm Hg on two consecutive occasions, Best treatment is -"
95021,"A patient is brought to the casualty in the state of altered sensorium. He was on Lithium treatment for affective disorder and has suffered through an attack of epileptic fits. On examination he has worsening tremors, increased DTR's and incontinence of urine. He has also undergone an episode of severe gastroenteritis 2 days ago. The serum Lithium was found to be 1.95 meg/Lit. The probable cause for his present state is:"
95185,"A 63-year-old woman presents to the emergency room with symptoms of sudden onset of shortness of breath. She reports no chest discomfort, cough, sputum, or fever. Her past medical history is negative for any prior heart or lung problems. She was recently diagnosed with breast cancer and is undergoing active treatment. On examination, her blood pressure is 120/80 mm Hg, pulse 100/min, and heart and lungs are normal. There are no clinical signs of deep venous thrombosis (DVT). Which of the following investigations is most likely to rule out a pulmonary embolism (PE)?"
95215,An AIIDS patients presents with fistula-in-ano. His CD4 count is below 50. What is the treatment of choice -
95219,A patient came to the casualty with acute bronchial asthma after treatment of glaucoma. The probable drug is:
95340,A patient presents with lower gastrointestinal bleed. Sigmoidoscopy shows ulcer in the sigmoid. Biopsy from this area shows flask-shaped ulcers. Which of the following is the most appropriate treatment?
95562,19.The current treatment of choice for a large antrochonal polyp in a 10 year old:
95600,"A 30-year-old mother of 2 children weighing 60 kg was taking combined oral contraceptive
pill containing levonorgestrel 0.15 mg + ethinylestradiol 30 μg per day cyclically (3 weeks treatment—
1 week gap). She developed fever with cough and was diagnosed as a case of pulmonary tuberculosis
after  sputum  smear  examination.  She  was  put  on  isoniazid  (300  mg)  +  rifampin  (600  mg)  +
pyrazinamide  (1.5  g)  +  ethambutol  (1.0  g)  daily  for  2  months,  followed  by  isoniazid  (600  mg)
+  rifampin  (600  mg)  thrice  weekly.  In  the  3rd  month,  she  failed  to  have  the  usual  withdrawal
bleeding during the gap period of contraceptive cycle. After 10 days, her urinary pregnancy test
was  found  to  be  positive.What  could  be  the  reason  for  failure  of  the  oral  contraceptive?"
95603,"A 65-year old man presented with skin lesions on his chest and left arm and shoulder six weeks after i returning from a cacation in Belize at the beach in the fain forest. The lesions occasionally stung, drained a dark exudates, and enlarged despite two weeks of treatment with cephalexin. The patient had no constitutional symptoms. Physical examination reverled five nodules of varying sizes with surrounding erythema and a central pore through which a single, moving larva was observed. This condition is caused by -"
95660,"A 34 year old rickshaw puller has been using heroin for the past ten years. One evening his family members found him unconscious. He was brought to the casualty. On examination he had bradycardia, shallow breathing, constricted pupils. His blood pressure was 100/70 mm of Hg. He had brisk bilateral deep tendon reflexes. The plantar reflexes were flexor on both sides. Which of the following is the best treatment for him ?"
95790,"A 50 years male with fracture neck of femur comes after 3 days, treatment of choice is"
95871,A boy age 8 years came to your dental clinic with no crowding in both arches. Lateral cephalogram reveals SNA angle of 78 and SNB angle of 82 the line of treatment is
96127,Ulcer in lesser curvature in 65-year-old male biopsy negative for malignancy not healing after 6 weeks of H2  blocker next treatment is -
96165,Which of the following drug is avoided in patients with diabetes and can be used for treatment of insulinoma?
96265,"A cancer patient who is on cisplatin therapy develops severe vomiting on the 1st day of treatment,  drug indicated to treat this is:"
96297,"A 24 year old unmarried woman has multiple nodular, cystic, pustular and comadonic lesions on face, upper back and shoulders for 2 years. The drug of choice for her treatment."
96409,Which of the following statements regarding treatment of hypothyroidism in a patient with Ischemic hea disease is true -
96575,"A 26 year woman presents with a palpable thyroid nodule, and needle biopsy demonstrates amyloid in the stroma of the lesion. A cervical lymph node is palpable on the same side as the lesion. the preferred treatment should be :"
96614,"A patient of abdominal sepsis was staed on empirical treratment with intravenous ampicilling and gentamicin. Regarding the treatment of this patient, which statement is most accurate?"
96753,A symptomatic patient underwent investigations and found out a pancreatic cyst of 7 cm in size. What is the treatment of choice for this patient?
96876,A adult male patient presented in the OPD with complaints of cough and fever for 3 months and haemoptysis off and on. His sputum was positive for AFB. On probing it was found that he had already received treatment with RHZE for 3 weeks from a nearby hospital and discontinued. How will you categorize and manage the patient?
97072,"A patient who was initially smear positive, who began the treatment and who remained or became smear positive again at five months or later during the course of treatment is called as:"
97401,"In a diagnosed lepromatous leprosy patient, the treatment was staed. After intake to drug skin lesions and fever develop within few days. Which type of hypersensitivity reaction leads to this manifestation?"
97416,Bone marrow depressive drugs in the treatment of AIDS patient are : a) Didanosine b) Zalcitabine c) Zidovudine d) Cotrimoxazole e) Ganciclovir
97663,A woman complains of an offensive fishy smelling yellowish discharge without pruritus. pH of discharge is >4.5. Gram stained vaginal smear shows a reduced number of lactobacilli with large number of Gardnerella vaginalis. What is the best treatment option for this patient?
97999,A 50 years old female patient who was on losartan and spironolactone therapy for her hypertension developed hypotension and bradycardia. The ECG taken is as below. Effective treatment for her
98092,"A 24-year-old patient complains of diarrhea, vomiting and abdominal pain that was aggravated on ingestion of food since 1 week. The stool microscopy reveals the following. The appropriate treatment for this condition would be"
98283,A patient presents with malignant hyperthermia and metabolic acidosis. Immediate treatment should be started with
98304,"Apexification is the treatment of choice for a permanent
tooth with wide open apex when"
98363,A patient of Meniere's disease has failed all medical treatment but still retains a serviceable hearing. All of the following treatments can be considered except:
98584,A patient is receiveing insulin and acarbose for diabetes mellitus and developed hypoglycemia. Which of the following should be used for treatment of hypoglycemia in this patient
98611,"A 40 year old woman with Crohn's Disease reports multiple bowel movements with frequent stools. She was previously treated with a mesalamine derivative ""Pentasa"" and in the latest episode of the disease flare up she didn't tolerate the oral steroid therapy with budesonide. What is the next appropriate step in her treatment?"
99150,This lesion developed on the chest of a 35-year-old man during treatment for a respiratory tract infection. What is the diagnosis?
99213,"A 68 year old man is admitted to the hospital for delirium associated with a urinary tract infection. Upon adequate treatment of the infection, the patient's mental status improved significantly, though he is noted to remain paly disoriented. He also has an impairment in sho-term memory, difficulties in naming simple objects, and impaired concentration. His family members confirm an 8-month history of gradual progressive decline in cognitive abilities, which they attribute to old-age. However, the man is no longer able to manage his finances and has gotten lost while driving to the grocery store on two occasions. Prior to discharge from the hospital, the nursing staff repos that the patient continues to have urinary incontinence, though his infection has resolved. He is also noted to have a very unsteady gait, requiring assistance when walking. No other obvious signs or symptoms are present. Which disorder most likely accounts for this patient's dementia?"
99214,A patient underwent sentinel node biopsy for treatment of breast carcinoma. Which of the following nerves is likely to be injured during this procedure?
99281,A 60 years old man suffering from left colon Ca presented with acute Lt. colonic obstruction the treatment is -a) Primary resection and Hartman's procedureb) Defunctioning colostomyc) Rt. hemicolectomyd) Resection of whole Lt. bowel and end to end anastomosise) Conservative treatment
99289,"A healthy 45-year-old female had root canal treatment about 3 weeks ago. She now presents with a new heart murmur, fever, painful skin nodules, abdominal pain, and an abnormal liver function test. Which of the following organisms would mostly likely cause endocarditis and is implicated in dental caries or root canal infections?"
99387,A 60 year old man with rheumatic mitral stenosis and atrial fibrillation is on therapy for a fast ventricular rate. While on treatment he develops a regular pulse of 64 beats/min. Which of the following is the probable drug that the patient is receiving ?
99494,Drug of choice for treatment of malaria due to P. vivax in a 25 year old pregnant female is:
99545,40 years old man has glare in both eyes. Examination revealed whorl like opacities of corneal epithelium. He gives history of long term treatment with amiodarone. What is the MOST likely diagnosis?
99571,True about juvenile nasopharyngeal angiofibroma -a) Surgery is treatment of choiceb) It is malignant tumourc) ↑Incidence in femalesd) Hormones not used in Rxe) Miller's sign positive
99878,A 25 year old female complains of discharge of blood from a single duct in her breast. The appropriate treatment is
99903,"A 30-year-old man is noted to be anemic, with clinical jaundice and a palpable spleen on abdominal exam. Splenectomy is the only treatment for this patient's autosomal dominant disorder. Select the most likely diagnosis."
99991,A 12 year old male patient complains of pain in  upper front teeth region and gives a history of fall while playing 30 minutes ago. Intra-oral examination reveals intrusion of maxillary right central incisor by 8 mm. What is the most appropriate treatment for this patient?
100074,"A 65-year old man presented with skin lesions on his chest and left arm and shoulder six weeks after returning from a cacation in Belize at the beach in the fain forest. The lesions occasionally stung, drained a dark exudates, and enlarged despite two weeks of treatment with cephalexin. The patient had no constitutional symptoms. Physical examination reveed five nodules of varying sizes with surrounding erythema and a central pore through which a single, moving larva was observed. The larvae coming out of the pores are-"
100121,"An adult male patient presented in the OPD with complaints fo cough and fever for 3 months and haemoptysis off and on, His sputum was positive for AFB. On probing it was found that he had already received treatment with RHZE for 3 weeks form a nearby hospital and discotinued. How will you categorize and manage the patient -"
100479,"A patient aged 65 years, is diagnosed to have severe aplastic anemia. HLA compatible sibling is available. What is the BEST treatment option for this patient?"
100512,"A 55 year old male patient complains of abnormal growth on right cheek. Patient has a habit of tobacco chewing since 30 years. Radiologic findings reveal 8x8 cm fungating mass, invading maxilla and mandible on right side. Histologic findings are suggestive of squamous cell carcinoma. Which of the following is not true regarding the treatment of this condition?"
100726,A patient developed fever and severe back pain following a surgery done under spinal anaesthesia. On examination a fluctuant swelling is noted at the site of spinal anesthesia. Non-contrast CT scan of the region showed a hypodense soft tissue mass and a diagnosis of epidural abcess is made. What is the treatment of choice in a case of epidural abscess?
100792,"A 58-year-old woman is seen for evaluation of a swelling in her right vulva. She has also noted pain in this area when walking and during coitus. At the time of pelvic examination, a mildly tender, fluctuant mass is noted just outside the introitus in the right vulva in the region of the Bartholin's gland. What is the most appropriate treatment?"
100983,A 40-year-old woman with leukemia is treated with chemotherapy. During treatment she develops increasing cough and shoness of breath. A chest X-ray shows diffuse lung infiltrates. Sputum cultures are negative and the patient does not respond to routine antibiotic therapy. An open lung biopsy is diagnosed by the pathologist as viral pneumonia. Which of the following histopathologic findings would be expected in the lungs of this patient?
101202,In multibacillaryleprosy the follow-up examination after adequate treatment should be done yearly for-
101272,Which of the following statemnets is FALSE about the drug treatment with Memantine?
101473,"In a woman with molar pregnancy with a uterine size of 28 weeks, the treatment of choice is: March 2013"
101710,"A 55 year old male, with uncontrolled diabetes mellitus and hypertension, developed severe air-borne contact dermatitis. The most appropriate drug for his treatment would be –"
101905,"A 70-year-old man has had a long-term ""bowlegged"" condition but recently his right knee has become warm, swollen, and tender. He reports no recent trauma and gets no relief with rest or Tylenol (paracetamol). He is otherwise in good health and takes no medication. X-rays show arthritis of the knee. Which would be the best treatment?"
101982,"When quinine was used as a treatment during a malaria outbreak, a small propoion of patients developed blackwater fever i.e. chronic kidney damage from the autoimmune effects of complement mediated hemolysis of quininized RBCs. In this case, what was the role of quinine?"
102184,The treatment options for patients with RRMS (relapsing-remitting multiple sclerosis) are all except?
102268,Which of the following is the earliest sign of magnesium toxicity in a patient with eclampsia on treatment with magnesium sulphate:
102311,A 69 year old male patient having coronary artery disease was found to have gall bladder stones while undergoing a routine ultrasound of the abdomen. There was no history of biliary colic or jaundice at any time. What is the best treatment advice for such a patient for his gallbladder stones -
102471,True about Nephrotic syndrome in a child – a) Minimal change disease is commonest causeb) Proteinuria of 4 gm/m2 hr is characteristicc) Cyclosporine & Azathioprine is mainstay of therapyd) Pretreatment biopsy is done in all casese) Spontaneous bacterial peritonitis is associated with it
102626,"A 24-year-old unmarried women has multiple nodular, cystic, pustular and comedonic lesions on face, upper back and shoulders for 2 years. The drug of choice for her treatment would be:"
102814,An AIMS patients presents with fistula-in-ano. His CD4 count is below 50. What is the treatment of choice -
103144,A 70 years old female is on treatment with Alendronate for 7 years for osteoporosis. Now she complains of pain in right thigh. What is the next investigation to be performed?
103261,"A 24 year old unmarried woman has multiple nodular,cystic,pustular and shoulders for 2 years. The drug of choice for her treatment would be -"
103294,In a female with appendicitis in pregnancy treatment of choice is:
103886,A 37 year old male patient was diagnosed with sarcoidosis of lung and was kept on glucocoicoid therapy. The treatment may result in the bone loss because glucocoicoids causes which of the following?
103977,"A 36 year old male with history of psoriasis was staed on systemic steroids. After stopping treatment, the patient developed pustules in a generalized distribution. Gram stain from pustule showed only pus cells. The cause is most likely to be:"
104048,A woman presents to the Gynecology outpatient department with a history suggestive of stress incontinence. Which of the following is the treatment of choice for genuine stress incontinence -
104060,A 2-year-old child (A) presents with a 4-day history of a rash limited to the feet and ankles. The papular rash is both pruritic and erythematous. The 3-month-old sibling of this patient (B) has similar lesions also involving the head and neck. The most appropriate treatment for this condition includes which of the following?
104191,"During treatment of a child aged 5 years, their parents must be"
104278,A 35 yrs female has been diagnosed with obsessive compulsive disorder and she washes her hands many times a day. Which would be the best CBT technique for her treatment?:
104573,True about Meig's syndrome:a) Lymphatic dysplasiab) 2-30 years agec) Associated with ascites and pleural effusiond) No treatment required
104741,"A patient suffering from AIDS is on zidovudine, lamivudine and indinavir therapy. He develops pulmonary tuberculosis for which treatment is started. Which of the following should be avoided in him?"
104875,Fully humanized antibodies used in the treatment of RA?
104892,"A 25 year old female, presents to the clinic with dysuria, urinary frequency and urgency. After a laboratory workup a diagnosis of cystitis is made. Which is the first line drug for the treatment for this patient?"
104919,"A 55-year old man who was a chronic alcoholic presented with confusion, ataxia, and diplopia. What is the treatment protocol?"
105070,A patient on cisplatin therapy develops intractable vomiting on the third day of treatment. Agent of choice for controlling this vomiting is:
105111,The ideal treatment for metastatic choriocarcinoma in the lungs in a young woman is:
105217,Which of the following would be the best treatment for a 2 cm thyroid nodule in a 50-years old man with FNAC revealing it to be a papillary carcinoma?
105653,"A 55-year old man presented with a two-day history of headache, fever and generalized weakness. He had received a cadaveric kidney transplant 5 years earlier. His medications included 5 mg of tacrolimus twice a day and 10 mg of prednisone daily. On neurologic examination, he was confused and incoherent. Cranial nerves were normal, but he had a hazy left retina. Magnetic resonance imaging of the brain with the administration of gadolinium showed multiple enhancing lesion in both cerebral hemispheres. The treatment of choice in this condition is -"
105673,Which of the following is treatment of choice for the treatment of a 2 month old child with C/C of watering and discharge of the eye with normal anterior and posterior chamber findings:-
105752,"A 41-year-old man presented to the emergency department with a 9-month history of cough, exertional dyspnea, nocturnal diaphoresis, and weight loss of 10 kg. The physical examination revealed painless, massive, discrete, rubbery cervical, supraclavicular and axillary lymphadenopathy. Plain radiography of the chest showed bilateral hilar lymphadenopathy. The serum calcium level was elevated at 16.2 mg per deciliter; serum parathyroid hormone is within normal range.

Urgent treatment to be instituted for him would be"
105769,A teenage girl presented in OPD with moderate acne and history of irregular menses. What treatment will you suggest
105881,"A 72-year-old man has had increasing difficulty with urination for the past 10 years. He now has to get up several times each night because of a feeling of urgency, but each time the urine volume is not great. He has difficulty starting and stopping urination. On physical examination, the prostate is enlarged to twice its normal size but is not tender to palpation. One year ago, his serum prostate-specific antigen (PSA) level was 6 ng/mL, and it is still at that level when retested. Which of the following drugs is most likely to be effective in the treatment of this man?"
105973,"A patient with psoriasis was staed on systemic steroids. After stoping the treatment, patient developed universally red scaly skin with plaques losing their margins all over his body. The most likely cause is"
106126,"A male patient presented with agitation, restlessness and neck stiffness. He had undergone treatment for penile ulcer - 3 years back. Lab investigation used for prognosis of treatment:"
106193,An old man who is edentulous developed squamous cell Ca in buccal mucosa that has infiltrated to the alveolus. Following is not indicated in treatment :
106334,A 42-year-old female P3 + 0 + 0 + 3 is found to have carcinoma in situ. Best treatment would be:
106487,"Uses of tumor marker are -a) Screening of a cancerb) Follow up of a cancer patient, especially for knowing about recurrencec) Confirmation of a diagnosed cancerd) For monitoring the treatment of a cancer"
106498,"A 40-year-old G3P3 complains of urge hesitancy. Further some- times she gets the urge to void, but passes urine before reaching washroom. She had three normal spontaneous vaginal deliveries of infants weighing between 3.5 and 3.8 kg. Urine examination is normal. All of the following are appropriate treatments in the management of this patient except?"
106523,"During treatment of a child aged 5 years, their parents must be:"
106722,A patient present with lower gastrointestinal bleed. Sigmoidoscopy shows ulcers in the sigmoid. Biopsy from this area shows flask-shaped ulcers. Which of the following is the most appropriate treatment :
106835,"In the case of a 70-year-old lady with an intracapsular fracture of the neck of femur, the ideal treatment would be -"
106838,"A Female patient comes for treatment of discoloured maxillary canine tooth. On examination there is yellowish discoloration of tooth which is not tender on palpation or percussion test. Radiograph reveals obliteration of root canal. History of trauma is elicited on questioning.
What is the treatment to be considered?"
106896,"A 24-year-old patient presents to your office with complaints of a 1 -week history of vulvar itching and vaginal discharge. She endorses that she has had intercourse with two individuals in the past 6 months without the use of a condom. On physical examination, the vulva is edematous. Yellow-green discharge is present on the vaginal walls and at the cervical os. The cervix is strawberry red Wet smear of vaginal secretions shows epithelial cells, white blood cells (WB Cs), and flagellate protozoa. You prescribe an antibiotic. What warning do you give about this particular treatment?"
106909,The Recommended treatment of early diabetic nephropathy manifested by microalbuminuria is
106941,A 58 year old lady is diagnosed to have carcinoma stomach. CT scan of abdomen showed a mass measuring 4 cm mass in the antrum with involvement of serosa. What is the treatment?
106968,"In a patient with mild ulcerative colitis, mainstay of treatment is"
107071,A child on beta-2-agonist for treatment of bronchial asthma may exhibit all of the following features except?
107432,All are true about Laryngomalacia except -a) Most common congenital anomaly of larynxb) Stridor disappear on supine positionc) Manifest many weeks after birth d) It needs no treatment in most of the cases
107441,An appropriate single antibiotic for the empiric treatment of presumed bacterial meningitis in a six month old child would be:
107689,The treatment most likely to benefit a patient of massive pulmonary embolism in shock
107740,A patient comes with fracture in symphysis and left angle region. What will be the treatment
107832,A 45 years old female diabetic patient on insulin is brought to hospital in unconscious state. What is the first line of treatment?
108008,The treatment most likely to benefit a patient of massive pulmonary embolism in shock ?
108331,A 24 year male came with history of intensive itchy papules over elbows. He was diagnosed with coeliac disease 2 years back. Histopathology shows papillary tip microabscesses. Which of the following drug will you recommend for the treatment?
108360,All of the following drugs useful in the treatment of a patient with acute bronchial asthma EXCEPT: March 2004
108378,The drug of choice in treatment of infantile spasms is:
108560,"A patient is in shock with gross comminuted fracture.
Immediate treatment is to give"
108591,"A 35 year old male with history of multiple sex partners, comes up with urethral discharge. Best treatment option is -"
108620,"In mandibular deciduous tooth with poor prognosis, alveolar
abscess and necrotic pulp, the treatment of choice:"
108917,A woman presents to the Gynecology outpatient depament with history of stress incontinence. Which of the following is the treatment of choice for genuine stress incontinence?
108949,"A Female patient comes for treatment of discoloured maxillary canine tooth. On examination there is yellowish discoloration of tooth which is not tender on palpation or percussion test. Radiograph reveals obliteration of root canal. History of trauma is elicited on questioning.

What is the condition?"
108967,Drugs that can be used for out patient treatment of community acquired pneumonia are:
108992,"A patient with anaphylactic shock, after receiving penicillin injection comes to you, Which of the following life-saving treatment you would take into consideration"
109008,"A 30- years old female presented with unilateral breast cancer associated with axillary lymph node enlargement. Modified radical mastectomy was done, further treatment plan will be:"
109139,"A 30 year old male presents to the clinic with swelling on the left side of his lower jaw. He gives no history of any previous surgical treatment. On extraoral examination, an asymmetrical face is seen. On palpation, bony hard swelling is appreciated.
Under polarized light source, apple-green colour birefringence of amyloid deposited in fibrous connective tissue stroma is seen. The most probable diagnosis for this patient is:"
109216,A 50-year-old male presents with hematuria. He is diagnosed of having bladder cancer which extends muscle deep. The best treatment:
109293,"A 45 year old female patient comes to the clinic for routine general checkup. She is a known diabetic and is on insulin therapy. On general examination, truncal obesity is seen. The sensitivity of the agent used in the treatment of this patient is enhanced by which of the following?"
109490,Moral treatment of mentally ill-patient was first stressed by:
109561,A 60 year old female presents to the clinic with complaints of involuntary passage of urine while coughing or during physical strain. Which of the following is the definitive treatment of choice in this patient?
109859,"A 6 year old female patient complains of pain due to a decayed lower right 2nd molar. During the treatment, patient becomes uncooperative and throws a tantrum. The dentist defers the treatment and reschedules the appointment and plans to substitute a high speed hand piece with a slow speed hand piece. The example demonstrated by the dentist falls under which type of conditioning, as described by Skinner?"
109889,A 27-year-old man presents with a left testicular tumor with a 10 cm retroperitoneal lymph node mass. The treatment of choice is -
109915,A male did not have alcohol for 2 days presented with seizures treatment given: AIIMS 13
110037,"A teenage girl complained about increased growth of facial hair. Her menstrual cycle is regular and she has normal body weight. Following may be used in treatment of hirsutism, EXCEPT:"
110160,"A 32-year-old ex-heroin addict with hepatitis C requires an urgent laparotomy for Rx of a perforated duodenal ulcer. The patient is undergoing treatment with naltrexone. The results of pre-operative coagulation studies include an INR for the prothrombin time of 1.8 and a platelet count of 85,000/cubic mm. Given this scenario, which of the following post-operative analgesic techniques would be most appropriate?"
110377,"A 50-year-old woman has had easy fatigability and noted a dragging sensation in her abdomen for the past 5 months. Physical examination reveals that she is afebrile. She has marked splenomegaly, but no lymphadenopathy. Laboratory studies show her total WBC count is 250,000/mm3 with WBC differential count showing 64% segmented neutrophils, 11% band neutrophils, 7% metamyelocytes, 5% myelocytes, 4% myeloblasts, 3% lymphocytes, 2% basophils, 2% eosinophils, and 2% monocytes. A bone marrow biopsy is performed, and karyotypic analysis of the cells reveals a t (9;22) translocation. Medical treatment with a drug having which of the following modes of action is most likely to produce a complete remission in this patient?"
110446,A patient presents with lower gastrointestinal bleed. Sigmoidoscopy shows ulcers in the sigmoid. Biopsy from this area shows flask-shaped ulcers. Which of the following is the most appropriate treatment?
110575,Goekarman regimen used in for treatment of psoriasis is?
110604,A 6-year-old child with recurrent URTI with mouth breathing and failure to grow with the high arched palate and impaired hearing.treatment of choice is -
110645,If a patient is allergic to penicillin and antibiotic prescription is an absolute need in endodontic treatment than which of the following antibiotic can be given:
110709,"A 45-year-old woman complains of tingling in her hands and feet, 24 hours after removal of follicular thyroid carcinoma. Her symptoms rapidly progress to severe muscle cramps, laryngeal stridor, and convulsions. Which of the following laboratory findings would be expected in this patient prior to treatment?"
110884,"A 88 years male patients presented with end stage renal disease with coronary artery block and metastasis in the lungs. Now presents with acute cholecystitis, patient's relatives need treatment to do something -"
110942,An old man is diagnosed of having major depressive disorder. His son is telling that he always shows suicidal tendencies. What is the treatment of choice for depression with suicidal tendencies?
111236,Drugs used in the treatment of obesity in a 36 year old man is/are which of the following?
111375,A 7-year-old child developed acute otitis media. He was treated with antibiotics for 10 days. His pain and fever subsided completely but still had conductive hearing loss. Your next line of treatment is:
111405,The following are used for treatment of postoperative nausea and vomiting following squint surgery in children except:-
111605,The immediate treatment of 10 kg weight infants presented with tetany –
111629,A 45-year-old male comes with binocular diplopia after trauma to face with restricted eye movements. What will be the immediate treatment plan?
111672,One of your staff nurse had a deep prick from the needle used to inject an HIV positive individual. What is the treatment regime that should be staed in her/him? Note that drug resistance was suspected in the HIV patient.
111712,A patient came to the casualty with acute bronchial asthma after treatment of glaucoma. The probable drug may be
111841,A 50 year old healthy man with a 2 cm Papillary thyroid carcinoma in the right lobe diagnosed on FNAC. What is the recommended treatment ?
112590,A 9 year-old has multiple itchy erythematous wheals all over the body for 2 days. There is no respiratory difficulty. Which is the best treatment?
112790,"A patient on treatment for leukemia, develops chest pain, pulmonary infiltrates and pleural effusion. The likely cause is"
112792,Which of the following treatment modalities is not used for management of acute blood loss due to ruptured esophageal varices
112859,The following treatment options are useful in the management of Guillain-Barre Syndrome except -
112890,A 9-yr-old boy has multiple itchy erythematous wheals all over the body for 2 days. There is no respiratory difficulty. Which is the best treatment?
112903,An adult male is admitted with history of  pneumonia. The patient is unconscious and is alcoholic past 10 years. What is drug of choice in treatment of pneumonia
112939,A 43 year old female is diagnosed of having carcinoma of cervix with obstruction of both ureters on imaging studies. What is the treatment of choice in this patient?
113038,A 65-year-old light-complexioned male presents with a solitary scaly plaque like lesion on his forearm present for many years. The lesion is 0.5 cm in diameter. Shave biopsy reveals intraepithelial squamous cell carcinoma. (Bowen's disease) incompletely excised. Further treatment includes:
113098,"A 62-year-old man is evaluated in the ER for sudden onset of swelling of the right calf with pain for past 2 days. The patient noticed the swelling after he woke up from sleep and had pain while walking. He cannot recollect any history of trauma, denies any recent travel, and has never had a blood clot in the past His medical history is remarkable for hypertension, adequately controlled with lisinopril, and stage-III squamous cell carcinoma of the lung for which he recently completed six cycles of chemotherapy. On physical examination, there is tender swelling of the right calf without erythema. His D-dimer is 640 ng/mL. Venous Doppler of the right leg reveals occlusive thrombi in the deep veins. A plan is made to initiate anticoagulation and to extend the treatment for 6 months.What will be the drug of choice for anticoagulation for this patient?"
113153,"A 19 - year - old boy suffering from chronic Schizophrenia is put on haloperidol at the dose of 20 mg/day. A week after the initiation of medication the patient shows restlessness, fidgetiness, irritability and cannot sit still at one place. The most appropriate treatment strategy is:"
113208,"A 45 years old male with history of chronic duodenal ulcer was brought to the emergency in the state of shock. After resuscitation, patient was sent for investigations. Chest X-ray is given below. What is the preferred treatment option?"
113258,Which of the following drugs can be used for the treatment of chloroquine resistant malaria in children
113342,"In a nulliparous woman, the treatment of choice in ruptured ectopic pregnancy is :"
113723,A 30-year-old female complains of lower abdominal pain and purulent vaginal discharge.Her pulse rate =98/minTemp =101degFWBC count and ESR are raisedP/V examination reveals lower abdominal tenderness and cervical motion tenderness. What is the best treatment option for her?
113737,"A boy with ASOM undergoing treatment with penicillin therapy for 7 days now presents with subsidence of pain and persistence of deafness, Diagnosis is:"
113871,Drug contraindicated in an asthmatic female for treatment for glaucoma -
113953,"A 50 year old male chronic smoker complains of hoarseness for the past 4 months. Microlaryngoscopic biopsy shows it to be keratosis of the larynx. All are suggested treatment modalities for this condition, except -"
113954,"A 63-year-old woman has Type 2 diabetes mellitus, which is well controlled. Her physical examination is positive for peripheral neuropathy in the feet and non-proliferative retinopathy. A urinalysis is positive for proteinuria. Which of the following treatments is most likely to attenuate the course of renal disease?"
114210,"All of the following drugs are used in the treatment of visceral leishmaniasis, EXCEPT:"
114241,Which one of the following is the primary treatment of pubey menorrhagia in a 16 years old girl with 3 gm% Hb ?
114371,"A 16-month-old boy is brought in by his parents with fever, irritability and lethargy. On examination, the neck is stiff. He hasn't received any vaccinations. CSF gram stain done and antibiotics were staed immediately. The organism seen in the above gram stain grows on chocolate agar but not blood agar. No one else in the family is ill. All of the following are true about the treatment of the above disease in this patient except: -"
114413,A 65-year-old woman undergoes a lumpectomy and sentinel lymph node biopsy and is found to have a 5 mm tubular cancer ER and PR positive and a negative sentinel lymph node. What adjuvant treatment should be recommended?
114704,A patient using contact lens develops corneal infection. Laboratory diagnosis of acanthomoeba keratitis was established. The following is the best drug for treatment:
114731,A patient is receiving insulin and acarbose for diabetes mellitus and developed hypoglycemia. Which of the following should be used for treatment of hypoglycemia in this patient?
114752,"In deciding on a treatment for a 60 years old patient, Golu, who has chronic heart disease and rheumatoid arthritis, you wish to give him procainamide. He is already taking digoxin, hydrochlorothiazide and potassium supplementation. Which of the following is a relevant statement?"
114955,"A 40 year old primiparous woman suspected to be suffering from endometriosis is subjected to diagnostic laparoscopy. Findings indicate uterus normal, both the ovaries show presence of chocolate cysts; endometriotic deposits are seen on the round ligament right side, both the fallopian tubes and the pouch of Douglas; moderately dense adhesions are present between the fallopian tubes and the pouch of Douglas. The treatment of choice in this case is:"
115045,A 45 year old lady is having persistent reflux symptoms. Most accurate investigation in establishing the diagnosis before surgical treatment is
115082,Orthodontic treatment in management of cleft lip and palate is usually carried out in:
115088,"A patient develops compament syndrome (Swelling, pain and numbness) following manipulation & plaster for fracture of both bones of leg. What is the best treatment?"
115246,A 12 years old female is admitted as a patient of dysgerminoma of right ovary 4 x 5 cm in size with intact capsule. Best treatment will be:
115257,A 20-year-old female received treatment for bronchial asthma. She noticed a mole recently. Which characteristic of mole carries a high risk for malignancy?
115379,When a doctor shows gross absence of skill and care during treatment resulting in death of patient is called:
115707,A middle-age woman has right leg and foot nonpitting edema associated with dermatitis and hyperpigmentation. The diagnosis of chronic venous insufficiency is made. What is the treatment of choice?
116346,A 50–year old man has a history of frequent episodes of renal colic with high calcium renal stones. The most useful diuretic in the treatment of recurrent calcium stones is :
116396,"Ovarian cyst in postpartum patient, treatment is:"
116816,"In a case of Paucibacillary leprosy, treatment is considered adequate if the patient has received the six monthly doses of combined therapy within:-"
116874,"A 70-year-old male presented with severe confusion, shoness of breath and obtundation. Patient was stable. Lab findings revealed, Serum calcium - Moderately raised Serum creatinine- Mildly raised BUN- Mildly raised PTH- normal PTHrP - Elevated Chest x-ray All of the following drugs can be given for the treatment of hypercalcemia except: -"
116996,A patient with compensated liver cirrhosis presented with a history of variceal bleed. What is the preferred mode of treatment in this patient?
117158,Prolonged testosterone treatment to a man results in
117170,"A 17 year old woman notices that her urine becomes red after she is given sulfonamides for treatment of a urinary tract infection. Both urine and serum test positive for free hemoglobin, and the urine red cell count is 1.2 million/mm3. A peripheral blood smear showed normocytic and normochromic red cells and a few ""bite cells."" Deficiency of which of the following substances is most likely responsible for these symptoms?"
117223,A 50-year-old manhas a history of frequent episodes of renal colic with high calcium renal stones. The most useful diuretic in the treatment of recuurent calcium stones is:
117278,"A 65-year-old man with a long history of diabetes mellitus was hospitalized for treatment of an ulcer, which had been present on his left great toe for several months. Left sided below knee amputation was performed because of the inability multiple courses of oral antibiotics to resolve the ulcer, On the first postoperative day, he developed fever which worsened by day 2. His amputation stump was mottled with many areas of purplish discoloration, and the most distal areas were quite obviously necrotic. Crepitus was palpable up to his patella. An X-ray of the left lower extremity was done. What is the likely pathogen?"
117311,Psychotic patient on antipsychotic drugs develops toicollis within 4 days of therapy. what is the treatment?
117394,The drug of choice in treatment of infantile spasms is :
117547,A young girl shows severe dysplasia on cervical cytology. The treatment of choice is :
117685,"A 47-year-old man awakens with low back pain after a weekend of gardening. He recalls no specific incident of trauma and has never had back pain before. There is no radiation of the pain and no disturbance of normal bowel or bladder function. The ROM of the low back is painful and restricted in all planes, and there is paraspinal tenderness from L2 to L5 on the right. Scoliosis and kyphosis are absent. Findings on straight-leg-raising test are negative, reflexes are active and equal, and the patient can walk on his heels and toes. Findings on x-rays of the lumbar spine are normal. Which is the best treatment?"
118069,A 12-year-old child presents with 4 lesions of leprosy on back and four lesions on left arm. What should be the treatment of this child?
118222,A 69 year old male patient having coronary aery disease was found to have gall bladder stones while undergoing a routine ultrasound of the abdomen. There was no history of biliary colic or jaundice at any time. What is the best treatment advice for such a patient for his gallbladder stones:
118330,"A 30-year-old woman para 2+0, hypertension have menorrhagia. Which is best treatment for her?"
118402,A 45 year old lady is having persistent reflux symptoms. Most accurate investigations in establishing diagnosis before surgical treatment is
118449,A 45 year old female patient presents with symptoms of easy bruisability and frequent headaches. Physical examination show a moderate splenomegaly. Blood counts shows a normal leucocyte count and a platelet count of 1000 × 103/ cu mm. The leucocyte alkaline phosphatase score is normal. Which one of the following is the drug of choice for the treatment of this patient?a) Hydroxyureab) Radioactive phosphorusc) Anagrelided) Interferon alpha
118494,"A 45 year old female patient reports to the clinic with a history of pain with tooth 37. The tooth appears normal on clinical and radiographic examination except for the fact that pain occurs on biting on a hard object and then releasing the bite.

Immediate treatment of such a tooth involves"
118527,"A 14 week post natal woman presents with fluctuant breast swelling, what would be the treatment"
118576,"In a patient of chronic asthma on treatment with theophylline, which of the following should not be used to treat his upper respiratory tract infection?"
118680,"A 48 year old male patient comes to the clinic for routine general checkup. He is a known diabetic and is on insulin. On general examination, truncal obesity is seen.
The agent used in the treatment of this patient has all the following actions except:"
118783,"A 25 year old lady, presents with vaginal discharge. Examination of the discharge reveals the presence of Chlamydial infection. The treatment of choice is:"
118832,"A 63-year-old woman with Type 2 diabetes is seen for follow-up after a fasting lipid profile. She has no other medical conditions and feels well. Her diabetes is well controlled and the last hemoglobin A1C value was 6.5%. Her total cholesterol (T-chol) is 240 mg/dL, HDL50 mg/dL, low-density lipoprotein (LDL) 160 mg/dL, and triglycerides 150 mg/dL.For the above patient with dyslipidemia, select the most appropriate treatment."
119161,A 45 year old female patient comes to the clinic for routine general checkup. She is a known diabetic and is on oral hypoglycaemic drug (Gliconil). On general examination truncal obesity is seen. The agent used in the treatment of this patient acts by inhibiting which of the following ?
119275,"20-year old college student presented with C/O fever, sore throat, malaise. On examination cervical lymphadenopathy present. Patient have no past history of travelling. Few days back he was diagnosed with streptococcal pharyngitis by a local physician for which IM ampicillin was given as treatment . What is the etiology of given rash?"
119360,"The treatment of a patient with myocardial infarction is thrombolytic therapy, if the patient presents within hours of chest pain:"
119426,A patient of known valvular disease requires dental extraction. Pretreatment prophylaxis should be given with:
119725,"A female patient aged 45 years has multiple non-carious lesions and c/o sensitivity. On examination deep cervical abrasions are seen in all posterior teeth. Intra oral sinus is evident w.r.t. 24 & 25. Gingival recession is present in mandibular anterior teeth with gingival inflammation and bleeding on probing.

What is the treatment required for 24 &25"
119738,"A 45-year-old female came with neck pain and stiffness since 3 months. Diagnosed as shown below. All are operative treatment of the condition, except?"
120487,A 55 year old man had abdominal cramps and diarrhea since the past month. he has a history of similar episodes since the past 20 yrs. Each episode lasts about 2 weeks and resolves without treatment. Stool sample was positive for occult blood. laboratory studies did not show any ova or parasites in the stool. colonoscopy was performed and it showed diffuse and uninterrupted mucosal inflammation and superficial ulceration extending from rectum to ascending colon. He is at greatest risk for developing which of the following complications?
120650,"A 27-year-old male presents to the emergency with severe pain behind his right eye for the last 30 minutes. He states that his right eye has also been 'watering excessively' for the last two hours. The man has had similar episodes over the last few weeks, but this time the pain is significantly worse which has prompted him to present to the ER. The vitals are normal and ophthalmic examination demonstrates conjunctival injection and miosis of the right pupil. A CT scan of the brain and ESR are unremarkable. Which is the initial treatment of this patient?"
120790,"An 8 month old child presented with itchy, exudative lesions on the face, palms and soles. The siblings also have similar complaints. The treatment of choice is such a patient is –"
120848,A 23 year old boy with schizophrenia is well maintained on risperidone for the last 2 months. He has no family history of the disease. For how long will you continue treatment in this patient?
120899,A 30 Yr old male presents to emergency depament with symptoms of epigastric pain radiating to back that wakes him up at night and is relieved by consuming food. He gives history of similar pain in the past which was diagnosed as perforated duodenal ulcer and treatment with omental patch surgery on two occasions.. Pain before and after surgery has been controlled with proton pump inhibitors and analgesics. The likely diagnosis on this occasion is
121004,True about cystic hygroma -a) Congenital sequestration of lymphaticsb) Resolves spontaneouly by 5 year of agec) Common in upper 1/3rd of lateral neckd) Surgery is the treatment of choice
121009,The treatment of choice in a patient with Massive Pulmonary Embolism in Shock is-
121247,"In 65 year old male with history of fracture neck of femur 6 weeks old,treatment of choice -"
121361,"A 73-year-old woman with a long history of heavy smoking undergoes femoral aery-popliteal aery bypass for rest pain in her left leg. Because of serious underlying respiratory insufficiency, she continues to require ventilatory suppo for 4 days after her operation. As soon as her endotracheal tube is removed, she begins complaining of vague upper abdominal pain. She has daily fever spikes of 39degC (102.2degF) and a leukocyte count of 18,000/mL. An upper abdominal ultrasonogram reveals a dilated gallbladder, but no stones are seen. A presumptive diagnosis of acalculous cholecystitis is made. Which of the following is the next best step in her treatment?"
121543,A 9 year old child with a history of ADHD diagnosed at 5 years of age has presented to you with multiple tics in different pas of the body. The child had also developed vocal tics including barking sounds and coprolalic. There is history of similar illness in the family. Note that the child has never had any pharmacotherapeutic agents for ADHD. Which of the following drugs will you consider in the treatment of the child initially?
121606,An 11 year old male patient broke his tooth while playing an hour ago. Intraoral examination shows complicated fracture with pulp exposure of 11 and no mobility of tooth was present. Radiographic examination shows closed apex. What would be the appropriate treatment for the patient?
121827,A 40 years old P4+2 female has been diagnosed to have H.mole. The treatment would be:
121871,A diabetic patient presents with fungal infection of sinuses and peri–orbital region with significant visual impairment. The best drug for treatment of this patient is :
121885,"30 year old pregnant woman comes with the
history of thyroid swelling. Fnac report shows
papillary carcinoma of thyroid and nodule was
cold on radioiodine uptake scan. Which of the
following is not a treatment option —"
122231,A 25 year old infeile lady is having menorrhagia. On examination an abdominal mass is palpable which is immobile. On PV examination- uterus and appendages are fixed. The most appropriate first line treatment in this case is
122377,"A 32 weeks premature infants, 900gm weight on the third days. The serum billirubin is 13 mg%. The treatment of choice is ___________"
122557,"A 24 year old male patient with h/o primary syphilis in the form of genital ulcer &mucocutaneous lesions, presents with features Suggestive of neurosyphilis in the form of meningitis for which appropriate treatment was staed. What will you do for monitoring of treatment"
122614,"A 64-years-old previously healthy man is admitted to to a hospital because of a closed head injury and ruptured spleen Following a road side accident following an automobile accident. During the first 4 days of hospitalization, following laparotomy and splenectomy, he receives 5% dextrose 0.5% normal saline solution at a rate of 125 mL/h. Recorded daily fluid outputs include 450 to 600 mL of nasogastric drainage and 700 to 1000 mL of urine. The patient is somnolent but easily aroused until the morning of the 5th hospital day, when he noted to be in deep coma. By the after-noon, he begins having seizures. The following laboratory data are obtained: Serum electrolytes (meq L): Na+130: K+1.9; CI 96; HC03 19.Serum osmolality: 260 mOsm/L; Urine electrolytes (meq/L):Na+ 61; K+18. Which of the following statements about diagnosis or treatment of this patient's condition is TRUE?"
122878,"A Female patient comes for treatment of discoloured maxillary canine tooth. On examination there is yellowish discoloration of tooth which is not tender on palpation or percussion test. Radiograph reveals obliteration of root canal. History of trauma is elicited on questioning.

Do you call the patient for follow up?"
122921,A 45 years old patient has abnormal uterine bleeding with mild atypical hyperplasia of endometrium. The treatment of choice is :
123024,"In a nulliparous woman, the treatment of choice in ruptured ectopic pregnancy is:"
123139,"A 35 year old male underwent the following procedure before his surgery, After 2 days he developed headache which gets relieved by lying down.What is the definitive treatment for this?"
123198,"Under the DOTS strategy of Revised National Tuberculosis Programme, the recommended line of management is category I patients, if the sputum is positive after 2 months of intensive phase treatment with 4 drugs, is to -"
123365,"During surgical treatment of poal hypeension in a 59-year-old man with liver cirrhosis, a surgeon inadveently lacerates the dilated paraumbilical veins. The veins must be repaired to allow collateral flow. Which of the following ligaments is most likely severed?"
123370,"A 6-year-old girl is diagnosed with meningitis. A lumbar puncture reveals numerous neutrophils and gram-negative diplococci. She is admitted to the hospital for antibiotic treatment, which is complicated by the fact that she is known to be allergic to b-lactams. What is the mechanism of action of the alternative drug of choice to treat this infant's meningitis?"
123544,Best treatment of below given condition is a diabetic patient?
123623,"A 63-year-old woman has Type II diabetes mellitus, which is well-controlled. Her physical examination is positive for peripheral neuropathy in the feet and non-proliferative retinopathy. A urinalysis is positive for proteinuria. Which of the following treatments is most likely to attenuate the course of renal disease?"
123627,"A patient presents with chronic small bowel diarrhea, duodenal biopsy shows villous atrophy. Anti-endomysial antibodies and IgA TTG antibodies are positive. What is the treatment of choice?"
123748,"During population-based screening programs, a 40 years old lady found to have cervical intraepithelial neoplasia. Which of the following is the treatment modality for this patient?"
123777,Best treatment of subdural haemotoma in a deteriorating patient
123937,A 70 years old male was brought to the emergency with colicky pain in lower abdomen & non-passage of feces and flatus. The abdominal X-ray findings are given below. Which of the following is the preferred treatment option for this patient?
123938,Which of the following is the first treatment for an anesthetized patient experiencing bronchospasm
123980,"A 19-year-old man is brought to the emergency department after dislocating his shoulder while playing football. Following treatment of the dislocation, he cannot initiate abduction of his arm. An MRI of the shoulder shows a torn muscle. Which muscle was most likely damaged by the injury?"
124085,Which of the following statements regarding treatment of hypothyroidism in a patient with ischemic hea disease is not false:
124367,"A patient got admitted with status epilepticus .During initial treatment , an intern reports to a senior resident that the patient has just lost his bladder control and that the urine appears darker than normal. The senior resident should take what measure?"
124446,"A 66 year old diabetic lady complains of pain in the palm of her right hand at the base of her ring finger, which is held in flexion. Extension is painful, produces an audible click, and often requires the assistance of the other hand. What is the first line treatment of the condition?"
124528,Kostmann's syndrome-treatment is -
124692,"A 30 years old primipara in labour with transverse lie, treatment of choice is:"
124790,A female treatment for depression took a massive dose amitriptyline for suicide. Which of the following statement regarding her management is WRONG?
124828,CBS in a child treatment -
124869,Which of these is not a treatment option for a 29 year old patient with moderate to severe endometriosis?
124947,Fully humanized antibody that is used in the treatment of rheumatoid arthritis is–
125169,"In discussing the treatment of a 42-year-old man with severe liver cirrhosis, the possibility of heterotopic transplantation is considered. Which statement about heterotopic liver transplantation is TRUE?"
125176,Propranolol should not be given to a patient on treatment with which of the following drug
125262,What would be the first line of treatment is a patient who develops ventricular fibrillation after intravenous injection of potassium chloride-
125355,What is the ideal treatment for a 55 years female with Simple Hyperplasia of endometrium with Atypia ?
125363,A 10 years old girl was evaluated for recurrent UTI and dysuria. IVP finding is given below. What is the preferred treatment option for this case?
125733,Duodenal ulcer with bleeding managed conservatively. Which treatment will he successful of the following?
125857,"A 4 year old male is brought to the emergency room with a recent onset of a rash, uicaria, and a fever of 101 degrees F. The mother also states that her son has been complaining that his ""bones hu."" Physical examination reveals mild lymphadenopathy. The patient's past medical history is unremarkable except that he just finished a 10-day course of cefaclor suspension for treatment of an upper respiratory infection. The patient should be treated with ?"
125997,A 4-year-old girl presents with swelling of the legs and ankles. Physical examination reveals pitting edema of the lower extremities. Urinalysis show 2+ proteinuria. The urinary sediment contains no inflammatory cells or red blood cells. Serum levels of BUN and creatinine are normal. The patient recovers completely after a course of corticosteroids. Which of the following pathologic findings might be expected in the urine prior to treatment with corticosteroids?
126101,"A 20 year old female patient complains of lower teeth irregularities and wants to undergo orthodontic treatment without undergoing extractions. On examination, moderate lower incisor crowding was noted. Bolton’s analysis reveals an overall mandibular excess of 4 mm and anterior mandibular excess of 2 mm. Which of the following teeth can be selected for interproximal reduction in this patient?"
126266,"An adult male patient presented in the OPD with complaints of cough and fever for 3 months and haemoptysis off and on, His sputum was positive for AFB. On probing it was found that he had already received treatment with RHZE for 3 weeks from a nearby hospital and discontinued. How will you categorize and manage the patient -"
126543,"A 47-year-old male, Kishore exhibited signs and symptoms of acromegaly. Radioogic studies showed the presence of a large pituitary tumor. Surgical treatment of the tumor was only paially effective in controlling the disease. At this point, which of the following drugs is most likely to be used a spharmacological therapy?"
126668,Patient presents to us 3 days after bell's palsy what is the initial treatment for the patient ?
126765,Delamanid is used for the treatment of
126819,"A 55 year old male, working as a hotel cook, has four dependent family members. He has been diagnosed with an early stage squamous cell cancer of anal canal. He has more than 60% chance of cure. The BEST treatment option is:"
127349,A middle aged man diagnosed of having T3N1M0 stage of carcinoma of larynx. Which among the following is the best treatment modality for this patient?
127367,"A 40-year-old female G4P4L3A1 who gave bih to her third child 1 month ago presented with recent onset of cough and palpitations associated with paroxysmal nocturnal dyspnea, ohopnea and exeional intolerance. Patient also complained of a few episodes of hemoptysis 2 days back. Patient also had a history of pre-eclampsia in her last pregnancy. O/E, JVP- increased Crepts in B/L basal lung fields along Shift of the apical impulse ECHO studies showed left ventricular ejection fraction < 45%. Patient was given treatment for the same but the patient didn't survive. HPE examination was done from autopsied hea. THE gross specimen of the hea is shown below. Which finding would be most likely present on HPE examination: -"
127491,"18 year old female presents with an ovarian mass, her serum LDH & placental alkaline phosphate are found to be elevated. What is the treatment of choice in this condition?"
127751,Initial treatment recommended for newly diagnosed patient with CML is-
127783,"In a study with new treatment, there were reported 36 death/treatment failures out of sample of 120.With a new treatment, 26 treatment failure were reported from a sample size of 130. How many patients should be treated to avert 1 death?"
127816,"A 24 year old unmarried woman has multiple nodular, cystic, pustular and comadonic lesions on face, upper back and shoulders for 2 years. The drug of choice for her treatment would be –"
128099,"The combination of meclorethamine, vincristine, prednisolone, and procarbazine is used for the treatment of patients with:"
128317,All are true about amoebic liver abscess except:a) More common in femalesb) More common in left lobe of liverc) Metronidazole is mainstay of treatmentd) Multifocal abscess can not be treated by aspiration
128390,On the 4th postoperative day of laparotomy a patient presents with bleeding & oozing from the wound.Management is :a) Dressing of wound & observe for dehiscenceb) IV fluidsc) Send for USG abdomend) Start treatments for peritonitise) Urgent surgery
128491,A patient having infertility is found to have bilateral cornual block on investigations. Best treatment that can be offered to her would be:
128622,"Vimal, a 70 years old male presents with a h/o lower GI bleed for last 6 months. Sigmoidoscopic examination shows a mass, of 4 cms about 3.5 cms above the anal verge. The treatment of choice is -"
128656,Which one of the following is the treatment of choice for a 4cm retroperitoneal lymph node mass in a patient with non seminomatous germ cell tumor of the testis -
128787,A 50-year-old female with rheumatoid ahritis is being considered for infliximab therapy. Which of the following tests should be performed before beginning treatment?
128800,A 40-year old woman presented to the surgical OPD with features suggestive of colitis. She was on prolonged treatment with clindamycin. Fecal sample was positive for toxin produced by this agent. Her condition improved on treatment with metronidazole. The clinical condition is associated with -
128810,A 16-year-old girl was on anti-epileptic for treatment of focal seizure episodes while asleep. She has had no seizure for last 6 months. NCCT and EEG is normal. What is the fuher management?
128852,What is the best treatment for a five year old child presenting with ballooning of prepuce following micturation?
128978,A 10 year old male patient complains of spacing between his upper front teeth. On clinical examination a midline diastema of 4 mm is seen. It is noted that the patient is in the mixed dentition period. Which of the following is the first line of treatment for this patient?
128981,"A 24 year old male patient with h/o primary syphilis in the form of genital ulcer & mucocutaneous lesions, presents with features suggestive of neurosyphilis in the form of meningitis for which appropriate treatment was staed. What will you do for monitoring of treatment"
129044,"A57-year-old man comes to see you for follow-up 4 weeks after being discharged from hospital for unstable angina. His coronary angiogram showed moderate nonstenotic disease in two vessels. The cardiologist asks you to follow up on his fasting lipid profile since it was not checked in the hospital. His T-chol is 240 mg/dL, LDL 120 mg/dL, HDL 50 mg/dL, and triglycerides 130 mg/dL.For the above patient with dyslipidemia, select the most appropriate treatment."
129372,"In a patient of symptomatic gallstone disease, laparoscopic cholecystectomy was done. On histopathology, adenocarcinoma of gall bladder was diagnosed with stage T2. Next line of treatment:"
129406,"A 23 year old man comes to psychiatry outpatient due to symptoms of occasional sleep disturbances and 'feeling low'. The symptoms staed 2 months back after he found that his girlfriend was cheating on him and was in a relationship with her boss. The patient immediately broke up with her. However since than he has been feeling sad, although he is able to feel much better the he hits the gym. The patient fuher repos that he doesn't like meeting people much and doesn't feel like going to work, although he hasn't taken any leaves and is able to fulfil all her professional responsibilities. What is the best next step in the treatment of this patient?"
129608,A patient with hypeension also suffers from essential tremor. Optimal treatment of the patient should include management with
129658,On doing laparoscopic cholecystectomy patient developed wheezing. Which of the following is used in the treatment?
129669,A 45 year old female patient comes for regular health checkup. Ultrasound reveals gallstones. She has a family history of gallstones. What is the  treatment option
129768,Prolonged testosterone treatment to a man results in:
129982,"An 8-yr old child comes to your clinic with large front teeth having jagged margins, what is the treatment plan for this patient?"
130079,"In majority of patient with esophageal leaks in thoracic cavity of less than 12 hours duration, the treatment of choice is"
130268,Drug of choice for treatment of malaria due to P. Vivax in a 25 year old pregnant female is
130443,"A 25-year-old man presents to the emergency depament complaining of a severe headache, stiff neck, and fever. While waiting for treatment, the patient has a seizure. A neurologist suspects meningitis, and performs a lumbar puncture on the patient. Immediately after the needle passes through the interlaminar space between the 4th and 5th lumbar veebrae, which space does it enter?"
130552,Safest strategy of treatment for a patient of inhalational burn injury who has presented within 4-5 hours
130618,A 48-year-old female suffering from severe menorrhagia (DUB) underwent hysterectomy. She wishes to take hormone replacement therapy. Physical examination and breast are normal but X-ray shows osteoporosis. The treatment of choice is:
130786,"Sudha, a lot 20 year old female developed antibiotic associated pseudomembranous colotis caused by Costridium difficile. Whinch of the following drugs is most likely to be effective in the treatment of this disease?"
131023,"A 50 years old hypertensive male cardiac patient, who is on anticonvulsant treatment, developed following rash on right hand. Most probable drug responsible for it is-"
131077,"A 3-year old female child sleeping in a thatched hut woke up in the middle of the night screaming. Her mother thought the child had a nightmare and tried to pacify her. After sometime she noticed that the child was sweating profusely and the hands becoming cold, child also vomited a couple of times. The mother immediately rushed the child to the emergency services. His pulse was 150/minute and his BP 90/60 mm Hg. The first line of treatment for this condition is-"
131098,A 30-year old man presents to your clinic for this painful plaque on his foot. He hasn't tried to treat it before and wants to sta treatment because it's painful. What is the most appropriate first-line therapy for this patient?
131225,"A patient is brought to the casualty in the state of altered sensorium. He was on lithium treatment for effective fits. On examination, he has tremors, increased TR's and incontinence of urine. He has also undergone an episode of severe gastroenteritis 2 days ago. The serum lithium was found to be 1.95 meq/Lit. The probable cause for his present state is :"
131402,"A patient having multiple Gall stones and shows 8 mm dilation and 4 stones in CBD, best treatment modalities are -"
131443,"Which of the following is the treatment of choice for patients with schizophrenia, who refuse to take treatment:"
131452,Type of periodontitis which does not respond to therapy even after repeated treatments is: (OR) A child is having bone loss around molar and incisor region with pus discharge and calculus which cannot be treated by medications is suffering from?
131493,"A 43-year-old man comes to the physician with pain in his left leg. He has a background of a left below-the-knee amputation 10 years ago. He reports that since the amputation he has always been “aware” of his left foot and had the feeling that it was still there. With time, it felt that his foot was moving proximally, and additionally, he developed pain and “burning” at the stump of his left leg. The pain does not change with position of his leg, topical treatments or medications. 
He is most likely suffering from which of the following syndromes?"
131655,Which of the following is most appropriate treatment of a patient of tuberculosis in which mycobacterium is resistant to both isoniazid and rifampicin?
131678,"A hypertensive patient has heart rate of 50 beats/min and taking tablet atenolol 200 mg/day in divided doses. After anaesthesia, heart rate further fell down to 40 beats/min. What will be the appropriate treatment to improve heart rate:"
131855,A 62-year-old woman with multiple myeloma is given pamidronate calcium biphosphonates. This treatment has been shown to do what?
132292,"A patient is taking 40 mg Famotidine OD, Sucralfate and Antacid tablets TDS, This treatment is irrational because of -"
132355,"A 22 year old pregnant lady presents with fever, and is put on antibiotics. Fever is still not brought under control, On fuher investigation she is diagnosed to have septic pelvic thrombophlebitis. Which among the following is the next coursee of treatment for her?"
132367,Submandibular salivary duct calcification treatment includes
132504,"An infant presented with itchy eczematous crusted lesions with exudation on palm, sole, glans penis and face. All are true except – a) Family should be examinedb) the Only patient needs drug treatmentc) All clothing & linen should be discarded or burntd) Distribution of lesion help in diagnosis makinge) Drug should be applied to affected areas for whole day"
132606,A pregnant patient it in her first trimester comes with amoebic liver abscess. What is the preferred treatment
132657,One of your staff nurse had a deep prick from the needle used to inject an HIV positive individual. What is the treatment regime that should be staed in her/him? Note that drug resistance was suspected in the HIV patient. \r\n
132671,"Asymptomatic UTI in pregnancy, true is:a) Most are usually asymptomatic in pregnancyb) If untreated, progresses to pyelonephritisc) Early and prompt treatment prevents abnormalities in fetusd) Increase chance of premature infante) Increase risk of chronic renal lesion"
132973,"Gennifer, a 4 years got her lower 2nd molar extracted due
to caries, the possible Line of treatment is"
133030,"A 25 year old man who is an alcoholic,presents with easy fatiguability and moderate pallor for the past six months. His Hb is 5. 2G% and serum iron level is 190 microgram per dl. The treatment of choice for him would be -"
133044,"During the treatment of septic shock, a 28-year- old male remains hypotensive despite adequate volume replacement; PA occlusion pressure is 18 mm Hg. When dopamine is started, ventricular tachycardia develops and this is unresponsive to lidocaine. The V-tach converts back to sinus rhythm once the dopamine is stopped. At this point, which of the following treatments are most appropriate for this hypotensive patient?"
133125,"A 52-year-old man complains of episodes of severe unilateral, stabbing facial pain that is intermittent for several hours, and then disappears for several days. The pain is described as ""electric shock-like"" and only lasts a few seconds. Physical examination of the face and mouth is entirely normal. Which of the following treatments is most effective for this condition?"
133257,A 25-year-old female has been diagnosed to be suffering from tuberculosis categorized as Category II (Sputum+ve relapse). The treatment regimen recommended under DOTS is -
133328,"In patient with chronic pancreatitis limited to tail and body with MPD diameter 4mm, ideal treatment would be"
133683,"A Female patient aged 40 years comes for routine general examination. Full mouth radiographs are taken. Oval shaped radiolucent areas are seen in the root canals of maxillary central incisors Teeth are asymptomatic and show feeble response to vitality tests.

What is your line of treatment?"
133781,"Pediatric patient with upper humerus lytic lesion with coical thinning, which among the following is not a treatment modality:"
133786,"A child patient suspected of leukemia is suffering from
periapical abscess line of treatment is"
133800,"A 50-year-old woman who is known case of hypothyroidism and is taking treatment for the same, was diagnosed with endometrial fibroids and staed on iron recently. She repoed excessive fatigue & constipation in her follow up visit. Her BP & cholesterol levels have been stable. A TSH is checked, and it is found to be elevated. What is the most likely cause of her elevated TSH?"
133804,A 43 year old male is diagnosed with Schizophrenia but he refused to take treatment. Which of the following antipsychotic drug is the treatment of choice for this patient?
134018,"A patient presents with Ca larynx involving left false cord, left arytenoid and left aryepiglottic fold with bilateral mobile true cords. The treatment of choice in this patient is which of the following?"
134112,8 year old child having unilateral condylar fracture with chronic pain and normal occlusion; what will be the treatment modality?
134515,A 72-year-old male suffering from major depression is recently trying to commit suicide multiple times. The best treatment is
134529,"A 10 year old boy developed hoarseness of voice following an attack of diphtheria. On examination, his Rt vocal cord was paralysed.The treatment of choice for paralysed vocal cord will be:"
134642,"A 40 years old hairy male, who is in army presented to OPD with complaints of serous discharge and discomfo from gluteal region. He gave history of abscess also in the same area 2 years back. Which of the following are used as treatment option for this condition?"
134838,A 4 year old child with history of fall on left forearm and develops fracture in dorsal surface of mid region of radius. Best treatment is
134947,"A 40-year-old female, presented with a progressively increasing lump in the parotid region. On oral examinations, the tonsil was pushed medially. Biopsy showed it to be pleomorphic adenoma.The appropriate treatment is:"
135042,"A 25 year old Female presents with endometriosis on diagnostic imaging, the ovarian cyst is found to be 5 cm. What is your treatment approach"
135201,"A male patient 59 year old complains of multiple swellings in the neck, fever, and weight loss. He gives a history of hypertension treatment. General examination reveals painless lymph nodal enlargement in the neck and on blood investigation, anaemia is revealed. Lymph node biopsy shows typical owl eye-shaped appearance cells.
What can be the most probable diagnosis for this patient?"
135332,"Which of the following would be the most appropriate treatment for rehabilitation of a patient, who has bilateral profound deafness following surgery for bilateral acoustic schwannoma?"
135462,Which of the following would be the most appropriate treatment for rehabilitation of a patient with bilateral profound sensorineural loss following surgery for bilateral acoustic schwannoma?
135636,"Period of immobilization indicated in a young adult patient with a fracture of the angle, receiving early treatment in which tooth is retained in fracture line:"
135832,"A male presenting with respiratory distress is put on a ventilator. Tracheal culture was obtained and sent for diagnosis. In the meanwhile, he was empirically staed on amikacin and ceftriaxone. Culture repo after 48 hrs shows growth of Klebsiella pneumoniae which is ESBL +ve on antimicrobial susceptibility testing. The modification needed in his antibiotic treatment is:"
136060,"A patient with condylar fracture, the occlusion is normal with normal mouth opening. The best treatment is?"
136191,A child presensted with erythematous non blanching bosselated lesion on left side of face. What is the treatment of choice in this child?
136229,The operative treatment in Hirschsprung's disease is only undertaken when child -
136414,A patient presents with lower gastrointestinal bleed. Sigmoidoscopy shows ulcers in the sigmoid. Biopsy from this area shows flask-shaped ulcers. Which of the following is the most appropriate treatment -
136493,Ramu 15-year-old male presents with haemorrhage 5 hours after tonsillectomy. Best treatment for this patient is:
136535,All of the following drugs useful in the treatment of a patient with acute bronchial asthma except :
136679,"A 10-year-old boy developed hoarseness of voice following an attack of diphtheria. On examination, his Rt vocal cord was paralyzed. The treatment of choice for paralyzed vocal cord will be-"
136830,"A 62-year-old woman presents with fever, cough, sputum production, and pleuritic chest pain. CXR reveals a right middle lobe infiltrate, and she is started on antibiotics for the treatment of pneumonia. Her sputum Gram stain is positive for S. pneumoniae. Which of the following immunologic mechanisms is the most specific host defense against pneumococcal infection?"
136963,A patient with Hodgkin&;s lymphoma is having a single cervical lymphnode. Biopsy showed lymphocyte: predominant variant Which of the following is the treatment of eboke -
137116,"A 26-year-old primary school teacher, presents to you with extreme distress. She says that her life is badly affected and she has intrusive thoughts that she recognises as senseless. She is forced to check the class room lock frequently and and hence leaves the school very late. She worries that she has left something impoant inside. She has similar problems with food checking and checking the envelops before send out any posts. At present she follows a strict set of routines for most routine activities. All of the following are good long term treatment options for Leela, EXCEPT:"
137381,"A patyient needs antibiotic treatment for aificial valve, culture-positive infective enterococcal endocarditis. His medical history includes severe anaphylactic reaction to penbicillin G during the past year. The best approach would be treatment with:"
137552,A 15 yr old boy suffering from epiliepsy is on treatment with a combination of Phenytoin and Valproate. Both the drugs levels are in the level of therapeutic range. Which of the following is not an adverse effect of Valproate?
137624,"A 20-year-old female presented with complaints of nausea, vomiting and pain in the legs. Her physical examination and lab investigations are normal. Still she persistently request for investigations and treatment despite repeated assurance by her doctor. What would be the most probable diagnosis:September 2012"
137719,A 27-years old man presents with a left testicular tumor with a 10 cm retroperitoneal lymph node mass. The treatment of choice is:
137764,Which of the following is the treatment of choice in a patient with a 10-mm calculus in the right lower ureter associated with proximal hydroureteronephrosis?
137855,25 years old laborer 3 yrs back presented with penile ulcer which was not treated. Later he presented with neurological symptoms for which he got treated. Test to monitor response to treatment is NOT RELATED-DERMATOLOGY
137887,drug used in the management of treatment resistant schizophrenia is
138092,Recently approved NMDA blocker for the management of treatment resistant depression in adults is?
138417,"An 8-year-old child is taken for a physical examination because of pressure from the boy's teachers that something is ""not right"" and that the child is underperforming in class. The boy is remarkable for being tall and thin, with long limbs, and a small curvature to his spine (scoliosis). He displays pectus carinatum and a dislocation of the lens in one eye. He has also had a number of recent blood clots that required treatment. After examination, and the running of some tests, the boy was placed on pharmacologic doses of vitamin B6, and this treatment appeared to alleviate some of the symptoms. The enzyme that is most likely to be defective in this child is which one of the following?"
138447,"A 24-year-old man had multiple, small hypopigmented macules on the upper chest and back for the last three months. The macules were circular, arranged around follicles and many had coalesced to form large sheets. The surface of the macules showed fine scaling. He had similar lesions one year ago which subsided with treatment. The most appropriate investigation to confirm the diagnosis is"
138665,"A 55 year old gentleman presented with history of right upper quadrant discomfort, jaundice, pruritis, fever, fatigue and weight loss. His serum bilirubin and alkaline phosphatase levels are raised and he also gives history of treatment for inflammatory bowel disease. He is most likely to be suffering from:"
138742,"A 60 year old man with CA prostate with osteoblastic secondaries in pelvis and lumbar
vertebra showed well differentiated Adenocarcinoma prostate on needle biopsy. First line of
treatment is"
138772,The operative treatment in Hirschsprung's disease is only undeaken when child -
138837,"A twenty year old female patient comes to the clinic with discoloration of the upper right central incisor. This tooth was intact and otherwise asymptomatic.

The treatment most often employed for managing discoloration in a non-vital teeth is"
138931,"During a routine checkup, a 50-year-old man is found to have blood in his urine. He is otherwise in excellent health. An abdominal CT scan reveals a 2-cm right renal mass. You inform the patient that staging of this tumor is key to selecting treatment and evaluating prognosis. Which of the following is the most impoant staging factor for this patient?"
139048,"On chronic treatment with a drug, patient presents with gingival hyperplasia and facial hirsutism. The drug most likely to cause these side-effects is -"
139261,A child presented with severe pain with twisted cord. The treatment is
139342,A 69 year old male patient having coronary artery disease was found to have gall bladder stones while undergoing a routine ultrasound of the abdomen. There was no history of biliary colic or jaundice at any time. What is the best treatment advice for such a patient for his gallbladder stones?
139540,A patient presented with a 1x1.5 cms growth on the lateral border of the tongue. The treatment indicated would be:
139622,A patient comes in stuporous condition. Patient's parents give history of patient being continually sad and suicidal attempts and not eating and sleeping for most of the time. The treatment is:
139759,"At the time of Annual examination, a patient expresses concern over exposure to sexually transmitted diseases. During your pelvic examination, a singular, indurated, Nontender ulcer is noted on the vulva. VDRL and FTA tests are positive. Without treatment, the next stage of this disease is clinically characterized by:"
139771,Pringle manoeuvre may be required for treatment of
139981,"A 23-year-old girl comes for evaluation in psychiatry outpatient. The patient repos that she has been facing increasing anxiety since she got promoted. Earlier her office was on 1st floor and now she had to shift to 10th floor. She repoed that she has always been uncomfoable of heights and had avoided many jobs in past as they were in high rise buildings. She also lives at ground floor. Since, she got promoted, she has been using alprazolam to keep herself calm, but she wants a proper solution to her problem. Which is the most appropriate treatment for her condition?"
140311,"A six-year-old child is admitted to the Paediatric ICU for seizures. He has been on treatment with Tacrolimus and Prednisolone. On investigations, his blood urea is 68 mg.dk Serum Sodium is 136 meq/l likely cause of his seizures -"
140695,"A 80-year-old male patient recently diagnosed with non-Hodgkin's lymphoma was staed on treatment with R- CHOP chemotherapy regimen. After few days, the patient comes to the clinic with complaints of tingling in his hands and feet. Neurological examination shows symmetric ""stocking and glove"" type distal neuropathy. If the patient's symptoms are believed to be due to chemotherapy regimen, the drug responsible for these symptoms causes cell cycle arrest during which of the following stages?"
140733,The most accepted modality of treatment of 2D myopia in a 13-year-old girl is –
140795,A 40 year old male patient came for routine dental checkup. Patient gives history of root canal treatment with 17 and 27 done using excimer. This type of lasers are:
140878,"A 70 year old man comes to clinical attention with progressive memory loss, urinary incontinence, and gait instability. MRI of the brain shows dilatation of the ventricular cavities, while the cerebral coex appears normal. No infarcts are seen. Repeated lumbar punctures reveal occasional increases in cerebrospinal fluid (CSF) pressure. A biopsy of the frontal coex demonstrates the absence of neurofibrillary tangles and senile plaques. Which of the following is the most appropriate treatment?"
140909,"A 47-year old male, Kishore exhibited signs and symptoms of acromegaly. Radiologic studies showed the presence of a large pituitary tumor. Surgical treatment of the tumor was only paially effective in controlling the disease. At this point, which of the following drugs is most likely to be used as pharmacological therapy?"
141217,A 3 year old child presents with fever and ear ache. On examination there is congested tympanic membrane with slight bulge. The treatment of choice is:
141218,"A 40-year-old primiparous woman suspected to be suffering from endometriosis is subjected to diagnostic laparoscopy. Findings indicate - uterus normal, both the ovaries show presence of chocolate cysts; endometriotic deposits are seen on the round ligament right side, both the fallopian tubes and the pouch of Douglas; moderately dense adhesions are present between the fallopian tubes and the pouch of Douglas. The treatment of choice in this case is :"
141238,Kostmann&;s syndrome-treatment is
141499,A 69 year old male patient having coronary aery disease was found to have gall bladder stones while undergoing a routine ultrasound of the abdomen. There was no history of biliary colic or jaundice at any time. What is the best treatment advice for such a patient for his gallbladder stones -
141610,"A 20 years old female presented to emergency with high grade swinging fever, abdominal tenderness and flank mass. On CT there was collection around kidney. Antibiotics were staed but patient condition didn't improve after 48 hours. What is the next best treatment option?"
141684,"A lady with 3 living children comes with 8 wks pregnancy with Cu T inutero, treatment suitable is :"
141698,The treatment for a mandibular fracture between the incisors is:
141967,"A 4-year-old girl presents with swelling of the legs and ankles. Physical examination reveals pitting edema of the lower extremities. Urinalysis show 2+ proteinuria. The urinary sediment contains no inflammatory cells or red blood cells. Serum levels of BUN and creatinine are normal. The patient recovers completely after a course of corticosteroids. For the patient, electron microscopy of a renal biopsy specimen prior to treatment would most likely demonstrate which of the following abnormalities?"
142062,A patient with abdominal pain diarrhea and weight loss. He gives a history of taking treatment for pulmonary TB. What does the barium film of the patient show?
142070,A patient has been advised a lateral cephalogram before beginning orthodontic treatment. Which of the following could be used to establish the physiologic “true horizontal” orientation of the patient’s head during this radiograph?
142146,"An 18-year-old man is admitted to the hospital with acute onset of substernal chest pain that began abruptly 30 minutes ago. He repos the pain radiating to his neck and right arm. He has otherwise been in good health. On physical examination, he is diaphoretic and tachypnoeic. His BP is 102/48 mmHg and hea rate is 112 bpm, regular rhythm but is tachycardiac. A 2/6 holosystolic murmur is heard best at the apex and radiates to the axilla. His lungs have bilateral rales at the bases. The ECG demonstrates 4 mm of ST elevation in the anterior leads. In the past he was hospitalized for some problem with his hea when he was 4 years old. His mother, who accompanies him, repos that he received aspirin and g- globulin as treatment. Since that time, he has required intermittent follow-up with echocardiography. What is the most likely cause of this patient's acute coronary syndrome?"
142208,"A 5-year-old girl is admitted to your Paeds ward. The parents give the history that the child has had recurrent, intermittent episodes of fever and respiratory distress over the past 1.5 years, including cough, wheezing, and dyspnea lasting for 3-4 days. With every episode, hemoptysis is present. Now she is diagnosed with Right lower lobe pneumonia which improves upon treatment. On physical examination, the patient is pale, icteric with digital clubbing. Which of the following is the most appropriate next Investigation?"
142279,A 69 year old male patient having coronary Aery disease was found to have gallbladder stones while undergoing a routine ultrasound of the abdomen. There was no history of biliary colic or jaundice at any time. What is the best treatment advice for such a patient for his gallbladder stones
142361,"A caretaker in a nursing home presents with pruritus of her trunk and extremities. On physical examination, she has several erythematous papules in her finger webs, axillae, umbilicus, and groin areas. Her scalp is clear. Which of the following is the best treatment for this woman?"
142426,Initial treatment for management of mild to moderate Crohn's disease is:
142433,In a patient excision rather than bypass is preferred for surgical treatment of small intestinal Crohn's because:
142789,"A 12-year-old boy with a femur fracture after a motor vehicle collision undergoes operative repair. After induction of anesthesia, he develops a fever of 40degC (104degF), shaking rigors, and blood-tinged urine. Which of the following is the best treatment option?"
142790,The treatment of 23 year old mother of one child with carcinoma in situ of the cervix is :
142831,20.The current treatment of choice for a large antrochoanal polyp in a 30 year old man is:
143143,Seman's squeeze technique is used in treatment of:-
143277,Best treatment for fracture neck femur in a 65 year old lady is
143474,A 24-year-old male patient with h/o primary syphilis in the form of genital ulcer & mucocutaneous lesions presents with features suggestive of neurosyphilis in the form of meningitis for which appropriate treatment was started. What will you do for monitoring of treatment -
143601,"The mass treatment of trachoma is undeaken if the prevalence of severe or moderate trachoma, in children under 10 years, is more than: September 2012"
143625,A patient was diagnosed to have single skin lesion of Leprosy without any AFB positive bacteria from the scrapings. What should be the treatment of this patient according to latests guidelines?
143731,"18 year old female patient comes complaints of upper abdominal pain, nausea, vomiting and abdominal distention for three days.  There is  history of recent weight loss. The aorto-mesenteric angle measured 11°.what is the appropriate treatment"
143774,"A 42–year–old man comes to the emergency department because of sudden-onset diarrhea and nausea directly following a fish barbeque at the beach. The next day, he cannot lift his left hand. Examination shows a wrist drop in the left hand. His pulse is 56/mm. However, his pupils are normal and there is no difficulty in eating. 

Which of the following is the treatment for this condition?"
143913,"A 60year old male presents with tremors of both hands which are postural, symmetric, high frequency tremors. On examination his pulse rate is 58/mt, neurological examination is normal except for tremors. What is the drug of choice for treatment of this patient?"
144026,A child was diagnosed as a case of pauci-immune crescentic glomerulonephritis. The treatment to be given in this child is -
144428,A 60-year-old man with rheumatic mitral stenosis and atrial fibrillation is on therapy for a fast ventricular rate. While on treatment he develops a regular pulse of 64 beats/min. Which of the following is the probable drug that the patient is receiving?
144493,"A 62-year-old woman presents with fever, cough, sputum production, and pleuritic chest pain. CXR reveals a right middle lobe infiltrate, and she is started on antibiotics for the treatment of pneumonia. Her sputum Gram stain is positive for S pneumoniae. Which of the following immunologic mechanisms is the most specific host defense against pneumococcal infection?"
144496,"A 45-year old woman is admitted to the hospital following a head injury. She has severe polyuria (producing 1 L of urine every 2 hours) and polydipsia (drinking 3 to 4 glasses of water every hour).During a 24-hour period in the hospital, the woman produces 10 L of urine, containing no glucose. She is placed on overnight water restriction for fuher evaluation. The following morning, she is weak and confused. Her serum osmolarity is 330mOsm/L, her serum is 164 mEg/L, and her urine osmolarity is 70 mOsm/L. She is treated with dDAVP by nasal spray. Within 24 hours of initiating the treatment, her serum osmolarity is 295mOsm/L and her urine osmolarity is 620mOsm/L."
144583,"A 35-year-old woman complains of vaginal discomfort for 2 weeks. Physical examination reveals a scanty vaginal discharge. The fluid develops a ""fishy"" odor after treatment with 10% potassium hydroxide. A Pap smear taken during the pelvic examination shows squamous cells covered by coccobacilli (""clue"" cells). Which of the following is the most likely etiology of vaginal discomfort in this patient?"
144630,"Rathi, 26 years old female diagnosed to be suffering from depression. Now for the past 2 days had sucidal tendency, thought & ideas. The best treatment is"
144672,A patient on treatment with ketoconazole for a fungal disease develops Gastroesophageal Reflux Disease (GERD). Which of the following drugs should not be prescibed to him:
144879,A 25-year-old female has been diagnosed to be suffering fromtuberculosis categorized as Category II (Sputum+ve relapse). The treatment regimen recommended under DOTS is -
144882,A patient presented with a 1 x 1.5 cms growth on the lateral border of the tongue. The treatment indicated would be -
144884,The following are used for treatment of postoperative nausea and vomiting following squint surgery in children except:
145084,What is the treatment of appendicular carcinoma 3cm x 2cm in size in 24 year old male?
145340,A 48 years old female suffering from severe menorrhagia (DUB) underwent hysterectomy. She wishes to take hormone replacement therapy. Physical examination and breast are normal but X-ray shows osteoporosis. The treatment of choice is:
145450,The best treatment of this 80-year-old woman with vomiting retrosternal pain and a looped nasogastric tube in her left chest is:
145471,"A 32 weeks premature infants, 900gm weight on the third days. The serum bilirubin is 13 mg%. The treatment of choice is -"
145554,A 30 years old multigravida presented with transverse lie with hand prolapse in Ilnd stage of labour with dead fetus. The treatment is :
145556,"A 59 year old man with severe myxomatous mitral regurgitation is asymptomatic, with a left ventricular ejection fraction of 45% and an endsystolic diameter index of 2.9 cm/m2. The most appropriate treatment is:"
145635,Which among the following is the best treatment modality for a man with T4 N0 M0 stage of head and neck carcinoma?
145729,"In two years after RCT, a patient complains of ""Pain over the gum"" of that tooth and the tooth is tender to percussion, then the treatment of choice is:"
145816,"A 9 year boy presents with nasal obstruction, proptosis, recurrent epistaxis from 3-4 years. Management includes -a) Routine radiological investigationsb) Embolisation alone should be donec) Surgery is treatment of choiced) Embolisation followed by surgerye) Conservative management is sufficient"
145818,An old patient of tubercular meningitis is not responding to treatment. A new combination of drugs has to be prescribed for a prolonged period. Which one of the following should not be prescribed in this case -
145923,"In a patient with previous history of congestive cardiac failure, during dental treatment if he shows sign and symptoms. The preferable patient position should be:"
146223,A 15- year old boy is suffering from Hodgkin's disease which shows involvement of lymphnodes. Which of the following treatment will have high success rate:
146258,A 27 year old patient presented with left sided abdominal pain to the emergency room; 6 hours FAST positive. Contrast Enhanced CT (CECT) scan showed grade III splenic laceration.What will be the most appropriate treatment
146336,A patient present with lower gastrointestinal bleed. Sigmoidoscopy shows ulcers in the sigmoid. Biopsy from this area shows flask-shaped ulcers. Which of the following is the most appropriate treatment -
146450,Which of the following is the earliest sign of magnesium toxicity in a patient with eclampsia on treatment with magnesium sulphate?
146692,A  cardiologist  wants  to  study  the  effect  of  an  antihypertensive  drug.  He  notes  down  the  initial  systolic blood pressure (mmHg) of 50 patients and then administers  the  drug to  them.  Which of the following is  most appropriate statistical test of significance to measure the  change in blood pressure after a  weeks  treatment ?
146959,"A 47-year old male, Kishore exhibited signs and symptoms of acromegaly. Radiologic studies showed the presence of a large pituitary tumor. Surgical treatment of the tumor was only partially effective in controlling the disease. At this point, which of the following drugs is most likely to be used as pharmacological therapy?"
146964,"A patient presented with itchy lesions over the wrist,(itching is worse at night).Which of the following drug can be used orally as a treatment in this case?"
147005,"A 27-year-old homosexual male presents with a foreign body in the rectum. During the extraction of the foreign body, a large tear in the sigmoid colon with extensive devitalization and contamination is observed. What is the preferred method of treatment?"
147129,Aerosol drug used for treatment of RSV infection in a child is?
147179,"A 22-year-old woman is found in a comatose condition, having lain for an unknown length of time on the tile floor of the courtyard. She is found in possession of cocaine. The patient is transported to the hospital while EMT personnel receive instructions for treatment of drug overdose. During the physical examination the patient's gluteal region shows signs of ischemia. After regaining consciousness, she exhibits paralysis of knee flexion and dorsal and plantar flexion and sensory loss in the limb. What is the most likely diagnosis?"
147425,"A 59 year old man with severe myxomatous mitral regurgitation is asymptomatic, with a left venricular ejection fraction of 45% and an end systobc diameter index of 2.9 cm/m2. The most appropriate treatment is"
147437,25 year old labourer 3 years back presented with penile ulcer not treated. Later he presented with neurological symptoms for which he got treated. Test to monitor response to treatment is -
147546,25 year old labourer 3 yrs back presented with penile ulcer not treated. Later he presented with neurological symptoms for which he got treated. Test to monitor response to treatment is
147873,"A patient aged 65 years, is diagnosed to have severe aplastic anemia. HLA compatible sibling is available. The best option of treatment is -"
147985,"In an early mixed dentition case with insufficient space in the anterior segment for erupting permanent lateral incisors, what treatment is indicated:"
148054,Decreased vitamin 0 5. A 48 years old female suffering from severe menorrhagia (DUB) underwent hysterectomy. She wishes to take hormone replacement therapy. Physical examination and breast are normal but X - ray shows osteoporosis. The treatment of choice is
148101,Which is the most preferred method to manage the case of an apprehensive 7 year old child having a history of unpleasant experience with dental treatment?
148181,A 45 year old female patient presents with symptoms of easy bruisabilty and frequent headaches. Physical examination shows moderate splenomegaly. Blood counts show a normal leucocyte count and platelet count of 1000 × 103/cu mm. The leukocyte alkaline phosphatase score is normal. Which of the following is the drug of choice for the treatment of this patient?
148190,A young female presents with dysphagia for the past 2 years. She also complains of intermittent chest pain. Barium swallow shows dilation of the esophagus with narrowing of distal esophagus. The treatment of choice is:
148267,Recommended treatment for management of delirium tremens: March 2003
148345,"Which surgical procedure is indicated after the
endodontic treatment is completed of a mandibular molar with periodontal and carious involvement of the bifurcation:"
148411,"A 30 yrs woman 2+0, hypertension have menorrhagia. Which is the best treatment for her -"
148448,Which of the following congenital malformation is seen in a child of a mother who is on treatment with oral anticoagulants – a) Craniofacial malformationsb) Renal agenesisc) Long bone defectsd) Chondrodysplasia punctata
148460,A post operative patient developed septicemia and was empirically staed on combination chromotherapy by a new resident doctor. However when the patient did not respond even after 10 days of antibioti treatment.it was found that resident doctor had staed the combination of antibiotics which was mutually antagonistic in action.which of the following is the most likely combination that was given
148560,A 60 year old man presents with choreoathetosis. O/e KF rings is seen in cornea. Initial treatment of choice is
148993,A female on treatment for depression took a massive dose of amitriptyline for suicide. Which of the following statement regarding her management is WRONG ?
149077,A 28 year old male complains of glare in both eyes. The cornea shows whorl like opacities of the epithelium. He also gave a history of long term treatment with amiodarone. The most likely diagnosis is -
149260,A month old HIV positive child following URTI developed sudden onset of breathlessness. The chest x-ray shows hyperinflation. The O2 saturation was greater than 90%. The treatment of choice is –
149282,"A patient with psoriasis was staed on systemic steroids. After stopping treatment, the patient developed generalized pustules all over the body. The cause is most likely to be:"
149283,"After suffering a severe bout of pneumonia, a 46-year-old renal transplantation patient develops a lung abscess. She has been receiving immunosuppression therapy since her last kidney transplantation 3 years ago. What is the most appropriate treatment?"
149318,A 30 year old male presents with pain on the right flank and hematuria. A CECT abdomen reveals a large 8x8 cm sized solid mass in the right kidney and 3x3 cm solid mass occupying the upper pole of left kidney. The most appropriate surgical treatment for this pt is:
149473,A 65 year old male presents with CA prostate. The tumour is limited to the capsule and it is palpable on PR examination. The patient is diagnosed as stage T1b. The best treatment would be -
149576,A patient with Hodgkin's lymphoma is having a single cervical lymphnode. Biopsy showed lymphocyte predominant variant. Which of the following is the treatment of choice:
149609,A 59-year-old man is planning to undergo a coronary aery bypass. He has osteoahritis and consumes nonsteroidal anti-inflammatory drugs (NSAIDs) for the pain. Which of the following is the most appropriate treatment prior to surgery to minimize his risk of bleeding from his NSAID use?
150362,A young man with known history of heroine addiction is brought in the emergency in unconscious state by his friends. On examination his pupil are pin point. What will be the treatment of choice?
150603,"An outbreak occurs in a community where the water supply is contaminated. Multiple patients experience nausea and vomiting as well as profuse diarrhea with abdominal cramps; stools are described as ""rice water."" Curved, gram-negative rods are isolated on a sulfate-citrate-bile- sucrose agar. In the treatment of patients who have cholera, the use of a drug that inhibits adenyl cyclase would be expected to have which of the following characteristics?"
150720,"A patient needs antibiotic treatment for an artificial valve, culture-positive infective enterococcal endocarditis. His medical history includes severe anaphylactic reaction to penicillin G during the past year. The best approach would be treated with :"
150877,Which of the following patient characteristics is a possible reason for the use of celecoxib in the treatment of ahritis?
151257,"Which statement is true regarding genu varum (bowleg) -a) In infants, it may be considered normalb) Occurs due to epiphyseal dysplasiac) Seldom associated with tibial angulationd) Affects only tibia but nerve femure) Does not require any treatment"
151358,Which vitamin is most likely to be deficient in patients on treatment with isoniazid :
151574,"On chronic treatment with a drug, a patient presents with gingival hyperplasia and facial hirsutism. The drug most likely to cause these side effects is :"
151671,"A female undergoing treatment for infeility with IVF was given Inj. HCG, present with history of vomiting, nausea, and headache. The USG is shown as below, what is the diagnosis?"
151788,Stimulant drug is given to child for the treatment of
151995,Kostmann's syndrome-treatment is
152269,"A woman complains of severe pain in vagina after vaginal delivery. O/E - she is pale, her P/R = 110 beats/minute, B/P = 100/60 mm of Hg. Vaginal examination reveals a large soft boggy mass on right lateral vaginal wall. What is the most appropriate treatment?"
152312,"30 yrs female presented with unilateral breast cancer associated with axillary lymph node enlargement. Modified
radical
mastectomy was done, a further treatment plan will be"
152401,"A patient comes with gravida 4, living 1 with 22 weeks of pregnancy with carcinoma Insitu. The treatment of choice is :"
152413,Drug used in the treatment of CAH in a child is:
152502,"An 8-month old child presented with itchy, exudative lesions on the face, palms and soles. The siblings also have similar complaints. The treatment of choice is such a patient is:"
152603,"A patient with drug overdose presents with pin-point pupils, with BP 80/60 mm Hg, pulse 60 bpm with shallow respiration. Which of the following will be used for treatment immediately?"
152788,"An old man who is edentulous, presents with squamous cell carcinoma in buccal mucosa that has developed and infiltrated to the alveolus. Following is not indicated in treatment:"
153004,A patient presents with malignant hypehermia and metabolic acidosis. Immediate treatment should be staed with
153051,"In recommending treatment for your carcinoid patient, you will consider all of the following except"
153102,What is the treatment of choice in patients with congestive hea failure with ejection fraction < 40% and normal fluid levels achieved?
153194,"A 88year old male patient presented with endstage renal disease with coronary Aery block and metastasis in the lungs. Now presents with acute cholecystitis, patients relatives need treatment to do some thing"
153355,A 14 year old boy presents with chronic diarrhea. Duodenal biopsy shows villous atrophy. Anti endomysial antibodies and IgA TTG antibodies are positive. What is the treatment of choice?
153396,"A 25-year-old married male presents with infertility. He had undergone retroperitoneal lymph node dissection at age of 15 years for embryonal carcinoma of right testis. Semen analysis shows-quantity-0.5 ml, no. sperm, no fructose. Biopsy of testis shows normal spermatogenesis. Best treatment here would be -"
153732,A patient presents with lower gastrointestinal bleed. Sigmoidoscopy shows ulcers in the sigmoid. Biopsy from this area shows flask-shaped ulcers. Which of the following is the most appropriate treatment ?
154160,A child with schizophrenia was on medications. Suddenly he developed neck stiffness and spasm. Best treatment of such a case is?
154252,"A 27 year old man with epilepsy presents with complaints of persistent lethargy and occasional feelings of intoxication, although he does not consume alcohol. The patient is currently taking phenobarbital for the long-term management of tonic-clonic seizures. In addition, he was recently staed on a medication for the treatment of gastroesophageal reflux disease. Which of the following agents was he most likely prescribed?"
154275,Pringle maneuver may be required for treatment of:
154372,A patient was admitted to the emergency depament due to alcohol intoxication. 12 Hours after admission the patient began to show agitation and seizure like activities . The drug used In treatment acts by:
154395,Empirical antibiotic treatment in a suspected case of pneumonia who has received no antibiotics in the past three months to be managed on outpatient basis is -
154501,A woman presents with a fluctuant non tender swelling at the introitus. The best treatment is
154559,A 35-year-old male present with the Squamous cell carcinoma of tongue with staging as T2N0M0. The treatment of this patient is most likely
154848,A child was diagnosed as a case of pauci–immune crescentic glomerulonephritis. The treatment to be given in this child is –
155023,GBS in a child treatment -
155211,"A patient presents with abdominal distention, nausea, and vomiting, patient report a long history of intermittent obstructive symptoms and distention. On radiological examination this is the presentation of the patient, which of the following statement regarding his treatment would be false?"
155320,"A patient with HIV infection complains of rapidly progressive painless visual loss.Fundus shows exudates and haemorrhage especially along blood vessels. In this case, the treatment of choice would be-"
155378,A patient after valve replacement will require follow up treatment with
155456,Which is the best treatment for management of malignant pheochromocytoma?
155473,"A 25-year-old male presents to the emergency depament with occasional severe headaches, nausea, and vomiting. Blood pressure while sitting is 230/130 mmHg with a hea rate of 90 beats/min but on standing the blood pressure drops to 200/100 mmHg and the hea rate increases to 140 beats/min. A cardiovascular examination depicted tachycardia with normal S1, S2 sounds . The patient's lungs are clear. The optic discs are blurred, but there are no exudates or hemorrhages. Select appropriate treatment for such condition ."
155744,A 27 year old man presents with a left testcular tumor with a 10 cm retroperitoneal lymph node mass. The treatment of choice is -
155812,A 25-year-old female has been diagnosed to be suffering from tuberculosis categorized as category I (sputum +ve) case of relapse. The new treatment regimen recommended under DOTS is
156139,"Post administration of antibiotics a patient has developed facial puffiness, rash, hypotension and breathing difficulty. What is the test treatment?"
156181,"A 54 year old male with acute lymphocytic leukemia develops a blast crisis. He is treated with intensive systemic chemotherapy. Following treatment, the patient will be at increased risk for the development of:"
156278,"A 5-year old child of severe nephrotic syndrome on treatment with tacrolimus, frusemide and prednisolone developed seizures. The investigations revealed:
Serum Na+ = 136 mEq/L
Blood urea = 78 mg/dL
Serum creatinine = 0.5 mg/dL
Serum albumin = 1.5 g/dL
Serum total Ca = 7.5 mg/dL
Urine albumin = 2g
What is the likely cause of symptoms in this baby?"
156377,"A 57-year- old lady came with chief complaints of fatigue. On fuher questioning, she reveals that she has gained 5 kg weight in one month. She has been taking L-thyroxine for hypothyroidism since 10 years and fairly controlled. Recently she was staed on an anti-arrhythmic drug for treatment of his cardiac condition. The symptoms staed after sta of this drug. Most likely anti-arrhythmic drug she was prescribed is?"
156484,"For a child 3-5 months age with H1N1, treatment Oseltamivir dose is"
156606,An 8 year old has 1st molar in a cusp-to-cusp relation. The treatment is:
156885,"A female patient aged 45 years has multiple non-carious lesions and c/o sensitivity. On examination deep cervical abrasions are seen in all posterior teeth. Intra oral sinus is evident w.r.t. 24 & 25. Gingival recession is present in mandibular anterior teeth with gingival inflammation and bleeding on probing.
What is the treatment required for cervical abrasions?"
157053,"A 70-year-old man was administered penicillin intravenously. Within 5 minutes, he developed generalized uicaria, swelling of lips, hypotension and bronchospasm. The first choice of treatment is to administer -"
157104,"A fifty year old male feels uncomfortable in using the lift, being in crowded places and traveling. The most appropriate line of treatment is -"
157324,Risk of malignancy in ulcerative colitis is more in -a) Onset in childhoodb) Extensive involvement of colonc) Disrupted architecture with crypt abscessesd) Pseudopolypse) Recurrence after treatment
157375,A 30 year old male presents with pain on the right flank and hematuria . A CECT abdomen reveals a large 8x8 cm sized solid mass in the right kidney and 3x3 cm solid mass occupying the upper pole of left kidney . The most appropriate surgical treatment for this pt is ?
157599,A patient on antitubercular treatment shows sputum positivity at the end of intensive phase under category I. Next step would be : March 2009
157702,What is the ideal treatment for a 55-years female with Simple hyperplasia of endometrium with Atypia :
157850,A child was born with deformity of foot. The foot is severely internally rotated and inveed that the sole faces superiorly. The treatment of this deformity should begin:
157947,"A 62 year male from Texas who was on antipsychotic treatment was brought to the hospital with history of having taken overdose, He was complaining of dry mouth, blurring of vision and mydriasis. He has not passed urine for 14 hours now. The bladder is palpable, the medication could be:"
158179,"A 8 year old boy presented with swelling in the left eye of 3 months duration, examination revealed proptosis of left eye with preserved vision. Right eye is normal.CT scan revealed intraorbital extra conal mass lesion.Biopsy revealed embryonal rhabdomyosarcoma.Metastatic work up was normal.The standard line of treatment is:"
158314,"A 28 year old lady was admitted to the psychiatric ward after she had ran out of the house removing her clothes. She complained of feeling depressed but was speaking very fast. She did not let the resident doctor complete his questions. She was hyperactive, distractable and often confronted people on the ward. She complained about not being able to sleep and was low in mood despite being on an antidepressant. Which of the following is the most appropriate treatment for her condition?"
158424,"A 30 week pregnant woman comes to you for antenatal check up. She complains of mild dyspnea and palpitation. On examination pedal edema is present, ejection systolic murmur is present, ECG shows sinus tachycardia, left axis detion, occasional premature ventricular beat. ECHO - Small pleural effusion and mild MR. No other relevant findings are present. What is the next line of treatment?"
158644,"A 22-year-old woman develops an acute contact dermatitis to a household-cleaning agent. Which of the following treatments is most appropriate during the bullous, oozing stage?"
158727,"A 35-year old female presented with a swelling in the neck for the past 2 months, she had the treatment for Hodgkin’s lymphoma when she was 22 years with irradiation. On examination, her vitals were normal, there was a single, firm, irregular nodule, moving with deglutition in the left side of midline. Clinical examination also revealed a single node in the left side of the neck. The most likely clinical diagnosis of this condition is:"
158808,"A 35 years old female presented with acne. She was treated for her acne but after the treatment, she developed pigmentation. Which drug is responsible for hyperpigmentation?"
158878,"A patient diagnosed as having ventilator associated pneumonia, is on treatment with ceftriaxone and amikacin. Culture and sensitivity turned out to be positive for ESBL producing Klebsiella infection. The most appropriate next action should be:"
158942,"A child presents with hypovolemic shock, anuria and respiratory acidosis, treatment is:"
158967,A 25-year-old woman complains of intermittent vague right upper quadrant (RUQ) pain. She has been on oral contraceptive tablets for 6 years. A CT scan of her abdomen shows multiple low-density solid masses occupying the entire right lobe of her liver as well as most of the left lobe. What is the best treatment for this patient?
159044,A 28-year-old man presents to the clinic for evaluation of painful urination and cloudy-color penile discharge. The symptoms started 2 days ago and are not associated with any other symptoms. His past medical history is not significant and he is not on any medications.His physical examination is completely normal except for a purulent discharge that can be expressed from his penis. A swab of the fluid reveals Gram-negative diplococci within neutrophils. Which of the following is the most appropriate treatment?
159239,Most common mode of treatment of a 1 year child with asthma is:
159295,"82-year-old man, with congestive hea failure and a creatinine clearance (CrCl) of 17 mL/min needs a diuretic for treatment of peripheral edema. Which of the following diuretics would be most appropriate in this patient?"
159476,"A patient with psoriasis was started on systemic steroids. After stopping treatment, the patient developed generalized pustules all over the body. The cause is most likely to be –"
159501,A 25 year old Female complains of discharge of blood from a single duct in her breast. The most appropriate treatment is :
159519,"A 75-year-old woman presented with an enlarging lesion on the upper back of 3 years' duration. She had multiple co-morbidities. On examination, there was a 4-cm diameter erythematous, shiny plaque. A punch biopsy showed superficial basal cell carcinoma. It was decided to treat her with imiquimod. What is the recommended treatment regimen?"
159530,"A 16year old boy presents with symptoms similar to parkinsonism, on examination found to have dytonia and had no abnormalities on FD-PET scan, had clinical response to treatment with levodopa. What is the likely diagnosis?"
159579,"In a patient of 8 years having history of trauma at the age of 5 years. The TMJ gets ankylosed, what should be treatment"
159851,"A 7-year-old boy presented with fracture of left
sub condylar region with occlusion undisturbed, the treatment would be"
159940,Which of the following will be your treatment of choice for squamous cell carcinoma of anal canal in a 46 year old healthy man who does not require a colostomy?
159997,45 year old alcoholic male came for deaddiction treatment. He has alcohol induced hepatitis with other blood parameters within normal limits. The drug that has to be given for the above patient for relapse prevention is
160087,"A patient suffering from AIDS is on Zidovudine, Lamivudine, Indinavir therapy, He develops pulmonary tuberculosis for which treatment is staed. Which of the following should be avoided in him"
160191,"The use of hyperimmune sera such as hepatitis B immune globulin, rabies immunoglobulin, and human tetanus immune globulin for prophylaxis or treatment is an example of what process?"
160291,A 28 year old female with infiltrating Breast carcinoma with 1 cm hard lump. T1-N0-M0. Best treatment is?
160363,"A boy with ASOM undrgoing treatment with penicillin therapy for 7 days now presents with subsidence of pain and persistence of deafness, diagnosis is -"
160588,Initial fluid of choice in treatment of hypovolemia in patients presenting after trauma is -
160622,"A 43-year-old woman develops acute renal failure following an emergency resection of a leaking abdominal aoic aneurysm. One week after surgery, the following laboratory values are obtained: Serum electrolytes (mEq/L): Na + 127, K+ 5.9, Cl - 92, HCO3 - 15 Blood urea nitrogen: 82 mg/dL Serum creatinine: 6.7 mg/dL The patient has gained 4 kg since surgery and is mildly dyspneic at rest. Eight hours after these values are repoed, the following electrocardiogram is obtained. Which of the following is the most appropriate initial treatment in the management of this patient?"
160672,Pringle maneuver may be required for treatment of
160726,A patient with Crohn's disease was opened for and an inflammed appendix found. The treatment of choice is-
160751,A teenage girl presented in OPD with moderate acne and history of irregular menses. What treatment will you give?
160832,An infant presents to OPD with a history of vomiting and poor feeding. Musty odor is present in baby's urine. Guthrie test was done and found to be positive. Which of the following is not a treatment modality for this patient?
161013,"A patient is brought to the casualty in the state of altered sensorium. He was on lithium treatment for affective disorder and has suffered through an attack of epileptic fits. On examination he has worsening tremors, increased DTR's and incontinence of urine. He has also undergone an episode of severe gastroenteritis 2 days ago. The probable cause for his present state is:"
161043,A young nulliparous woman has 3rd degree uterovaginal prolapse without any cystocele or rectocele. There is no stress incontinence. Uterocervical length is 3 inches. All other symptoms are normal. The best treatment plan for her will be :
161079,In a patient with compensated liver cirrhosis presented with history of variceal bleed. The treatment of choice in this patient is
161296,"A 40 years old female presented with agitated depression, attempted to suicide, feeling of guilt The First line of treatment includes"
161298,A 28-year-old male complains of glare in both eyes. The cornea shows whorl like opacities of the epithelium. He also gave a history of long term treatment with amiodarone. The most likely diagnosis is:
161313,The current treatment of antrochoanal polyp in a 30-year-old man is:
161533,"In TRIAGE system for disaster management, which of the following color code denotes ""high priority treatment and/or transfer"""
161572,During the treatment with rifampicin some patients will have mild elevation in the bilirubin with normal transaminases.This is due to:
161638,A 45 year old female is diagnosed as a case of pneumococcal meningitis.Her blood sample were sent for culture sensitivity. In the mean time best drug to sta as an empirical treatment is
161646,"Mrs Reeta Wardhan, a 50 year old female with rheumatoid ahritis is being considered for infliximab therapy. Which of the following test should be performed before beginning treatment"
161680,A patient with severe shoulder pain resulting from inflammation is not responding to treatment with naproxen. You staed a course of treatment with oral dexamethasone. What is the basis that the glucocoicoid will be more effective as an anti-inflammatory agent
161790,A mother brought her child with glue ear. Child had otitis media two weeks before. What is the treatment of choice for glue ear?
161873,A clinical study is undertaken with subjects from families in which complications of atherosclerotic cardiovascular disease and tendinous xanthomas occurred before age 30 years. Some of the children in these families are observed to have early atheroma formation. These affected individuals benefit from treatment with pharmacologic agents that inhibit HMG-CoA reductase. Affected individuals in these families are most likely to have a mutation in a gene encoding a cell surface receptor for which of the following?
161916,"A young patient presented with blood pressure of 190/120 mm of Hg without any clinical symptom and fundus examination is normal, treatment of choice"
162242,"A lady presented with recurrent attacks of giddiness and abdominal pain since three months. Endoscopy was normal. Her fasting blood glucose was 40mg% and insulin levels were elevated. CT abdomen showed a well defined 8 mm enhancing lesion is the hrad of pancreas, with no other abnormal findings. What should be the treatment plan for this patient."
162248,"Under the revised National Tuberculosis Control Programme, schedule of treatment for category I patients is -"
162553,"A 45 year old diabetic patient has immunosuppressed with uncontrolled diabetes mellitus. The lesions are locally destructive and have eroded into the eye, palate, and central nervous system, often from an initial site in the sinuses. The organism can be difficult to culture. The appropriate treatment is:"
162584,"A 14 year old boy present with headache, fever and cought for 2 days. Sputum is scant and non-purulent and gram stain reveals many whit cells but no organisms. The treatment should be initiated with:"
162684,Select the best initial treatment for a patient with Behcet syndrome and ocular involvement
162696,"A young female patient reports to the dental office with complaint of small gaps between her teeth

Shade selection for such a treatment should be carried out under the"
162980,"For partially edentulous patients, the best treatment option is?"
163068,Your patient on infeility treatment comes to you for consultation. She feels that the uterine myoma may be responsible for her decreased feility. Which of the following is NOT a mechanism for decreased feility in patients with uterine myoma?
163248,"A 24 year old unmarried woman has multiple nodular, cystic, pustular and comedonicus lesions on face, upper back and shoulders for 2 years. The drug of choice for her treatment:"
163270,"A 72-year-old man has multiple injuries and an altered sensorium after a high-speed motor vehicle collision. He is intubated for his decreased mental status. During intubation, a large amount of gastric contents are noted in the posterior pharynx and he aspirates. Which of the following is the appropriate initial treatment?"
163311,"A six-year-old child is admitted to the Paediatric ICU for seizures. He has been on treatment with Tacrolimus and Prednisolone. On investigations his blood urea is 68 mg/dl, Serum Sodium is 136 meq/l likely cause of his seizures –"
163455,"A 25-year-old man presents to the emergency room with several red, swollen, tender bite wounds on both arms that he stated occurred yesterday when he rescued his dog from a dogfight involving three other dogs, whose owner(s) is unknown. His right wrist and left elbow are also swollen and there is axillary lymphadenopathy on the left side. Gram stain of purulent material from the worst wound shows small gram-negative pleomorphic coccobacilli. The patient reports his last tetanus vaccination was 2 years ago. In addition to antibiotics, which of the following should be included in this patient's treatment?"
164213,An 18 year old girl presents with predominantly comedonal acne. First line of treatment will be -
164624,A patient came to the casualty with acute bronchial asthma after treatment for glaucoma. The probable drug may be:
164666,A 10-year-old child presents with diarrhea and abdominal pain since 4 days. Stool microscopy was done and is shown below. Which of the following can be used for the treatment?
164725,A primigravida in the first trimester of pregnancy was found to be sputum positive for acid fast bacilli. There is no prior history of tuberculosis. What is the treatment of choice for this patient?
164878,"A 52-year-old male with toxic adenoma, treatment of choice is -"
164882,Which of the following radioisotopes is commonly used as a source for external beam radiotherapy in the treatment of cancer patients
164901,"A 50-year old male, working as a hotel cook, has four dependent family members. He has been diagnosed with an early stage squamous cell cancer of anal canal. He has more than 60% chances of cure. The best treatment option is:"
165019,"A-7 year child presenting with acute otitis media, does not respond to ampicillin. Examination reveals full and bulging tympanic membrane, the treatment of choice is -"
165022,"When bleeding doesn't stop on applying pressure and patient having intermittent pain too, what should be the treatment taken into consideration?"
165112,"A patient with Renal cell carcinoma is on treatment with Erythropoetin. Erythropoetin use may be associated with all of the following, except:"
165129,3 year old male patient comes with complaints of only one testis in the scrotum. On examination right testis is felt at inguinal canal. What is the preferred treatment
165153,"A boy 10-year-old, fractured his central incisor 1 ½ year
back. His pulp test is negative. What is the treatment:"
165220,A 80 years old male presented with lung abscess in left upper zone. Best treatment modality is -
165374,"Complicated crown fracture occur in a patient of age 8 years. Within 12 hours of accident, they reported to the dentist. What could be the line of treatment?"
165609,A 25-year-old male presented with high-grade fever &hypotension Hb - 5 g% Tc - 9000/mm3 DC- P2 L96 E2 treatment should include all except?
165629,"A patient is diagnosed with TB meningitis and is started on antituberculosis treatment. Because the facial weakness persists despite starting on ATT, the physician decides to administer high dose steroids. Within one week of introducing prednisolone, the patient develops pain radiating down the back of his right leg and difficulty dorsiflexing the right foot. This is due to"
165740,A patient presented with a 1X1.5 cms growth on the lateral border of the tongue. The treatment indicated would be:-
165851,"A 30-year-old male patient came to emergency depament with chief complaint of painful skin rash. Antivirals and analgesics were prescribed but there was no improvement in the symptoms of the patient. Viral strains, therefore isolated and were found to lack viral phosphorylating enzymes. Which of the following drug is most likely to be effective in treatment of this condition?"
165961,"A 55 yr old male, with uncontrolled diabetes mellitus and hypeension, developed severe airborne contact dermatitis. The most appropriate drug for his treatment would be:"
166002,A 32-year-old patient with Restless leg syndrome comes to the OPD. What is the most appropriate first line treatment?
166120,"Ovarian cyst in post paum patient, treatment is :"
166491,Spironolactone is used in the treatment of patients with Conn's syndrome. Which of the following is the MOST impoant adverse reaction of spironolactone therapy?
166789,A patient presented with shock and suspecting it due to hypoglycemia. The treatment should be based on-
167197,"A 30-year-old female patient complains that she has been weak and easily fatigued over the past 6 months. She has a 3-month acute history of severe hypertension that has required treatment with antihypertensive medications. She has recently gained 4.5 kg (10 lb) and currently weighs 75 kg (165 lb). Her blood pressure is 170/100 mm Hg. Purple striae are seen over the abdomen on physical examination and she possesses a ""buffalo hump."" Fasting serum glucose concentration is 140 mg/dl. A CT scan of the abdomen shows a 6-cm mass immediately posterior to the inferior vena cava. Which of the following organs is the most likely origin of the mass?"
167272,"A patient comes in stupor condition patient's parents give history of being continually sad and suicidal attempts, not eating and sleeping most of the time. The treatment is -"
167434,"29 years female, G2 P1A1 with 16 weeks amenorrhoea, lower abdominal pain and vaginal bleeding, ultrasonography shows snow storm appearance. What is the most feasible method of treatment-"
167485,"A 26-years women presents with a palpable thyroid nodule, and needle biopsy demonstrates amyloid in the stroma of the lesion. A cervical lymph node is palpable on the same side as the lesion. The preferred treatment should be:"
167583,A 40 year old female with history of myasthenia gravis on treatment with azathioprine presents with ahritis involving knee joint and serum uric acid is 12mg% . which of the following is best drug for lowering uricacid in this patient?
168058,"The treatment of a patient with myocardial infarction is thrombolytic therapy, if the patient presents within ---- hours of Chest pain -"
168126,"A 40 years old female patient attends the OG department with swelling of legs for past one day. There is no history of fever. 2 years back she had a metastatic breast adenocarcinoma which was treated with paclitaxel and radiotherapy. Blood pressure 120/76 mmHg, Pulse rate 84/min, temperature 37.6 C, Respiratory rate 16/ min. Saturation was 99% in room air. There was warmth and tenderness over the left leg and left thigh. Auscultation of lungs revealed clear fields. Urine pregnancy test was negative. CT chest was normal. USG of left leg revealed thrombus in the superficial femoral vein. The most appropriate treatment is"
168229,"A 40-year-old man, Vibhu presents with pulmonary lesions seen on chest CT scan. He has a history of melanoma which was treated with wide local excision with negative margins and lymph node dissection. Biopsy of these pulmonary lesions proves to be metastatic melanoma. General condition of the patient is good & there is no evidence of recurrence or extrathoracic disease. What is the most appropriate treatment for this patient?"
168243,A 40 year old patient it comes with right upper quadrant pain from last 48 hours. Ultrasound reveals calculous cholecystitis. What is the preferred treatment
168255,According to Pikham pediatric Dentistry what is the treatment in a child having laterally luxated teeth which are not in occlusion:
168342,All of the following drugs useful in the treatment of a patient with acute bronchial asthma except
168450,A 30-year-old male presents with pain on the right flank and hematuria. A CECT abdomen reveals a large 8 x 8 cm sized solid mass in the right kidney and 3 x 3 cm solid mass occupying the upper pole of the left kidney. The most appropriate surgical treatment for this pt is -
168475,A 12 years old female is admitted as a patient of dysgerminoma of right ovary 4 x 5 cm in size with intact capsule. Best treatment will be :
168519,"A 41 year old male patient presented with recurrent episodes of bloody diarrhea & mucus for 5 years. Despite regular treatment with adequate doses of sulfasalazine, he has had several exacerbations of his disease and required several weeks of steroids for the control for flares. What should be the next line of treatment for him?"
168588,"An 34 year old male HIV patient on c-A presents with seizures, unilateral facial nerve palsy. CT scan shows ring enhancement lesion. Best treatment is:"
168764,"A girl aged 8 years has been admitted for dialysis. Her serum potassium level is 7.5 meq/1, which of the following treatment modality is the fastest way to reduce her hyperkalemia?"
168832,A 27 year old man presents with a left testicular tumor with a 10 cm retroperitoneal lymph node mass. Which of the following is the treatment of choice?
168897,"Over the past several weeks, a 2-year-old girl has exhibited developmental regression, abnormal sleep patterns, anorexia, irritability, and decreased activity. These symptoms have progressed to acute encephalopathy with vomiting, ataxia, and variable consciousness. The family recently moved, and they are in the process of restoring the interior of their home. For the most likely toxic substance involved in the cases above, select the appropriate treatment"
169093,A patient using contact lens develops corneal infection. Laboratory diagnosis of acanthamoeba keratitis was established.The following is the best drug for treatment-
169186,"A 32-year-old man comes to physician complaining of excessive sleepiness for the past several months. He repos falling asleep while dealing with customers, had an almost accident when he fell asleep while driving The patient repos that he occasionally hears voices while falling asleep and finds himself ""temporarily frozen"" and unable to move on awakening.Which of the following is the most appropriate treatment for this patient?"
169401,Most common mode of treatment of a 1 year old child with asthma is:
169407,"A male 45 years old presents to the dental clinic with pain in lower back tooth region. Intraoral examination reveals carious 36. Root canal treatment done and zirconia crown has to be placed. Dentist makes an impression with polysulfide impression material.
All of the following are the disadvantages of this material except?"
169586,"A patient has a functional shift towards right due to
cross bite, the indicated treatment is"
169629,A 30 year old primipara in labor with transverse lie treatment of choice is
169725,"Term gestation patient with critical aortic stenosis presents to the labor, and her cervix  is 6cm dilated. Your approach in treatment of patient includes all except"
169777,A 48-years-old female suffering from severe menorrhagia (DUB) underwent hysterectomy. She wishes to take hormone replacement therapy. Physical examination and breast are normal but X-ray shows osteoporosis. The treatment of choice is:
169852,Which of the following drugs can be used for the treatment of chloroquine resistant malaria in children?
169958,A patient presents with malignant hypehermia and metabolic acidosis. Immediate treatment should be staed with:
170064,"A 22-year-old woman consults you for treatment of hirsutism. She is obese and has facial acne and hirsutism on her face and periareolar regions and a male escutcheon. Serum LH level is 35 mIU/mL and FSH is 9 mIU/mL. Androstenedione and testosterone levels are mildly elevated, but serum DHAS is normal. The patient does not wish to conceive at this time. Which of the following single agents is the most appropriate treatment of her condition?"
170336,"A patient who was initially smear positive, who began the treatment and who remained or became smear positive again at five months or later during the course of treatment is called as"
170381,Which of the following radioisotopes is commonly used as a source for external beam radiotherapy in the treatment of cancer patients?
170385,Aspirin is contraindicated in a patient who is on treatment with:
170478,A 42 year old female P3 + 0 + 0 + 3 is found to have carcinoma in situ. Best treatment would be:
170605,Amphotericin B treatment mandates the monitoring of which of the following electrolytes -
170611,A man with diabetes insipidus has a glomerular filtration of 155 L/day. Which range most likely represents the upper limit for urine flow rate in this individual if he were not receiving treatment but had free access to water?
170819,"A 66-year-old woman presents with a 6-month history of scaling and abnormal pigmentation of the skin. Her past medical history is significant for the treatment of thyroid cancer 1 year ago. Biopsy of lesional skin shows atrophy of the epidermis and dense fibrosis of the dermis, which displays dilated superficial blood vessels. These pathologic findings are most likely caused by previous exposure to which of the following?"
170987,All are predictors of 5 day treatment failure in cirrhotic patients with variceal bleeding Except?
171104,"A patient with necrotizing pancreatitis undergoes CT guided aspiration, which results in growth of E-coli on culture. The most appropriate treatment is:"
171124,"A 30 yrs woman 2+0, hypeension have menorrhagia. Which is best treatment for her aEUR'"
171360,"In a clinical trial, blood pressure was measured in a group of patients before and after treatment, which of the following tests will be suitable as a test of significance:"
171383,"A 28-year-old G1P0 at 32 weeks gestation present with itchy, erythematous papules on the extensor surfaces and trunk. . No history of fever or use of new creams or lotion was given. What is first line treatment for this condition?"
171441,A patient presenting with painful Myositis Ossificans around Elbow. What should be the preferred treatment option in this case?
171509,"For a 8 year old child with TMJ ankylosis, the treatment of choice is"
171696,Propranolol should not be given to a patient on treatment with which of the following drug ?
171729,A 42 year old female patient has abnormal uterine bleeding with mild atypical hyperplasia of endometrium. The treatment of choice is :
172010,A patient who underwent surgery for stage IA grade 3 Ca endometrium was brought to you for postoperative adjuvant therapy. What is the preferred mode of treatment in the above mentioned case?
172073,A patient presents with acute anterior wall infarction and hypotension. Which will be the immediate treatment modality for this patient?
172180,"If patient is on follow up with you, after a enucleating of an painful blind eye. After you enucleating the eyeball, a proper sized aificial prosthetic why is advanced after an post operative treatment"
172365,What is the treatment of choice for myoclonic epilepsy in children -
172467,"A 20-year-old female presented with complaints of nausea, vomiting and pain in the legs. Her physical examination and lab investigations are normal. Still she persistently request for investigations and treatment despite repeated assurance by her doctor. What would be the most probable diagnosis: September 2012"
172638,"Treatment of supraventricular tachycardia with hypotension in a patient under general anaesthesia, inludes all of the following treatments, EXCEPT:"
172832,A male 45 year old presents to the clinic for routine checkup. He is a known case of hypertension and is under treatment. The clinician advises him to have a balanced diet involving which of the following fatty acids?
172848,"A 17 year old girl had been taking a drug for treatment of acne for the last 2 years, which has lead to pigmentation. Which drug could it be?"
172859,Which type of gout is seen in a patient who is on treatment of CML?
173144,"A 40-year-old primiparous woman suspected to be suffering from endometriosis is subjected to diagnostic laparoscopy. Findings indicate - uterus normal, both the ovaries show presence of chocolate cysts; endometriotic deposits are seen on the round ligament right side, both the fallopian tubes and the pouch of Douglas; moderately dense adhesions are present between the fallopian tubes and the pouch of Douglas. The treatment of choice in this case is"
173491,A 41 year old obese female patient comes with acute abdominal pain in the right hypogastrium. USG examination shows a stone in the common bile duct. Which is the treatment of choice for stone in CBD?
173533,A patient using a contact lens develops a corneal infection. Laboratory diagnosis of acanthamoeba keratitis was established. The following is the best drug for treatment –
174032,Apexification is the treatment of choice for a permanent tooth with wide open apex when:
174086,"A patient, Rama was diagnosed to be having febrile convulsions in the paediatric emergency. Which of the following can be used for the treatment of this patient?"
174297,"A 20-year-old woman presents with a 4-week history of dry mouth, fatigue, fever, and yellow sclerae. Physical examination shows mild jaundice and hepatomegaly Serum total bilirubin is 3.3 mg/dL. Serologic markers for viral hepatitis are negative. The anti-mitochondrial antibody test is negative. A liver biopsy discloses parenchymal and periportal inflammatory cell infiltrates composed primarily of lymphocytes and plasma cells. The patient's signs and symptoms abate following 2 months of treatment with steroids. Which of the following is the most likely diagnosis?"
174426,Which of the following drug is not the first line treatment for anovulatory abnormal uterine bleeding in a 13-year-old girl?
174464,"An 8-month-old infant had stridor with respiratory difficulty which worsened on crying. On examination, laryngoscopy showed a red mass in the subglottic area. All the following are used in the treatment EXCEPT"
174552,A female developed ovarian hyperstimulation syndrome during the treatment of infeility. What is the MOST common cause of ovarian hyperstimulation?
174904,"A patient was treated with haloperidol, later he develops symptoms of Parkinsonism. What is the best treatment:"
175334,First line of treatment of osteoporosis in postmenopausal woman?
175905,"During the treatment of septic shock, a 28-year-old male remains hypotensive despite adequate volume replacement; PA occlusion pressure is 18 mm Hg. When dopamine is staed , ventricular tachycardia develops and this is unresponsive to lidocaine. The V-tach conves back to sinus rhythm once the dopamine is stopped. At this point, which of the following treatments are most appropriate for this hypotensive patient?"
176084,In community acquired pneumonia out patient treatment Is: (PGI June 2007)
176248,Which of the following patient characteristics is a possible reason for the use of celecoxib in the treatment of arthritis ?
176386,A 60 year old male was diagnosed as carcinoma right lung. CECT of the chest shows a tumor of 5x5 cm in upper lobe and another 2x2 cm size tumor nodule in middle lobe. Which of the following is the treatment of choice?
176409,Latest drug used for treatment of MDR TB patients is -
176587,"A 14-year-old boy present with headache, fever, and cough for 2 days. Sputum is scant and non-purulent and gram stain reveals many white cells but no organisms. The treatment should be initiated with :"
176696,"In a patient with multiple bilateral nasal polyps with X-ray showing opacity in the paranasal sinuses. The treatment consists of all of the following, except:"
176951,"A 38-year-old male presented with a suspected diagnosis of suppurate labyrinthitis. A positive Rinne's test and positive fistula test was recorded on initial examination. The patient refused treatment, and returned to the emergency depament after 2 weeks complaining of deafness in the affected ear. On examination, fistula test was observed to be negative. What is the likely expected finding on repeating the Rinne test?"
177043,What is the ideal treatment for a 55-years-female with Simple hyperplasia of the endometrium with Atypia?
177133,A patient presented with a 1 x 1.5 cms growth on the lateral border of the tongue. The treatment indicated would be.
177474,The treatment for a child with cherubism is
177507,"If a new sputum smear positive patient of tuberculosis continues to be smear positive at the end of intensive phase of category I treatment under DOTS, fuher management of this patient would be to -"
177674,A young nulliparous woman has 3rd degree uterovaginal prolapse without any cystocele or rectocele. There is no stress incontinence. Uterocervical length is 3 inches. All other symptoms are normal. The best treatment plan for her will be:
177797,"A 27 year old patient presented with left sided abdominal pain to the emergency room, 6 hours after an A. He was hemodynamically stable and FAST positive. Contrast Enhanced CT (CECT) scan showed grade III splenic laceration. What will be the most appropriate treatment?"
177817,Epley's maneuver is used in the treatment of
177910,"A 58-year-old man with cirrhosis complains of worsening fatigue and confusion over the past 5 days. He also repos that over the past 48 hours he has had a declining urinary output. On examination, he is gaunt and jaundiced. He has tense ascites and a liver span of 7 cm in the midclavicular line. Lab result reveals a WBC 4600/mm3, Hb 9.4 g/dL, and PCB 29%. BUN of 34 mg/dL and a creatinine of 3.1 mg/dL. A urinary Na <10 mEq/L. Most appropriate treatment for his elevated BUN and creatinine?"
177977,"A woman of 45, a known cause of pemphigus vulgaris on a regular treatment with controlled primary disease presented with pain in the right hip and knee. Examination revealed no limb length discrepancy but the patient has tenderness in the scarpa's triangle and limitation of abduction and internal rotation of the right hip joints as compared to the other side. The most probable diagnosis is -"
178160,Patient a known case off alcohol dependence after 12 to 18 hrs of last drink develops seizure for the first time in his life.possible diagnosis is rum fits. treatment for the above patient
178290,A 28-year-old woman patient who is 13 weeks pregnant presents for an antenatal clinic appointment. The patient feels embarrassed when asked to provide a urine sample and produces enough for a urine dipstick test only which is positive for leukocytes and nitrites. The patient denies any symptoms. The most appropriate treatment is:
178308,A 30-year-old woman complains of weakness and fatigability over the past 6 months. She has a 3-month acute history of severe hypertension that has required treatment with antihypertensive medications. Radiographic examination reveals a tumor of her right suprarenal gland. The patient is diagnosed with a pheochromocytoma (tumor of the adrenal medulla) and is scheduled for a laparoscopic adrenalectomy. Which of the following nerve fibers will need to be cut when the adrenal gland and tumor are removed?
178349,"A patient of maniac depressive psychosis is on lithium, clozapine and fluphenazine. During the course of treatment, he developed seizures and tremors. He is drinking water heavily and had recurrent episodes of urination. Which drug is responsible for these complications: March 2012"
178406,"A male 25 years old presents to the dental clinic due to food lodgement in lower back region tooth. He also gives the history of previous dental treatments of other teeth as well. On examination it is revealed that interproximal caries is present between right mandibular molars. The clinician restores the tooth with amalgam.
The carving of the restoration can be done by which of the following ?"
178530,Which of the following is the treatment of choice for Atrial Fibrillation in patients with WPW Syndrome who are hemodynamically unstable:
178693,"A 31 year old female patient complainsts of bilateral impairment of hearing for the 5 year.On examination, tympanic membrane is normal and audiomgram shows a bilateral conductive deafness. Impedance audiometry shows As type of curve and acoustic reflexes are absent. All constitute part of treatment,except -"
178738,"An 8-month old child presented with itchy, exudative lesions on the face, palms and soles. The siblings also have similar complaints. Which of the following is the treatment of choice?"
178800,"A 19 year old boy suffering from chronic schizophrenia is put on haloperidol in the dose of 20 mg/day. A week after the initiation of medication the patient shows restlessness, fidgety, irritability and cannot sit still in one place. The most appropriate treatment strategy is -"
179561,A young patient is diagnosed to have choriocarcinoma the treatment of choice is :
179586,"During a routine checkup, a 50-year-old man is found to have blood in his urine. He is otherwise in excellent health. An abdominal CT scan reveals a 2-cm right renal mass. You inform the patient that staging of this tumor is key to selecting treatment and evaluating prognosis. Which of the following is the most important staging factor for this patient?"
179648,A 63-year-old man undergoes a paial gastrectomy with Billroth II reconstruction for intractable peptic ulcer disease. He presents several months postoperatively with a megaloblastic anemia. Which of the following is the best treatment for this surgical complication?
179702,"After her first urinary tract infection (UTI), a 1-year-old girl has a voiding cystourethrogram with findings shown below. Which of the following is the most appropriate treatment option?"
179859,A hypertensive patient was started on antihypertensive drug. He develops dry cough during the course of the treatment. Which of the following drug is responsible for the following?
179998,Which one of the following is the treatment of choice for a 4cm retroperitoneal lymph node mass in a patient with non seminomatous germ cell tumor of the testis ?
180262,"A patient presents with fever, cough with sputum and weight loss. He has a history of not completing treatment for tuberculosis thrice in the past. XDR-TB is suspected. How is XDR-Tb defined?"
180477,A 5-year-old boy presents with Severe ptosis associated with poor levator function. Which of the following will be the treatment?
180482,Amphotericin B treatment mandates the monitoring of which of the following electrolytes:-
180798,"A young man with pulmonary tuberculosis presents with massive recurrent hemoptysis. For angiographic treatment, which vascular structure should be evaluated first -"
180897,A 40 year old presenting with dizziness on standing with systolic reduction of BP of 50mm Hg;appropriate treatment -a) Graded compression stockingsb) Salbutamolc) Fludrocortisoned) β-blockers
181226,A woman presents with a thick curdy -- white vaginal discharge. The best treatment for her is :
181277,A 45-year-old female is diagnosed as a case of pneumococcal meningitis. Her blood sample were sent for culture sensitivity. In the mean time best drug to start as an empirical treatment is -
181296,"A patient on treatment for leukemia, develops chest pain, pulmonary infiltrates and pleural effusion. The likely cause is :"
181310,68-year-old male with hypeension presents for annual examination. On review of systems he repos urinary hesitancy and nocturia. Your examination reveals a nontender but enlarged prostate without nodules. On review of his blood pressure logs and clinic readings he is averaging values of 150/80 mm Hg. Wof medication offer treatment of HTN and prostatic symptoms
181357,"Which is a glycoprotein, produced by many mammalian cells, and used in the treatment of hepatitis, papillomaviruses, hairy-cell leukemia and AIDS-related Kaposi's sarcoma?"
181392,A 30 year old male presents with history of abnormal excessive blinking and grunting sounds. He has no control of these symptoms which have increased in frequency. Which of the following medications can be used for treatment of this person?
181523,A female having carcinoma cervix stage IIIb. What is the treatment:-
181692,"A patient was on treatment with penicillin. He developed pallor but there was no shoness of breath, uicaria or wheezing. On investigation, antibodies against penicillin were found in his blood. What is the type of hypersensitivity reaction that most likely occurred in this patient?"
181748,"A 10 years boy presented with sensory neural deafness not benefited with hearing aid, Next treatment is"
181861,A 26 year old female patient complains of discoloured teeth. Intra-oral examination reveals generalized intrinsic tetracycline stains. Which of the following is an effective and esthetic treatment in this case?
181912,Kostmann's syndrome–treatment is –
181926,"A female developing haemarrhagic cystitis, with following -- treatment"
181984,"A 59 yr old man with severe myxomatous mitral regurgitation is asymptomatic,wi wia left ventricular ejection fraction of 45% and an endsystollic diameter index of 2.9cm/m2 . The most appropriate treatment is"
182010,A patient presented with vomiting and ataxia. There were oxalate crystals in the urine. The patient was given ethanol and 4 methyl pyrazole for treatment. The likely diagnosis of the patient was?
182045,"A 24-year old woman notices increasing shortness of breath after recent treatment for right lower lobe pneumonia. She has no fever, cough, or sputum production. On examination, the pertinent findings are decreased fremitus, dullness on percussion, and absent breath sounds of the right lower lung. In addition, the trachea has shifted to the left.For the above patient with abnormal pulmonary physical findings, select the most likely diagnosis."
182192,"A male 25 years old presents to the dental clinic with a black spot. He also gives the history of previous dental treatments of other teeth as well and wants gold to be filled in his tooth. On examination, it is revealed that 16 no. tooth has pit and fissure caries. Which preparation is used for retention in this restoration?"
182402,A female with genital herpes simplex is being treated in the outpatient depament. The doctor teaches her about measures that may prevent herpes recurrences and emphasizes the need for prompt treatment if complications arise. Genital herpes simplex increases the risk of:
182433,"A 4-month-old infant has undergone surgical treatment for meningo myelo encephalocele. A CT tomogram of head was made immediately after birth (see Figure below). At birth, an operation was carried out in the posterior cranial fossa to partially replace brain cerebellar contents to an intracranial position. In investigations for progressive hydrocephalus, it is noted that there is herniation of the cerebellar tonsils through the foramen magnum, and a diagnosis of Arnold-Chiari syndrome is established. This syndrome may also include which of the following?Tomogram from CT head taken 4 months previously (immediately after birth). Opening in the posterior cranial fossa showing brain and meninges protruding into sac (axial view)."
182809,"A patient with psoriasis was staed on systemic steroids. After stopping the treatment, the patient developed generalized pustules all over the body.The cause is most likely to be -"
